# Magic mushroom bottle POC1 · units match shared GI casing
mtllib Magic_Mushroom.mtl
o Magic_Mushroom_Bottle_Content
v -0.1648456 -24.6000000 0.0000000
v 1.4598824 -24.4597059 0.0000000
v 1.4460797 -24.4597059 0.1853180
v 1.4049077 -24.4597059 0.3674652
v 1.3370710 -24.4597059 0.5433249
v 1.2437302 -24.4597059 0.7098882
v 1.1264823 -24.4597059 0.8643052
v 0.9873337 -24.4597059 1.0039336
v 0.8286650 -24.4597059 1.1263844
v 0.6531912 -24.4597059 1.2295625
v 0.4639148 -24.4597059 1.3117024
v 0.2640741 -24.4597059 1.3713988
v 0.0570887 -24.4597059 1.4076301
v -0.1534999 -24.4597059 1.4197765
v -0.3640886 -24.4597059 1.4076301
v -0.5710740 -24.4597059 1.3713988
v -0.7709146 -24.4597059 1.3117024
v -0.9601911 -24.4597059 1.2295625
v -1.1356649 -24.4597059 1.1263844
v -1.2943335 -24.4597059 1.0039336
v -1.4334822 -24.4597059 0.8643052
v -1.5507300 -24.4597059 0.7098882
v -1.6440709 -24.4597059 0.5433249
v -1.7119076 -24.4597059 0.3674652
v -1.7530796 -24.4597059 0.1853180
v -1.7668823 -24.4597059 0.0000000
v -1.7530796 -24.4597059 -0.1853180
v -1.7119076 -24.4597059 -0.3674652
v -1.6440709 -24.4597059 -0.5433249
v -1.5507300 -24.4597059 -0.7098882
v -1.4334822 -24.4597059 -0.8643052
v -1.2943335 -24.4597059 -1.0039336
v -1.1356649 -24.4597059 -1.1263844
v -0.9601911 -24.4597059 -1.2295625
v -0.7709146 -24.4597059 -1.3117024
v -0.5710740 -24.4597059 -1.3713988
v -0.3640886 -24.4597059 -1.4076301
v -0.1534999 -24.4597059 -1.4197765
v 0.0570887 -24.4597059 -1.4076301
v 0.2640741 -24.4597059 -1.3713988
v 0.4639148 -24.4597059 -1.3117024
v 0.6531912 -24.4597059 -1.2295625
v 0.8286650 -24.4597059 -1.1263844
v 0.9873337 -24.4597059 -1.0039336
v 1.1264823 -24.4597059 -0.8643052
v 1.2437302 -24.4597059 -0.7098882
v 1.3370710 -24.4597059 -0.5433249
v 1.4049077 -24.4597059 -0.3674652
v 1.4460797 -24.4597059 -0.1853180
v 1.9718514 -23.2070798 0.0000000
v 1.9545336 -23.2070798 0.2325116
v 1.9028767 -23.2070798 0.4610449
v 1.8177645 -23.2070798 0.6816895
v 1.7006532 -23.2070798 0.8906703
v 1.5535467 -23.2070798 1.0844114
v 1.3789621 -23.2070798 1.2595980
v 1.1798864 -23.2070798 1.4132325
v 0.9597260 -23.2070798 1.5426862
v 0.7222479 -23.2070798 1.6457441
v 0.4715153 -23.2070798 1.7206429
v 0.2118184 -23.2070798 1.7661010
v -0.0523993 -23.2070798 1.7813406
v -0.3166170 -23.2070798 1.7661010
v -0.5763139 -23.2070798 1.7206429
v -0.8270465 -23.2070798 1.6457441
v -1.0645246 -23.2070798 1.5426862
v -1.2846850 -23.2070798 1.4132325
v -1.4837607 -23.2070798 1.2595980
v -1.6583453 -23.2070798 1.0844114
v -1.8054518 -23.2070798 0.8906703
v -1.9225630 -23.2070798 0.6816895
v -2.0076753 -23.2070798 0.4610449
v -2.0593322 -23.2070798 0.2325116
v -2.0766499 -23.2070798 0.0000000
v -2.0593322 -23.2070798 -0.2325116
v -2.0076753 -23.2070798 -0.4610449
v -1.9225630 -23.2070798 -0.6816895
v -1.8054518 -23.2070798 -0.8906703
v -1.6583453 -23.2070798 -1.0844114
v -1.4837607 -23.2070798 -1.2595980
v -1.2846850 -23.2070798 -1.4132325
v -1.0645246 -23.2070798 -1.5426862
v -0.8270465 -23.2070798 -1.6457441
v -0.5763139 -23.2070798 -1.7206429
v -0.3166170 -23.2070798 -1.7661010
v -0.0523993 -23.2070798 -1.7813406
v 0.2118184 -23.2070798 -1.7661010
v 0.4715153 -23.2070798 -1.7206429
v 0.7222479 -23.2070798 -1.6457441
v 0.9597260 -23.2070798 -1.5426862
v 1.1798864 -23.2070798 -1.4132325
v 1.3789621 -23.2070798 -1.2595980
v 1.5535467 -23.2070798 -1.0844114
v 1.7006532 -23.2070798 -0.8906703
v 1.8177645 -23.2070798 -0.6816895
v 1.9028767 -23.2070798 -0.4610449
v 1.9545336 -23.2070798 -0.2325116
v 1.8848368 -21.9544538 0.0000000
v 1.8691201 -21.9544538 0.2110159
v 1.8222389 -21.9544538 0.4184213
v 1.7449952 -21.9544538 0.6186674
v 1.6387109 -21.9544538 0.8083279
v 1.5052044 -21.9544538 0.9841577
v 1.3467601 -21.9544538 1.1431483
v 1.1660890 -21.9544538 1.2825793
v 0.9662824 -21.9544538 1.4000650
v 0.7507591 -21.9544538 1.4935952
v 0.5232067 -21.9544538 1.5615696
v 0.2875188 -21.9544538 1.6028251
v 0.0477279 -21.9544538 1.6166558
v -0.1920629 -21.9544538 1.6028251
v -0.4277508 -21.9544538 1.5615696
v -0.6553032 -21.9544538 1.4935952
v -0.8708265 -21.9544538 1.4000650
v -1.0706331 -21.9544538 1.2825793
v -1.2513042 -21.9544538 1.1431483
v -1.4097485 -21.9544538 0.9841577
v -1.5432550 -21.9544538 0.8083279
v -1.6495393 -21.9544538 0.6186674
v -1.7267830 -21.9544538 0.4184213
v -1.7736642 -21.9544538 0.2110159
v -1.7893809 -21.9544538 0.0000000
v -1.7736642 -21.9544538 -0.2110159
v -1.7267830 -21.9544538 -0.4184213
v -1.6495393 -21.9544538 -0.6186674
v -1.5432550 -21.9544538 -0.8083279
v -1.4097485 -21.9544538 -0.9841577
v -1.2513042 -21.9544538 -1.1431483
v -1.0706331 -21.9544538 -1.2825793
v -0.8708265 -21.9544538 -1.4000650
v -0.6553032 -21.9544538 -1.4935952
v -0.4277508 -21.9544538 -1.5615696
v -0.1920629 -21.9544538 -1.6028251
v 0.0477279 -21.9544538 -1.6166558
v 0.2875188 -21.9544538 -1.6028251
v 0.5232067 -21.9544538 -1.5615696
v 0.7507591 -21.9544538 -1.4935952
v 0.9662824 -21.9544538 -1.4000650
v 1.1660890 -21.9544538 -1.2825793
v 1.3467601 -21.9544538 -1.1431483
v 1.5052044 -21.9544538 -0.9841577
v 1.6387109 -21.9544538 -0.8083279
v 1.7449952 -21.9544538 -0.6186674
v 1.8222389 -21.9544538 -0.4184213
v 1.8691201 -21.9544538 -0.2110159
v 1.9071678 -20.7018277 0.0000000
v 1.8921010 -20.7018277 0.2022893
v 1.8471586 -20.7018277 0.4011173
v 1.7731094 -20.7018277 0.5930821
v 1.6712205 -20.7018277 0.7748991
v 1.5432352 -20.7018277 0.9434574
v 1.3913435 -20.7018277 1.0958729
v 1.2181441 -20.7018277 1.2295376
v 1.0266006 -20.7018277 1.3421647
v 0.8199903 -20.7018277 1.4318269
v 0.6018485 -20.7018277 1.4969902
v 0.3759076 -20.7018277 1.5365395
v 0.1460334 -20.7018277 1.5497983
v -0.0838408 -20.7018277 1.5365395
v -0.3097817 -20.7018277 1.4969902
v -0.5279236 -20.7018277 1.4318269
v -0.7345338 -20.7018277 1.3421647
v -0.9260773 -20.7018277 1.2295376
v -1.0992767 -20.7018277 1.0958729
v -1.2511685 -20.7018277 0.9434574
v -1.3791537 -20.7018277 0.7748991
v -1.4810426 -20.7018277 0.5930821
v -1.5550918 -20.7018277 0.4011173
v -1.6000343 -20.7018277 0.2022893
v -1.6151010 -20.7018277 0.0000000
v -1.6000343 -20.7018277 -0.2022893
v -1.5550918 -20.7018277 -0.4011173
v -1.4810426 -20.7018277 -0.5930821
v -1.3791537 -20.7018277 -0.7748991
v -1.2511685 -20.7018277 -0.9434574
v -1.0992767 -20.7018277 -1.0958729
v -0.9260773 -20.7018277 -1.2295376
v -0.7345338 -20.7018277 -1.3421647
v -0.5279236 -20.7018277 -1.4318269
v -0.3097817 -20.7018277 -1.4969902
v -0.0838408 -20.7018277 -1.5365395
v 0.1460334 -20.7018277 -1.5497983
v 0.3759076 -20.7018277 -1.5365395
v 0.6018485 -20.7018277 -1.4969902
v 0.8199903 -20.7018277 -1.4318269
v 1.0266006 -20.7018277 -1.3421647
v 1.2181441 -20.7018277 -1.2295376
v 1.3913435 -20.7018277 -1.0958729
v 1.5432352 -20.7018277 -0.9434574
v 1.6712205 -20.7018277 -0.7748991
v 1.7731094 -20.7018277 -0.5930821
v 1.8471586 -20.7018277 -0.4011173
v 1.8921010 -20.7018277 -0.2022893
v 2.0963168 -19.4492017 0.0000000
v 2.0804505 -19.4492017 0.2130249
v 2.0331229 -19.4492017 0.4224048
v 1.9551439 -19.4492017 0.6245573
v 1.8478477 -19.4492017 0.8160234
v 1.7130702 -19.4492017 0.9935272
v 1.5531174 -19.4492017 1.1540314
v 1.3707263 -19.4492017 1.2947898
v 1.1690175 -19.4492017 1.4133940
v 0.9514423 -19.4492017 1.5078147
v 0.7217236 -19.4492017 1.5764362
v 0.4837918 -19.4492017 1.6180845
v 0.2417181 -19.4492017 1.6320468
v -0.0003556 -19.4492017 1.6180845
v -0.2382873 -19.4492017 1.5764362
v -0.4680061 -19.4492017 1.5078147
v -0.6855812 -19.4492017 1.4133940
v -0.8872900 -19.4492017 1.2947898
v -1.0696812 -19.4492017 1.1540314
v -1.2296339 -19.4492017 0.9935272
v -1.3644114 -19.4492017 0.8160234
v -1.4717076 -19.4492017 0.6245573
v -1.5496866 -19.4492017 0.4224048
v -1.5970142 -19.4492017 0.2130249
v -1.6128805 -19.4492017 0.0000000
v -1.5970142 -19.4492017 -0.2130249
v -1.5496866 -19.4492017 -0.4224048
v -1.4717076 -19.4492017 -0.6245573
v -1.3644114 -19.4492017 -0.8160234
v -1.2296339 -19.4492017 -0.9935272
v -1.0696812 -19.4492017 -1.1540314
v -0.8872900 -19.4492017 -1.2947898
v -0.6855812 -19.4492017 -1.4133940
v -0.4680061 -19.4492017 -1.5078147
v -0.2382873 -19.4492017 -1.5764362
v -0.0003556 -19.4492017 -1.6180845
v 0.2417181 -19.4492017 -1.6320468
v 0.4837918 -19.4492017 -1.6180845
v 0.7217236 -19.4492017 -1.5764362
v 0.9514423 -19.4492017 -1.5078147
v 1.1690175 -19.4492017 -1.4133940
v 1.3707263 -19.4492017 -1.2947898
v 1.5531174 -19.4492017 -1.1540314
v 1.7130702 -19.4492017 -0.9935272
v 1.8478477 -19.4492017 -0.8160234
v 1.9551439 -19.4492017 -0.6245573
v 2.0331229 -19.4492017 -0.4224048
v 2.0804505 -19.4492017 -0.2130249
v 2.3049202 -18.1965756 0.0000000
v 2.2880591 -18.1965756 0.2263796
v 2.2377645 -18.1965756 0.4488859
v 2.1548969 -18.1965756 0.6637115
v 2.0408742 -18.1965756 0.8671809
v 1.8976474 -18.1965756 1.0558126
v 1.7276670 -18.1965756 1.2263790
v 1.5338415 -18.1965756 1.3759617
v 1.3194873 -18.1965756 1.5020014
v 1.0882721 -18.1965756 1.6023414
v 0.8441521 -18.1965756 1.6752648
v 0.5913041 -18.1965756 1.7195241
v 0.3340545 -18.1965756 1.7343618
v 0.0768049 -18.1965756 1.7195241
v -0.1760431 -18.1965756 1.6752648
v -0.4201631 -18.1965756 1.6023414
v -0.6513783 -18.1965756 1.5020014
v -0.8657325 -18.1965756 1.3759617
v -1.0595580 -18.1965756 1.2263790
v -1.2295384 -18.1965756 1.0558126
v -1.3727652 -18.1965756 0.8671809
v -1.4867880 -18.1965756 0.6637115
v -1.5696555 -18.1965756 0.4488859
v -1.6199501 -18.1965756 0.2263796
v -1.6368112 -18.1965756 0.0000000
v -1.6199501 -18.1965756 -0.2263796
v -1.5696555 -18.1965756 -0.4488859
v -1.4867880 -18.1965756 -0.6637115
v -1.3727652 -18.1965756 -0.8671809
v -1.2295384 -18.1965756 -1.0558126
v -1.0595580 -18.1965756 -1.2263790
v -0.8657325 -18.1965756 -1.3759617
v -0.6513783 -18.1965756 -1.5020014
v -0.4201631 -18.1965756 -1.6023414
v -0.1760431 -18.1965756 -1.6752648
v 0.0768049 -18.1965756 -1.7195241
v 0.3340545 -18.1965756 -1.7343618
v 0.5913041 -18.1965756 -1.7195241
v 0.8441521 -18.1965756 -1.6752648
v 1.0882721 -18.1965756 -1.6023414
v 1.3194873 -18.1965756 -1.5020014
v 1.5338415 -18.1965756 -1.3759617
v 1.7276670 -18.1965756 -1.2263790
v 1.8976474 -18.1965756 -1.0558126
v 2.0408742 -18.1965756 -0.8671809
v 2.1548969 -18.1965756 -0.6637115
v 2.2377645 -18.1965756 -0.4488859
v 2.2880591 -18.1965756 -0.2263796
v 2.4608984 -16.9439496 0.0000000
v 2.4434588 -16.9439496 0.2341475
v 2.3914385 -16.9439496 0.4642886
v 2.3057274 -16.9439496 0.6864857
v 2.1877922 -16.9439496 0.8969368
v 2.0396507 -16.9439496 1.0920410
v 1.8638377 -16.9439496 1.2684602
v 1.6633614 -16.9439496 1.4231756
v 1.4416521 -16.9439496 1.5535401
v 1.2025031 -16.9439496 1.6573231
v 0.9500064 -16.9439496 1.7327488
v 0.6884824 -16.9439496 1.7785267
v 0.4224057 -16.9439496 1.7938736
v 0.1563290 -16.9439496 1.7785267
v -0.1051950 -16.9439496 1.7327488
v -0.3576917 -16.9439496 1.6573231
v -0.5968407 -16.9439496 1.5535401
v -0.8185500 -16.9439496 1.4231756
v -1.0190263 -16.9439496 1.2684602
v -1.1948393 -16.9439496 1.0920410
v -1.3429808 -16.9439496 0.8969368
v -1.4609160 -16.9439496 0.6864857
v -1.5466271 -16.9439496 0.4642886
v -1.5986474 -16.9439496 0.2341475
v -1.6160870 -16.9439496 0.0000000
v -1.5986474 -16.9439496 -0.2341475
v -1.5466271 -16.9439496 -0.4642886
v -1.4609160 -16.9439496 -0.6864857
v -1.3429808 -16.9439496 -0.8969368
v -1.1948393 -16.9439496 -1.0920410
v -1.0190263 -16.9439496 -1.2684602
v -0.8185500 -16.9439496 -1.4231756
v -0.5968407 -16.9439496 -1.5535401
v -0.3576917 -16.9439496 -1.6573231
v -0.1051950 -16.9439496 -1.7327488
v 0.1563290 -16.9439496 -1.7785267
v 0.4224057 -16.9439496 -1.7938736
v 0.6884824 -16.9439496 -1.7785267
v 0.9500064 -16.9439496 -1.7327488
v 1.2025031 -16.9439496 -1.6573231
v 1.4416521 -16.9439496 -1.5535401
v 1.6633614 -16.9439496 -1.4231756
v 1.8638377 -16.9439496 -1.2684602
v 2.0396507 -16.9439496 -1.0920410
v 2.1877922 -16.9439496 -0.8969368
v 2.3057274 -16.9439496 -0.6864857
v 2.3914385 -16.9439496 -0.4642886
v 2.4434588 -16.9439496 -0.2341475
v 2.6808021 -15.6913235 0.0000000
v 2.6621984 -15.6913235 0.2497765
v 2.6067058 -15.6913235 0.4952792
v 2.5152736 -15.6913235 0.7323075
v 2.3894664 -15.6913235 0.9568059
v 2.2314367 -15.6913235 1.1649330
v 2.0438885 -15.6913235 1.3531279
v 1.8300308 -15.6913235 1.5181703
v 1.5935226 -15.6913235 1.6572364
v 1.3384109 -15.6913235 1.7679467
v 1.0690605 -15.6913235 1.8484070
v 0.7900801 -15.6913235 1.8972406
v 0.5062432 -15.6913235 1.9136118
v 0.2224064 -15.6913235 1.8972406
v -0.0565740 -15.6913235 1.8484070
v -0.3259244 -15.6913235 1.7679467
v -0.5810362 -15.6913235 1.6572364
v -0.8175443 -15.6913235 1.5181703
v -1.0314021 -15.6913235 1.3531279
v -1.2189503 -15.6913235 1.1649330
v -1.3769799 -15.6913235 0.9568059
v -1.5027872 -15.6913235 0.7323075
v -1.5942193 -15.6913235 0.4952792
v -1.6497119 -15.6913235 0.2497765
v -1.6683156 -15.6913235 0.0000000
v -1.6497119 -15.6913235 -0.2497765
v -1.5942193 -15.6913235 -0.4952792
v -1.5027872 -15.6913235 -0.7323075
v -1.3769799 -15.6913235 -0.9568059
v -1.2189503 -15.6913235 -1.1649330
v -1.0314021 -15.6913235 -1.3531279
v -0.8175443 -15.6913235 -1.5181703
v -0.5810362 -15.6913235 -1.6572364
v -0.3259244 -15.6913235 -1.7679467
v -0.0565740 -15.6913235 -1.8484070
v 0.2224064 -15.6913235 -1.8972406
v 0.5062432 -15.6913235 -1.9136118
v 0.7900801 -15.6913235 -1.8972406
v 1.0690605 -15.6913235 -1.8484070
v 1.3384109 -15.6913235 -1.7679467
v 1.5935226 -15.6913235 -1.6572364
v 1.8300308 -15.6913235 -1.5181703
v 2.0438885 -15.6913235 -1.3531279
v 2.2314367 -15.6913235 -1.1649330
v 2.3894664 -15.6913235 -0.9568059
v 2.5152736 -15.6913235 -0.7323075
v 2.6067058 -15.6913235 -0.4952792
v 2.6621984 -15.6913235 -0.2497765
v 2.8290425 -15.4808824 0.0000000
v 2.8092871 -15.4808824 0.2652404
v 2.7503588 -15.4808824 0.5259424
v 2.6532660 -15.4808824 0.7776455
v 2.5196699 -15.4808824 1.0160428
v 2.3518565 -15.4808824 1.2370553
v 2.1526970 -15.4808824 1.4369015
v 1.9255990 -15.4808824 1.6121618
v 1.6744484 -15.4808824 1.7598377
v 1.4035424 -15.4808824 1.8774022
v 1.1175163 -15.4808824 1.9628439
v 0.8212639 -15.4808824 2.0147007
v 0.5198544 -15.4808824 2.0320855
v 0.2184449 -15.4808824 2.0147007
v -0.0778075 -15.4808824 1.9628439
v -0.3638336 -15.4808824 1.8774022
v -0.6347396 -15.4808824 1.7598377
v -0.8858902 -15.4808824 1.6121618
v -1.1129882 -15.4808824 1.4369015
v -1.3121477 -15.4808824 1.2370553
v -1.4799611 -15.4808824 1.0160428
v -1.6135572 -15.4808824 0.7776455
v -1.7106500 -15.4808824 0.5259424
v -1.7695783 -15.4808824 0.2652404
v -1.7893337 -15.4808824 0.0000000
v -1.7695783 -15.4808824 -0.2652404
v -1.7106500 -15.4808824 -0.5259424
v -1.6135572 -15.4808824 -0.7776455
v -1.4799611 -15.4808824 -1.0160428
v -1.3121477 -15.4808824 -1.2370553
v -1.1129882 -15.4808824 -1.4369015
v -0.8858902 -15.4808824 -1.6121618
v -0.6347396 -15.4808824 -1.7598377
v -0.3638336 -15.4808824 -1.8774022
v -0.0778075 -15.4808824 -1.9628439
v 0.2184449 -15.4808824 -2.0147007
v 0.5198544 -15.4808824 -2.0320855
v 0.8212639 -15.4808824 -2.0147007
v 1.1175163 -15.4808824 -1.9628439
v 1.4035424 -15.4808824 -1.8774022
v 1.6744484 -15.4808824 -1.7598377
v 1.9255990 -15.4808824 -1.6121618
v 2.1526970 -15.4808824 -1.4369015
v 2.3518565 -15.4808824 -1.2370553
v 2.5196699 -15.4808824 -1.0160428
v 2.6532660 -15.4808824 -0.7776455
v 2.7503588 -15.4808824 -0.5259424
v 2.8092871 -15.4808824 -0.2652404
v 3.5793247 -15.0600000 0.0000000
v 3.5533797 -15.0600000 0.3483419
v 3.4759889 -15.0600000 0.6907236
v 3.3484763 -15.0600000 1.0212868
v 3.1730237 -15.0600000 1.3343755
v 2.9526332 -15.0600000 1.6246327
v 2.6910757 -15.0600000 1.8870919
v 2.3928266 -15.0600000 2.1172625
v 2.0629889 -15.0600000 2.3112061
v 1.7072063 -15.0600000 2.4656044
v 1.3315663 -15.0600000 2.5778155
v 0.9424962 -15.0600000 2.6459194
v 0.5466531 -15.0600000 2.6687510
v 0.1508100 -15.0600000 2.6459194
v -0.2382601 -15.0600000 2.5778155
v -0.6139001 -15.0600000 2.4656044
v -0.9696827 -15.0600000 2.3112061
v -1.2995204 -15.0600000 2.1172625
v -1.5977695 -15.0600000 1.8870919
v -1.8593270 -15.0600000 1.6246327
v -2.0797175 -15.0600000 1.3343755
v -2.2551701 -15.0600000 1.0212868
v -2.3826827 -15.0600000 0.6907236
v -2.4600735 -15.0600000 0.3483419
v -2.4860185 -15.0600000 0.0000000
v -2.4600735 -15.0600000 -0.3483419
v -2.3826827 -15.0600000 -0.6907236
v -2.2551701 -15.0600000 -1.0212868
v -2.0797175 -15.0600000 -1.3343755
v -1.8593270 -15.0600000 -1.6246327
v -1.5977695 -15.0600000 -1.8870919
v -1.2995204 -15.0600000 -2.1172625
v -0.9696827 -15.0600000 -2.3112061
v -0.6139001 -15.0600000 -2.4656044
v -0.2382601 -15.0600000 -2.5778155
v 0.1508100 -15.0600000 -2.6459194
v 0.5466531 -15.0600000 -2.6687510
v 0.9424962 -15.0600000 -2.6459194
v 1.3315663 -15.0600000 -2.5778155
v 1.7072063 -15.0600000 -2.4656044
v 2.0629889 -15.0600000 -2.3112061
v 2.3928266 -15.0600000 -2.1172625
v 2.6910757 -15.0600000 -1.8870919
v 2.9526332 -15.0600000 -1.6246327
v 3.1730237 -15.0600000 -1.3343755
v 3.3484763 -15.0600000 -1.0212868
v 3.4759889 -15.0600000 -0.6907236
v 3.5533797 -15.0600000 -0.3483419
v 4.8334344 -14.6391176 0.0000000
v 4.7969848 -14.6391176 0.4893805
v 4.6882595 -14.6391176 0.9703876
v 4.5091189 -14.6391176 1.4347911
v 4.2626281 -14.6391176 1.8746449
v 3.9530046 -14.6391176 2.2824230
v 3.5855463 -14.6391176 2.6511483
v 3.1665403 -14.6391176 2.9745116
v 2.7031561 -14.6391176 3.2469802
v 2.2033222 -14.6391176 3.4638921
v 1.6755910 -14.6391176 3.6215359
v 1.1289920 -14.6391176 3.7172141
v 0.5728778 -14.6391176 3.7492898
v 0.0167636 -14.6391176 3.7172141
v -0.5298354 -14.6391176 3.6215359
v -1.0575666 -14.6391176 3.4638921
v -1.5574005 -14.6391176 3.2469802
v -2.0207847 -14.6391176 2.9745116
v -2.4397907 -14.6391176 2.6511483
v -2.8072490 -14.6391176 2.2824230
v -3.1168725 -14.6391176 1.8746449
v -3.3633632 -14.6391176 1.4347911
v -3.5425039 -14.6391176 0.9703876
v -3.6512292 -14.6391176 0.4893805
v -3.6876788 -14.6391176 0.0000000
v -3.6512292 -14.6391176 -0.4893805
v -3.5425039 -14.6391176 -0.9703876
v -3.3633632 -14.6391176 -1.4347911
v -3.1168725 -14.6391176 -1.8746449
v -2.8072490 -14.6391176 -2.2824230
v -2.4397907 -14.6391176 -2.6511483
v -2.0207847 -14.6391176 -2.9745116
v -1.5574005 -14.6391176 -3.2469802
v -1.0575666 -14.6391176 -3.4638921
v -0.5298354 -14.6391176 -3.6215359
v 0.0167636 -14.6391176 -3.7172141
v 0.5728778 -14.6391176 -3.7492898
v 1.1289920 -14.6391176 -3.7172141
v 1.6755910 -14.6391176 -3.6215359
v 2.2033222 -14.6391176 -3.4638921
v 2.7031561 -14.6391176 -3.2469802
v 3.1665403 -14.6391176 -2.9745116
v 3.5855463 -14.6391176 -2.6511483
v 3.9530046 -14.6391176 -2.2824230
v 4.2626281 -14.6391176 -1.8746449
v 4.5091189 -14.6391176 -1.4347911
v 4.6882595 -14.6391176 -0.9703876
v 4.7969848 -14.6391176 -0.4893805
v 7.3007538 -14.2182353 0.0000000
v 7.2434153 -14.2182353 0.7698391
v 7.0723807 -14.2182353 1.5265061
v 6.7905766 -14.2182353 2.2570541
v 6.4028246 -14.2182353 2.9489833
v 5.9157594 -14.2182353 3.5904546
v 5.3377147 -14.2182353 4.1704922
v 4.6785811 -14.2182353 4.6791715
v 3.9496364 -14.2182353 5.1077889
v 3.1633533 -14.2182353 5.4490106
v 2.3331851 -14.2182353 5.6969982
v 1.4733363 -14.2182353 5.8475087
v 0.5985191 -14.2182353 5.8979666
v -0.2762981 -14.2182353 5.8475087
v -1.1361469 -14.2182353 5.6969982
v -1.9663151 -14.2182353 5.4490106
v -2.7525983 -14.2182353 5.1077889
v -3.4815429 -14.2182353 4.6791715
v -4.1406766 -14.2182353 4.1704922
v -4.7187212 -14.2182353 3.5904546
v -5.2057865 -14.2182353 2.9489833
v -5.5935384 -14.2182353 2.2570541
v -5.8753426 -14.2182353 1.5265061
v -6.0463771 -14.2182353 0.7698391
v -6.1037157 -14.2182353 0.0000000
v -6.0463771 -14.2182353 -0.7698391
v -5.8753426 -14.2182353 -1.5265061
v -5.5935384 -14.2182353 -2.2570541
v -5.2057865 -14.2182353 -2.9489833
v -4.7187212 -14.2182353 -3.5904546
v -4.1406766 -14.2182353 -4.1704922
v -3.4815429 -14.2182353 -4.6791715
v -2.7525983 -14.2182353 -5.1077889
v -1.9663151 -14.2182353 -5.4490106
v -1.1361469 -14.2182353 -5.6969982
v -0.2762981 -14.2182353 -5.8475087
v 0.5985191 -14.2182353 -5.8979666
v 1.4733363 -14.2182353 -5.8475087
v 2.3331851 -14.2182353 -5.6969982
v 3.1633533 -14.2182353 -5.4490106
v 3.9496364 -14.2182353 -5.1077889
v 4.6785811 -14.2182353 -4.6791715
v 5.3377147 -14.2182353 -4.1704922
v 5.9157594 -14.2182353 -3.5904546
v 6.4028246 -14.2182353 -2.9489833
v 6.7905766 -14.2182353 -2.2570541
v 7.0723807 -14.2182353 -1.5265061
v 7.2434153 -14.2182353 -0.7698391
v 8.4682792 -13.7973529 0.0000000
v 8.4011666 -13.7973529 0.9010673
v 8.2009771 -13.7973529 1.7867171
v 7.8711362 -13.7973529 2.6417957
v 7.4172873 -13.7973529 3.4516724
v 6.8471961 -13.7973529 4.2024900
v 6.1706168 -13.7973529 4.8814019
v 5.3991261 -13.7973529 5.4767916
v 4.5459242 -13.7973529 5.9784719
v 3.6256097 -13.7973529 6.3778589
v 2.6539296 -13.7973529 6.6681190
v 1.6475093 -13.7973529 6.8442857
v 0.6235692 -13.7973529 6.9033447
v -0.4003709 -13.7973529 6.8442857
v -1.4067911 -13.7973529 6.6681190
v -2.3784713 -13.7973529 6.3778589
v -3.2987857 -13.7973529 5.9784719
v -4.1519876 -13.7973529 5.4767916
v -4.9234784 -13.7973529 4.8814019
v -5.6000576 -13.7973529 4.2024900
v -6.1701489 -13.7973529 3.4516724
v -6.6239977 -13.7973529 2.6417957
v -6.9538387 -13.7973529 1.7867171
v -7.1540281 -13.7973529 0.9010673
v -7.2211407 -13.7973529 0.0000000
v -7.1540281 -13.7973529 -0.9010673
v -6.9538387 -13.7973529 -1.7867171
v -6.6239977 -13.7973529 -2.6417957
v -6.1701489 -13.7973529 -3.4516724
v -5.6000576 -13.7973529 -4.2024900
v -4.9234784 -13.7973529 -4.8814019
v -4.1519876 -13.7973529 -5.4767916
v -3.2987857 -13.7973529 -5.9784719
v -2.3784713 -13.7973529 -6.3778589
v -1.4067911 -13.7973529 -6.6681190
v -0.4003709 -13.7973529 -6.8442857
v 0.6235692 -13.7973529 -6.9033447
v 1.6475093 -13.7973529 -6.8442857
v 2.6539296 -13.7973529 -6.6681190
v 3.6256097 -13.7973529 -6.3778589
v 4.5459242 -13.7973529 -5.9784719
v 5.3991261 -13.7973529 -5.4767916
v 6.1706168 -13.7973529 -4.8814019
v 6.8471961 -13.7973529 -4.2024900
v 7.4172873 -13.7973529 -3.4516724
v 7.8711362 -13.7973529 -2.6417957
v 8.2009771 -13.7973529 -1.7867171
v 8.4011666 -13.7973529 -0.9010673
v 9.1882097 -13.3764706 0.0000000
v 9.1151472 -13.3764706 0.9809519
v 8.8972099 -13.3764706 1.9451195
v 8.5381267 -13.3764706 2.8760056
v 8.0440416 -13.3764706 3.7576824
v 7.4234085 -13.3764706 4.5750642
v 6.6868468 -13.3764706 5.3141654
v 5.8469590 -13.3764706 5.9623398
v 4.9181161 -13.3764706 6.5084968
v 3.9162106 -13.3764706 6.9432917
v 2.8583855 -13.3764706 7.2592849
v 1.7627406 -13.3764706 7.4510698
v 0.6480224 -13.3764706 7.5153648
v -0.4666957 -13.3764706 7.4510698
v -1.5623407 -13.3764706 7.2592849
v -2.6201657 -13.3764706 6.9432917
v -3.6220712 -13.3764706 6.5084968
v -4.5509142 -13.3764706 5.9623398
v -5.3908019 -13.3764706 5.3141654
v -6.1273637 -13.3764706 4.5750642
v -6.7479967 -13.3764706 3.7576824
v -7.2420818 -13.3764706 2.8760056
v -7.6011650 -13.3764706 1.9451195
v -7.8191023 -13.3764706 0.9809519
v -7.8921648 -13.3764706 0.0000000
v -7.8191023 -13.3764706 -0.9809519
v -7.6011650 -13.3764706 -1.9451195
v -7.2420818 -13.3764706 -2.8760056
v -6.7479967 -13.3764706 -3.7576824
v -6.1273637 -13.3764706 -4.5750642
v -5.3908019 -13.3764706 -5.3141654
v -4.5509142 -13.3764706 -5.9623398
v -3.6220712 -13.3764706 -6.5084968
v -2.6201657 -13.3764706 -6.9432917
v -1.5623407 -13.3764706 -7.2592849
v -0.4666957 -13.3764706 -7.4510698
v 0.6480224 -13.3764706 -7.5153648
v 1.7627406 -13.3764706 -7.4510698
v 2.8583855 -13.3764706 -7.2592849
v 3.9162106 -13.3764706 -6.9432917
v 4.9181161 -13.3764706 -6.5084968
v 5.8469590 -13.3764706 -5.9623398
v 6.6868468 -13.3764706 -5.3141654
v 7.4234085 -13.3764706 -4.5750642
v 8.0440416 -13.3764706 -3.7576824
v 8.5381267 -13.3764706 -2.8760056
v 8.8972099 -13.3764706 -1.9451195
v 9.1151472 -13.3764706 -0.9809519
v 9.5805512 -12.9555882 0.0000000
v 9.5043362 -12.9555882 1.0232777
v 9.2769954 -12.9555882 2.0290469
v 8.9024185 -12.9555882 3.0000985
v 8.3870148 -12.9555882 3.9198176
v 7.7396029 -12.9555882 4.7724676
v 6.9712602 -12.9555882 5.5434593
v 6.0951333 -12.9555882 6.2196008
v 5.1262129 -12.9555882 6.7893233
v 4.0810776 -12.9555882 7.2428786
v 2.9776098 -12.9555882 7.5725062
v 1.8346903 -12.9555882 7.7725661
v 0.6718747 -12.9555882 7.8396353
v -0.4909409 -12.9555882 7.7725661
v -1.6338605 -12.9555882 7.5725062
v -2.7373282 -12.9555882 7.2428786
v -3.7824635 -12.9555882 6.7893233
v -4.7513839 -12.9555882 6.2196008
v -5.6275109 -12.9555882 5.5434593
v -6.3958535 -12.9555882 4.7724676
v -7.0432655 -12.9555882 3.9198176
v -7.5586692 -12.9555882 3.0000985
v -7.9332460 -12.9555882 2.0290469
v -8.1605868 -12.9555882 1.0232777
v -8.2368018 -12.9555882 0.0000000
v -8.1605868 -12.9555882 -1.0232777
v -7.9332460 -12.9555882 -2.0290469
v -7.5586692 -12.9555882 -3.0000985
v -7.0432655 -12.9555882 -3.9198176
v -6.3958535 -12.9555882 -4.7724676
v -5.6275109 -12.9555882 -5.5434593
v -4.7513839 -12.9555882 -6.2196008
v -3.7824635 -12.9555882 -6.7893233
v -2.7373282 -12.9555882 -7.2428786
v -1.6338605 -12.9555882 -7.5725062
v -0.4909409 -12.9555882 -7.7725661
v 0.6718747 -12.9555882 -7.8396353
v 1.8346903 -12.9555882 -7.7725661
v 2.9776098 -12.9555882 -7.5725062
v 4.0810776 -12.9555882 -7.2428786
v 5.1262129 -12.9555882 -6.7893233
v 6.0951333 -12.9555882 -6.2196008
v 6.9712602 -12.9555882 -5.5434593
v 7.7396029 -12.9555882 -4.7724676
v 8.3870148 -12.9555882 -3.9198176
v 8.9024185 -12.9555882 -3.0000985
v 9.2769954 -12.9555882 -2.0290469
v 9.5043362 -12.9555882 -1.0232777
v 9.7149694 -12.6750000 0.0000000
v 9.6377377 -12.6750000 1.0369294
v 9.4073638 -12.6750000 2.0561167
v 9.0277897 -12.6750000 3.0401232
v 8.5055100 -12.6750000 3.9721124
v 7.8494609 -12.6750000 4.8361377
v 7.0708676 -12.6750000 5.6174153
v 6.1830522 -12.6750000 6.3025773
v 5.2012053 -12.6750000 6.8799005
v 4.1421267 -12.6750000 7.3395067
v 3.0239374 -12.6750000 7.6735319
v 1.8657701 -12.6750000 7.8762609
v 0.6874412 -12.6750000 7.9442248
v -0.4908877 -12.6750000 7.8762609
v -1.6490551 -12.6750000 7.6735319
v -2.7672443 -12.6750000 7.3395067
v -3.8263229 -12.6750000 6.8799005
v -4.8081698 -12.6750000 6.3025773
v -5.6959853 -12.6750000 5.6174153
v -6.4745785 -12.6750000 4.8361377
v -7.1306276 -12.6750000 3.9721124
v -7.6529074 -12.6750000 3.0401232
v -8.0324815 -12.6750000 2.0561167
v -8.2628553 -12.6750000 1.0369294
v -8.3400871 -12.6750000 0.0000000
v -8.2628553 -12.6750000 -1.0369294
v -8.0324815 -12.6750000 -2.0561167
v -7.6529074 -12.6750000 -3.0401232
v -7.1306276 -12.6750000 -3.9721124
v -6.4745785 -12.6750000 -4.8361377
v -5.6959853 -12.6750000 -5.6174153
v -4.8081698 -12.6750000 -6.3025773
v -3.8263229 -12.6750000 -6.8799005
v -2.7672443 -12.6750000 -7.3395067
v -1.6490551 -12.6750000 -7.6735319
v -0.4908877 -12.6750000 -7.8762609
v 0.6874412 -12.6750000 -7.9442248
v 1.8657701 -12.6750000 -7.8762609
v 3.0239374 -12.6750000 -7.6735319
v 4.1421267 -12.6750000 -7.3395067
v 5.2012053 -12.6750000 -6.8799005
v 6.1830522 -12.6750000 -6.3025773
v 7.0708676 -12.6750000 -5.6174153
v 7.8494609 -12.6750000 -4.8361377
v 8.5055100 -12.6750000 -3.9721124
v 9.0277897 -12.6750000 -3.0401232
v 9.4073638 -12.6750000 -2.0561167
v 9.6377377 -12.6750000 -1.0369294
v 10.0751645 -11.7046324 0.0000000
v 9.9952941 -11.7046324 1.0723563
v 9.7570495 -11.7046324 2.1263643
v 9.3645072 -11.7046324 3.1439896
v 8.8243836 -11.7046324 4.1078204
v 8.1459205 -11.7046324 5.0013652
v 7.3407264 -11.7046324 5.8093353
v 6.4225786 -11.7046324 6.5179060
v 5.4071868 -11.7046324 7.1149536
v 4.3119245 -11.7046324 7.5902623
v 3.1555322 -11.7046324 7.9356995
v 1.9577958 -11.7046324 8.1453548
v 0.7392091 -11.7046324 8.2156407
v -0.4793776 -11.7046324 8.1453548
v -1.6771139 -11.7046324 7.9356995
v -2.8335063 -11.7046324 7.5902623
v -3.9287686 -11.7046324 7.1149536
v -4.9441604 -11.7046324 6.5179060
v -5.8623082 -11.7046324 5.8093353
v -6.6675023 -11.7046324 5.0013652
v -7.3459654 -11.7046324 4.1078204
v -7.8860890 -11.7046324 3.1439896
v -8.2786313 -11.7046324 2.1263643
v -8.5168759 -11.7046324 1.0723563
v -8.5967462 -11.7046324 0.0000000
v -8.5168759 -11.7046324 -1.0723563
v -8.2786313 -11.7046324 -2.1263643
v -7.8860890 -11.7046324 -3.1439896
v -7.3459654 -11.7046324 -4.1078204
v -6.6675023 -11.7046324 -5.0013652
v -5.8623082 -11.7046324 -5.8093353
v -4.9441604 -11.7046324 -6.5179060
v -3.9287686 -11.7046324 -7.1149536
v -2.8335063 -11.7046324 -7.5902623
v -1.6771139 -11.7046324 -7.9356995
v -0.4793776 -11.7046324 -8.1453548
v 0.7392091 -11.7046324 -8.2156407
v 1.9577958 -11.7046324 -8.1453548
v 3.1555322 -11.7046324 -7.9356995
v 4.3119245 -11.7046324 -7.5902623
v 5.4071868 -11.7046324 -7.1149536
v 6.4225786 -11.7046324 -6.5179060
v 7.3407264 -11.7046324 -5.8093353
v 8.1459205 -11.7046324 -5.0013652
v 8.8243836 -11.7046324 -4.1078204
v 9.3645072 -11.7046324 -3.1439896
v 9.7570495 -11.7046324 -2.1263643
v 9.9952941 -11.7046324 -1.0723563
v 10.2547489 -10.7342647 0.0000000
v 10.1737578 -10.7342647 1.0874028
v 9.9321703 -10.7342647 2.1561998
v 9.5341202 -10.7342647 3.1881036
v 8.9864180 -10.7342647 4.1654581
v 8.2984352 -10.7342647 5.0715405
v 7.4819433 -10.7342647 5.8908474
v 6.5509128 -10.7342647 6.6093602
v 5.5212737 -10.7342647 7.2147851
v 4.4106436 -10.7342647 7.6967630
v 3.2380256 -10.7342647 8.0470471
v 2.0234836 -10.7342647 8.2596441
v 0.7877986 -10.7342647 8.3309162
v -0.4478864 -10.7342647 8.2596441
v -1.6624284 -10.7342647 8.0470471
v -2.8350464 -10.7342647 7.6967630
v -3.9456765 -10.7342647 7.2147851
v -4.9753156 -10.7342647 6.6093602
v -5.9063461 -10.7342647 5.8908474
v -6.7228380 -10.7342647 5.0715405
v -7.4108208 -10.7342647 4.1654581
v -7.9585230 -10.7342647 3.1881036
v -8.3565732 -10.7342647 2.1561998
v -8.5981606 -10.7342647 1.0874028
v -8.6791517 -10.7342647 0.0000000
v -8.5981606 -10.7342647 -1.0874028
v -8.3565732 -10.7342647 -2.1561998
v -7.9585230 -10.7342647 -3.1881036
v -7.4108208 -10.7342647 -4.1654581
v -6.7228380 -10.7342647 -5.0715405
v -5.9063461 -10.7342647 -5.8908474
v -4.9753156 -10.7342647 -6.6093602
v -3.9456765 -10.7342647 -7.2147851
v -2.8350464 -10.7342647 -7.6967630
v -1.6624284 -10.7342647 -8.0470471
v -0.4478864 -10.7342647 -8.2596441
v 0.7877986 -10.7342647 -8.3309162
v 2.0234836 -10.7342647 -8.2596441
v 3.2380256 -10.7342647 -8.0470471
v 4.4106436 -10.7342647 -7.6967630
v 5.5212737 -10.7342647 -7.2147851
v 6.5509128 -10.7342647 -6.6093602
v 7.4819433 -10.7342647 -5.8908474
v 8.2984352 -10.7342647 -5.0715405
v 8.9864180 -10.7342647 -4.1654581
v 9.5341202 -10.7342647 -3.1881036
v 9.9321703 -10.7342647 -2.1561998
v 10.1737578 -10.7342647 -1.0874028
v 10.2726040 -9.7638971 0.0000000
v 10.1918493 -9.7638971 1.0842287
v 9.9509671 -9.7638971 2.1499059
v 9.5540788 -9.7638971 3.1787976
v 9.0079754 -9.7638971 4.1532992
v 8.3220008 -9.7638971 5.0567367
v 7.5078922 -9.7638971 5.8736520
v 6.5795793 -9.7638971 6.5900676
v 5.5529458 -9.7638971 7.1937252
v 4.4455576 -9.7638971 7.6742962
v 3.2763625 -9.7638971 8.0235579
v 2.0653657 -9.7638971 8.2355343
v 0.8332876 -9.7638971 8.3065984
v -0.3987904 -9.7638971 8.2355343
v -1.6097872 -9.7638971 8.0235579
v -2.7789823 -9.7638971 7.6742962
v -3.8863705 -9.7638971 7.1937252
v -4.9130041 -9.7638971 6.5900676
v -5.8413169 -9.7638971 5.8736520
v -6.6554255 -9.7638971 5.0567367
v -7.3414001 -9.7638971 4.1532992
v -7.8875035 -9.7638971 3.1787976
v -8.2843918 -9.7638971 2.1499059
v -8.5252740 -9.7638971 1.0842287
v -8.6060287 -9.7638971 0.0000000
v -8.5252740 -9.7638971 -1.0842287
v -8.2843918 -9.7638971 -2.1499059
v -7.8875035 -9.7638971 -3.1787976
v -7.3414001 -9.7638971 -4.1532992
v -6.6554255 -9.7638971 -5.0567367
v -5.8413169 -9.7638971 -5.8736520
v -4.9130041 -9.7638971 -6.5900676
v -3.8863705 -9.7638971 -7.1937252
v -2.7789823 -9.7638971 -7.6742962
v -1.6097872 -9.7638971 -8.0235579
v -0.3987904 -9.7638971 -8.2355343
v 0.8332876 -9.7638971 -8.3065984
v 2.0653657 -9.7638971 -8.2355343
v 3.2763625 -9.7638971 -8.0235579
v 4.4455576 -9.7638971 -7.6742962
v 5.5529458 -9.7638971 -7.1937252
v 6.5795793 -9.7638971 -6.5900676
v 7.5078922 -9.7638971 -5.8736520
v 8.3220008 -9.7638971 -5.0567367
v 9.0079754 -9.7638971 -4.1532992
v 9.5540788 -9.7638971 -3.1787976
v 9.9509671 -9.7638971 -2.1499059
v 10.1918493 -9.7638971 -1.0842287
v 10.2147697 -8.7935294 0.0000000
v 10.1348736 -8.7935294 1.0727020
v 9.8965522 -8.7935294 2.1270497
v 9.5038833 -8.7935294 3.1450031
v 8.9635857 -8.7935294 4.1091445
v 8.2849038 -8.7935294 5.0029774
v 7.4794502 -8.7935294 5.8112079
v 6.5610064 -8.7935294 6.5200071
v 5.5452873 -8.7935294 7.1172471
v 4.4496720 -8.7935294 7.5927091
v 3.2929068 -8.7935294 7.9382577
v 2.0947844 -8.7935294 8.1479805
v 0.8758048 -8.7935294 8.2182891
v -0.3431747 -8.7935294 8.1479805
v -1.5412971 -8.7935294 7.9382577
v -2.6980623 -8.7935294 7.5927091
v -3.7936776 -8.7935294 7.1172471
v -4.8093968 -8.7935294 6.5200071
v -5.7278406 -8.7935294 5.8112079
v -6.5332942 -8.7935294 5.0029774
v -7.2119760 -8.7935294 4.1091445
v -7.7522737 -8.7935294 3.1450031
v -8.1449425 -8.7935294 2.1270497
v -8.3832639 -8.7935294 1.0727020
v -8.4631601 -8.7935294 0.0000000
v -8.3832639 -8.7935294 -1.0727020
v -8.1449425 -8.7935294 -2.1270497
v -7.7522737 -8.7935294 -3.1450031
v -7.2119760 -8.7935294 -4.1091445
v -6.5332942 -8.7935294 -5.0029774
v -5.7278406 -8.7935294 -5.8112079
v -4.8093968 -8.7935294 -6.5200071
v -3.7936776 -8.7935294 -7.1172471
v -2.6980623 -8.7935294 -7.5927091
v -1.5412971 -8.7935294 -7.9382577
v -0.3431747 -8.7935294 -8.1479805
v 0.8758048 -8.7935294 -8.2182891
v 2.0947844 -8.7935294 -8.1479805
v 3.2929068 -8.7935294 -7.9382577
v 4.4496720 -8.7935294 -7.5927091
v 5.5452873 -8.7935294 -7.1172471
v 6.5610064 -8.7935294 -6.5200071
v 7.4794502 -8.7935294 -5.8112079
v 8.2849038 -8.7935294 -5.0029774
v 8.9635857 -8.7935294 -4.1091445
v 9.5038833 -8.7935294 -3.1450031
v 9.8965522 -8.7935294 -2.1270497
v 10.1348736 -8.7935294 -1.0727020
v 10.1138704 -7.8231618 0.0000000
v 10.0351773 -7.8231618 1.0565497
v 9.8004445 -7.8231618 2.0950216
v 9.4136882 -7.8231618 3.0976471
v 8.8815261 -7.8231618 4.0472710
v 8.2130635 -7.8231618 4.9276450
v 7.4197381 -7.8231618 5.7237055
v 6.5151238 -7.8231618 6.4218319
v 5.5146988 -7.8231618 7.0100790
v 4.4355808 -7.8231618 7.4783817
v 3.2962336 -7.8231618 7.8187272
v 2.1161519 -7.8231618 8.0252921
v 0.9155272 -7.8231618 8.0945420
v -0.2850975 -7.8231618 8.0252921
v -1.4651792 -7.8231618 7.8187272
v -2.6045263 -7.8231618 7.4783817
v -3.6836444 -7.8231618 7.0100790
v -4.6840693 -7.8231618 6.4218319
v -5.5886836 -7.8231618 5.7237055
v -6.3820091 -7.8231618 4.9276450
v -7.0504716 -7.8231618 4.0472710
v -7.5826338 -7.8231618 3.0976471
v -7.9693900 -7.8231618 2.0950216
v -8.2041228 -7.8231618 1.0565497
v -8.2828159 -7.8231618 0.0000000
v -8.2041228 -7.8231618 -1.0565497
v -7.9693900 -7.8231618 -2.0950216
v -7.5826338 -7.8231618 -3.0976471
v -7.0504716 -7.8231618 -4.0472710
v -6.3820091 -7.8231618 -4.9276450
v -5.5886836 -7.8231618 -5.7237055
v -4.6840693 -7.8231618 -6.4218319
v -3.6836444 -7.8231618 -7.0100790
v -2.6045263 -7.8231618 -7.4783817
v -1.4651792 -7.8231618 -7.8187272
v -0.2850975 -7.8231618 -8.0252921
v 0.9155272 -7.8231618 -8.0945420
v 2.1161519 -7.8231618 -8.0252921
v 3.2962336 -7.8231618 -7.8187272
v 4.4355808 -7.8231618 -7.4783817
v 5.5146988 -7.8231618 -7.0100790
v 6.5151238 -7.8231618 -6.4218319
v 7.4197381 -7.8231618 -5.7237055
v 8.2130635 -7.8231618 -4.9276450
v 8.8815261 -7.8231618 -4.0472710
v 9.4136882 -7.8231618 -3.0976471
v 9.8004445 -7.8231618 -2.0950216
v 10.0351773 -7.8231618 -1.0565497
v 9.9361094 -6.8527941 0.0000000
v 9.8592549 -6.8527941 1.0318644
v 9.6300064 -6.8527941 2.0460733
v 9.2522864 -6.8527941 3.0252733
v 8.7325578 -6.8527941 3.9527100
v 8.0797132 -6.8527941 4.8125148
v 7.3049231 -6.8527941 5.5899761
v 6.4214444 -6.8527941 6.2717914
v 5.4443935 -6.8527941 6.8462946
v 4.3904881 -6.8527941 7.3036558
v 3.2777608 -6.8527941 7.6360494
v 2.1252507 -6.8527941 7.8377881
v 0.9526775 -6.8527941 7.9054201
v -0.2198956 -6.8527941 7.8377881
v -1.3724057 -6.8527941 7.6360494
v -2.4851330 -6.8527941 7.3036558
v -3.5390384 -6.8527941 6.8462946
v -4.5160893 -6.8527941 6.2717914
v -5.3995681 -6.8527941 5.5899761
v -6.1743582 -6.8527941 4.8125148
v -6.8272027 -6.8527941 3.9527100
v -7.3469313 -6.8527941 3.0252733
v -7.7246513 -6.8527941 2.0460733
v -7.9538998 -6.8527941 1.0318644
v -8.0307543 -6.8527941 0.0000000
v -7.9538998 -6.8527941 -1.0318644
v -7.7246513 -6.8527941 -2.0460733
v -7.3469313 -6.8527941 -3.0252733
v -6.8272027 -6.8527941 -3.9527100
v -6.1743582 -6.8527941 -4.8125148
v -5.3995681 -6.8527941 -5.5899761
v -4.5160893 -6.8527941 -6.2717914
v -3.5390384 -6.8527941 -6.8462946
v -2.4851330 -6.8527941 -7.3036558
v -1.3724057 -6.8527941 -7.6360494
v -0.2198956 -6.8527941 -7.8377881
v 0.9526775 -6.8527941 -7.9054201
v 2.1252507 -6.8527941 -7.8377881
v 3.2777608 -6.8527941 -7.6360494
v 4.3904881 -6.8527941 -7.3036558
v 5.4443935 -6.8527941 -6.8462946
v 6.4214444 -6.8527941 -6.2717914
v 7.3049231 -6.8527941 -5.5899761
v 8.0797132 -6.8527941 -4.8125148
v 8.7325578 -6.8527941 -3.9527100
v 9.2522864 -6.8527941 -3.0252733
v 9.6300064 -6.8527941 -2.0460733
v 9.8592549 -6.8527941 -1.0318644
v 9.6252643 -5.8824265 0.0000000
v 9.5513672 -5.8824265 0.9921576
v 9.3309403 -5.8824265 1.9673391
v 8.9677552 -5.8824265 2.9088589
v 8.4680261 -5.8824265 3.8006073
v 7.8403034 -5.8824265 4.6273263
v 7.0953277 -5.8824265 5.3748704
v 6.2458457 -5.8824265 6.0304491
v 5.3063923 -5.8824265 6.5828450
v 4.2930419 -5.8824265 7.0226067
v 3.2231330 -5.8824265 7.3422096
v 2.1149722 -5.8824265 7.5361852
v 0.9875204 -5.8824265 7.6012147
v -0.1399315 -5.8824265 7.5361852
v -1.2480923 -5.8824265 7.3422096
v -2.3180011 -5.8824265 7.0226067
v -3.3313516 -5.8824265 6.5828450
v -4.2708050 -5.8824265 6.0304491
v -5.1202870 -5.8824265 5.3748704
v -5.8652627 -5.8824265 4.6273263
v -6.4929853 -5.8824265 3.8006073
v -6.9927145 -5.8824265 2.9088589
v -7.3558996 -5.8824265 1.9673391
v -7.5763265 -5.8824265 0.9921576
v -7.6502236 -5.8824265 0.0000000
v -7.5763265 -5.8824265 -0.9921576
v -7.3558996 -5.8824265 -1.9673391
v -6.9927145 -5.8824265 -2.9088589
v -6.4929853 -5.8824265 -3.8006073
v -5.8652627 -5.8824265 -4.6273263
v -5.1202870 -5.8824265 -5.3748704
v -4.2708050 -5.8824265 -6.0304491
v -3.3313516 -5.8824265 -6.5828450
v -2.3180011 -5.8824265 -7.0226067
v -1.2480923 -5.8824265 -7.3422096
v -0.1399315 -5.8824265 -7.5361852
v 0.9875204 -5.8824265 -7.6012147
v 2.1149722 -5.8824265 -7.5361852
v 3.2231330 -5.8824265 -7.3422096
v 4.2930419 -5.8824265 -7.0226067
v 5.3063923 -5.8824265 -6.5828450
v 6.2458457 -5.8824265 -6.0304491
v 7.0953277 -5.8824265 -5.3748704
v 7.8403034 -5.8824265 -4.6273263
v 8.4680261 -5.8824265 -3.8006073
v 8.9677552 -5.8824265 -2.9088589
v 9.3309403 -5.8824265 -1.9673391
v 9.5513672 -5.8824265 -0.9921576
v 9.2032536 -4.9120588 0.0000000
v 9.1332478 -4.9120588 0.9399123
v 8.9244282 -4.9120588 1.8637425
v 8.5803678 -4.9120588 2.7556835
v 8.1069535 -4.9120588 3.6004741
v 7.5122856 -4.9120588 4.3836595
v 6.8065390 -4.9120588 5.0918392
v 6.0017892 -4.9120588 5.7128962
v 5.1118058 -4.9120588 6.2362040
v 4.1518166 -4.9120588 6.6528086
v 3.1382472 -4.9120588 6.9555818
v 2.0884402 -4.9120588 7.1393430
v 1.0203580 -4.9120588 7.2009481
v -0.0477242 -4.9120588 7.1393430
v -1.0975312 -4.9120588 6.9555818
v -2.1111006 -4.9120588 6.6528086
v -3.0710898 -4.9120588 6.2362040
v -3.9610732 -4.9120588 5.7128962
v -4.7658229 -4.9120588 5.0918392
v -5.4715695 -4.9120588 4.3836595
v -6.0662374 -4.9120588 3.6004741
v -6.5396517 -4.9120588 2.7556835
v -6.8837122 -4.9120588 1.8637425
v -7.0925318 -4.9120588 0.9399123
v -7.1625376 -4.9120588 0.0000000
v -7.0925318 -4.9120588 -0.9399123
v -6.8837122 -4.9120588 -1.8637425
v -6.5396517 -4.9120588 -2.7556835
v -6.0662374 -4.9120588 -3.6004741
v -5.4715695 -4.9120588 -4.3836595
v -4.7658229 -4.9120588 -5.0918392
v -3.9610732 -4.9120588 -5.7128962
v -3.0710898 -4.9120588 -6.2362040
v -2.1111006 -4.9120588 -6.6528086
v -1.0975312 -4.9120588 -6.9555818
v -0.0477242 -4.9120588 -7.1393430
v 1.0203580 -4.9120588 -7.2009481
v 2.0884402 -4.9120588 -7.1393430
v 3.1382472 -4.9120588 -6.9555818
v 4.1518166 -4.9120588 -6.6528086
v 5.1118058 -4.9120588 -6.2362040
v 6.0017892 -4.9120588 -5.7128962
v 6.8065390 -4.9120588 -5.0918392
v 7.5122856 -4.9120588 -4.3836595
v 8.1069535 -4.9120588 -3.6004741
v 8.5803678 -4.9120588 -2.7556835
v 8.9244282 -4.9120588 -1.8637425
v 9.1332478 -4.9120588 -0.9399123
v 8.5709484 -3.9416912 0.0000000
v 8.5066187 -3.9416912 0.8637038
v 8.3147302 -3.9416912 1.7126295
v 7.9985664 -3.9416912 2.5322515
v 7.5635367 -3.9416912 3.3085461
v 7.0170847 -3.9416912 4.0282305
v 6.3685604 -3.9416912 4.6789907
v 5.6290601 -3.9416912 5.2496921
v 4.8112369 -3.9416912 5.7305699
v 3.9290840 -3.9416912 6.1133960
v 2.9976953 -3.9416912 6.3916202
v 2.0330071 -3.9416912 6.5604820
v 1.0515255 -3.9416912 6.6170921
v 0.0700439 -3.9416912 6.5604820
v -0.8946444 -3.9416912 6.3916202
v -1.8260331 -3.9416912 6.1133960
v -2.7081860 -3.9416912 5.7305699
v -3.5260091 -3.9416912 5.2496921
v -4.2655094 -3.9416912 4.6789907
v -4.9140338 -3.9416912 4.0282305
v -5.4604857 -3.9416912 3.3085461
v -5.8955154 -3.9416912 2.5322515
v -6.2116793 -3.9416912 1.7126295
v -6.4035677 -3.9416912 0.8637038
v -6.4678974 -3.9416912 0.0000000
v -6.4035677 -3.9416912 -0.8637038
v -6.2116793 -3.9416912 -1.7126295
v -5.8955154 -3.9416912 -2.5322515
v -5.4604857 -3.9416912 -3.3085461
v -4.9140338 -3.9416912 -4.0282305
v -4.2655094 -3.9416912 -4.6789907
v -3.5260091 -3.9416912 -5.2496921
v -2.7081860 -3.9416912 -5.7305699
v -1.8260331 -3.9416912 -6.1133960
v -0.8946444 -3.9416912 -6.3916202
v 0.0700439 -3.9416912 -6.5604820
v 1.0515255 -3.9416912 -6.6170921
v 2.0330071 -3.9416912 -6.5604820
v 2.9976953 -3.9416912 -6.3916202
v 3.9290840 -3.9416912 -6.1133960
v 4.8112369 -3.9416912 -5.7305699
v 5.6290601 -3.9416912 -5.2496921
v 6.3685604 -3.9416912 -4.6789907
v 7.0170847 -3.9416912 -4.0282305
v 7.5635367 -3.9416912 -3.3085461
v 7.9985664 -3.9416912 -2.5322515
v 8.3147302 -3.9416912 -1.7126295
v 8.5066187 -3.9416912 -0.8637038
v 7.6036369 -2.9713235 0.0000000
v 7.5478381 -2.9713235 0.7491657
v 7.3813965 -2.9713235 1.4855130
v 7.1071600 -2.9713235 2.1964428
v 6.7298208 -2.9713235 2.8697908
v 6.2558353 -2.9713235 3.4940359
v 5.6933135 -2.9713235 4.0584971
v 5.0518804 -2.9713235 4.5535162
v 4.3425109 -2.9713235 4.9706235
v 3.5773427 -2.9713235 5.3026820
v 2.7694680 -2.9713235 5.5440101
v 1.9327097 -2.9713235 5.6904787
v 1.0813850 -2.9713235 5.7395816
v 0.2300603 -2.9713235 5.6904787
v -0.6066980 -2.9713235 5.5440101
v -1.4145727 -2.9713235 5.3026820
v -2.1797409 -2.9713235 4.9706235
v -2.8891103 -2.9713235 4.5535162
v -3.5305435 -2.9713235 4.0584971
v -4.0930653 -2.9713235 3.4940359
v -4.5670508 -2.9713235 2.8697908
v -4.9443899 -2.9713235 2.1964428
v -5.2186265 -2.9713235 1.4855130
v -5.3850680 -2.9713235 0.7491657
v -5.4408668 -2.9713235 0.0000000
v -5.3850680 -2.9713235 -0.7491657
v -5.2186265 -2.9713235 -1.4855130
v -4.9443899 -2.9713235 -2.1964428
v -4.5670508 -2.9713235 -2.8697908
v -4.0930653 -2.9713235 -3.4940359
v -3.5305435 -2.9713235 -4.0584971
v -2.8891103 -2.9713235 -4.5535162
v -2.1797409 -2.9713235 -4.9706235
v -1.4145727 -2.9713235 -5.3026820
v -0.6066980 -2.9713235 -5.5440101
v 0.2300603 -2.9713235 -5.6904787
v 1.0813850 -2.9713235 -5.7395816
v 1.9327097 -2.9713235 -5.6904787
v 2.7694680 -2.9713235 -5.5440101
v 3.5773427 -2.9713235 -5.3026820
v 4.3425109 -2.9713235 -4.9706235
v 5.0518804 -2.9713235 -4.5535162
v 5.6933135 -2.9713235 -4.0584971
v 6.2558353 -2.9713235 -3.4940359
v 6.7298208 -2.9713235 -2.8697908
v 7.1071600 -2.9713235 -2.1964428
v 7.3813965 -2.9713235 -1.4855130
v 7.5478381 -2.9713235 -0.7491657
v 6.0977592 -2.0009559 0.0000000
v 6.0550909 -2.0009559 0.5728724
v 5.9278163 -2.0009559 1.1359429
v 5.7181130 -2.0009559 1.6795770
v 5.4295691 -2.0009559 2.1944731
v 5.0671216 -2.0009559 2.6718212
v 4.6369721 -2.0009559 3.1034537
v 4.1464807 -2.0009559 3.4819852
v 3.6040397 -2.0009559 3.8009390
v 3.0189305 -2.0009559 4.0548576
v 2.4011644 -2.0009559 4.2393966
v 1.7613116 -2.0009559 4.3513982
v 1.1103202 -2.0009559 4.3889463
v 0.4593288 -2.0009559 4.3513982
v -0.1805240 -2.0009559 4.2393966
v -0.7982900 -2.0009559 4.0548576
v -1.3833992 -2.0009559 3.8009390
v -1.9258402 -2.0009559 3.4819852
v -2.4163317 -2.0009559 3.1034537
v -2.8464811 -2.0009559 2.6718212
v -3.2089286 -2.0009559 2.1944731
v -3.4974725 -2.0009559 1.6795770
v -3.7071759 -2.0009559 1.1359429
v -3.8344505 -2.0009559 0.5728724
v -3.8771187 -2.0009559 0.0000000
v -3.8344505 -2.0009559 -0.5728724
v -3.7071759 -2.0009559 -1.1359429
v -3.4974725 -2.0009559 -1.6795770
v -3.2089286 -2.0009559 -2.1944731
v -2.8464811 -2.0009559 -2.6718212
v -2.4163317 -2.0009559 -3.1034537
v -1.9258402 -2.0009559 -3.4819852
v -1.3833992 -2.0009559 -3.8009390
v -0.7982900 -2.0009559 -4.0548576
v -0.1805240 -2.0009559 -4.2393966
v 0.4593288 -2.0009559 -4.3513982
v 1.1103202 -2.0009559 -4.3889463
v 1.7613116 -2.0009559 -4.3513982
v 2.4011644 -2.0009559 -4.2393966
v 3.0189305 -2.0009559 -4.0548576
v 3.6040397 -2.0009559 -3.8009390
v 4.1464807 -2.0009559 -3.4819852
v 4.6369721 -2.0009559 -3.1034537
v 5.0671216 -2.0009559 -2.6718212
v 5.4295691 -2.0009559 -2.1944731
v 5.7181130 -2.0009559 -1.6795770
v 5.9278163 -2.0009559 -1.1359429
v 6.0550909 -2.0009559 -0.5728724
v 2.8966017 -1.0305882 0.0000000
v 2.8815629 -1.0305882 0.2019145
v 2.8367037 -1.0305882 0.4003742
v 2.7627917 -1.0305882 0.5919835
v 2.6610915 -1.0305882 0.7734637
v 2.5333433 -1.0305882 0.9417097
v 2.3817329 -1.0305882 1.0938428
v 2.2088544 -1.0305882 1.2272599
v 2.0176657 -1.0305882 1.3396783
v 1.8114382 -1.0305882 1.4291745
v 1.5937005 -1.0305882 1.4942170
v 1.3681781 -1.0305882 1.5336931
v 1.1387298 -1.0305882 1.5469273
v 0.9092814 -1.0305882 1.5336931
v 0.6837590 -1.0305882 1.4942170
v 0.4660213 -1.0305882 1.4291745
v 0.2597938 -1.0305882 1.3396783
v 0.0686051 -1.0305882 1.2272599
v -0.1042734 -1.0305882 1.0938428
v -0.2558838 -1.0305882 0.9417097
v -0.3836320 -1.0305882 0.7734637
v -0.4853321 -1.0305882 0.5919835
v -0.5592441 -1.0305882 0.4003742
v -0.6041033 -1.0305882 0.2019145
v -0.6191422 -1.0305882 0.0000000
v -0.6041033 -1.0305882 -0.2019145
v -0.5592441 -1.0305882 -0.4003742
v -0.4853321 -1.0305882 -0.5919835
v -0.3836320 -1.0305882 -0.7734637
v -0.2558838 -1.0305882 -0.9417097
v -0.1042734 -1.0305882 -1.0938428
v 0.0686051 -1.0305882 -1.2272599
v 0.2597938 -1.0305882 -1.3396783
v 0.4660213 -1.0305882 -1.4291745
v 0.6837590 -1.0305882 -1.4942170
v 0.9092814 -1.0305882 -1.5336931
v 1.1387298 -1.0305882 -1.5469273
v 1.3681781 -1.0305882 -1.5336931
v 1.5937005 -1.0305882 -1.4942170
v 1.8114382 -1.0305882 -1.4291745
v 2.0176657 -1.0305882 -1.3396783
v 2.2088544 -1.0305882 -1.2272599
v 2.3817329 -1.0305882 -1.0938428
v 2.5333433 -1.0305882 -0.9417097
v 2.6610915 -1.0305882 -0.7734637
v 2.7627917 -1.0305882 -0.5919835
v 2.8367037 -1.0305882 -0.4003742
v 2.8815629 -1.0305882 -0.2019145
v 1.1469044 -0.7500000 0.0000000
vt 0.0000000 0.0058824
vt 0.0208333 0.0058824
vt 0.0416667 0.0058824
vt 0.0625000 0.0058824
vt 0.0833333 0.0058824
vt 0.1041667 0.0058824
vt 0.1250000 0.0058824
vt 0.1458333 0.0058824
vt 0.1666667 0.0058824
vt 0.1875000 0.0058824
vt 0.2083333 0.0058824
vt 0.2291667 0.0058824
vt 0.2500000 0.0058824
vt 0.2708333 0.0058824
vt 0.2916667 0.0058824
vt 0.3125000 0.0058824
vt 0.3333333 0.0058824
vt 0.3541667 0.0058824
vt 0.3750000 0.0058824
vt 0.3958333 0.0058824
vt 0.4166667 0.0058824
vt 0.4375000 0.0058824
vt 0.4583333 0.0058824
vt 0.4791667 0.0058824
vt 0.5000000 0.0058824
vt 0.5208333 0.0058824
vt 0.5416667 0.0058824
vt 0.5625000 0.0058824
vt 0.5833333 0.0058824
vt 0.6041667 0.0058824
vt 0.6250000 0.0058824
vt 0.6458333 0.0058824
vt 0.6666667 0.0058824
vt 0.6875000 0.0058824
vt 0.7083333 0.0058824
vt 0.7291667 0.0058824
vt 0.7500000 0.0058824
vt 0.7708333 0.0058824
vt 0.7916667 0.0058824
vt 0.8125000 0.0058824
vt 0.8333333 0.0058824
vt 0.8541667 0.0058824
vt 0.8750000 0.0058824
vt 0.8958333 0.0058824
vt 0.9166667 0.0058824
vt 0.9375000 0.0058824
vt 0.9583333 0.0058824
vt 0.9791667 0.0058824
vt 1.0000000 0.0058824
vt 0.0000000 0.0584034
vt 0.0208333 0.0584034
vt 0.0416667 0.0584034
vt 0.0625000 0.0584034
vt 0.0833333 0.0584034
vt 0.1041667 0.0584034
vt 0.1250000 0.0584034
vt 0.1458333 0.0584034
vt 0.1666667 0.0584034
vt 0.1875000 0.0584034
vt 0.2083333 0.0584034
vt 0.2291667 0.0584034
vt 0.2500000 0.0584034
vt 0.2708333 0.0584034
vt 0.2916667 0.0584034
vt 0.3125000 0.0584034
vt 0.3333333 0.0584034
vt 0.3541667 0.0584034
vt 0.3750000 0.0584034
vt 0.3958333 0.0584034
vt 0.4166667 0.0584034
vt 0.4375000 0.0584034
vt 0.4583333 0.0584034
vt 0.4791667 0.0584034
vt 0.5000000 0.0584034
vt 0.5208333 0.0584034
vt 0.5416667 0.0584034
vt 0.5625000 0.0584034
vt 0.5833333 0.0584034
vt 0.6041667 0.0584034
vt 0.6250000 0.0584034
vt 0.6458333 0.0584034
vt 0.6666667 0.0584034
vt 0.6875000 0.0584034
vt 0.7083333 0.0584034
vt 0.7291667 0.0584034
vt 0.7500000 0.0584034
vt 0.7708333 0.0584034
vt 0.7916667 0.0584034
vt 0.8125000 0.0584034
vt 0.8333333 0.0584034
vt 0.8541667 0.0584034
vt 0.8750000 0.0584034
vt 0.8958333 0.0584034
vt 0.9166667 0.0584034
vt 0.9375000 0.0584034
vt 0.9583333 0.0584034
vt 0.9791667 0.0584034
vt 1.0000000 0.0584034
vt 0.0000000 0.1109244
vt 0.0208333 0.1109244
vt 0.0416667 0.1109244
vt 0.0625000 0.1109244
vt 0.0833333 0.1109244
vt 0.1041667 0.1109244
vt 0.1250000 0.1109244
vt 0.1458333 0.1109244
vt 0.1666667 0.1109244
vt 0.1875000 0.1109244
vt 0.2083333 0.1109244
vt 0.2291667 0.1109244
vt 0.2500000 0.1109244
vt 0.2708333 0.1109244
vt 0.2916667 0.1109244
vt 0.3125000 0.1109244
vt 0.3333333 0.1109244
vt 0.3541667 0.1109244
vt 0.3750000 0.1109244
vt 0.3958333 0.1109244
vt 0.4166667 0.1109244
vt 0.4375000 0.1109244
vt 0.4583333 0.1109244
vt 0.4791667 0.1109244
vt 0.5000000 0.1109244
vt 0.5208333 0.1109244
vt 0.5416667 0.1109244
vt 0.5625000 0.1109244
vt 0.5833333 0.1109244
vt 0.6041667 0.1109244
vt 0.6250000 0.1109244
vt 0.6458333 0.1109244
vt 0.6666667 0.1109244
vt 0.6875000 0.1109244
vt 0.7083333 0.1109244
vt 0.7291667 0.1109244
vt 0.7500000 0.1109244
vt 0.7708333 0.1109244
vt 0.7916667 0.1109244
vt 0.8125000 0.1109244
vt 0.8333333 0.1109244
vt 0.8541667 0.1109244
vt 0.8750000 0.1109244
vt 0.8958333 0.1109244
vt 0.9166667 0.1109244
vt 0.9375000 0.1109244
vt 0.9583333 0.1109244
vt 0.9791667 0.1109244
vt 1.0000000 0.1109244
vt 0.0000000 0.1634454
vt 0.0208333 0.1634454
vt 0.0416667 0.1634454
vt 0.0625000 0.1634454
vt 0.0833333 0.1634454
vt 0.1041667 0.1634454
vt 0.1250000 0.1634454
vt 0.1458333 0.1634454
vt 0.1666667 0.1634454
vt 0.1875000 0.1634454
vt 0.2083333 0.1634454
vt 0.2291667 0.1634454
vt 0.2500000 0.1634454
vt 0.2708333 0.1634454
vt 0.2916667 0.1634454
vt 0.3125000 0.1634454
vt 0.3333333 0.1634454
vt 0.3541667 0.1634454
vt 0.3750000 0.1634454
vt 0.3958333 0.1634454
vt 0.4166667 0.1634454
vt 0.4375000 0.1634454
vt 0.4583333 0.1634454
vt 0.4791667 0.1634454
vt 0.5000000 0.1634454
vt 0.5208333 0.1634454
vt 0.5416667 0.1634454
vt 0.5625000 0.1634454
vt 0.5833333 0.1634454
vt 0.6041667 0.1634454
vt 0.6250000 0.1634454
vt 0.6458333 0.1634454
vt 0.6666667 0.1634454
vt 0.6875000 0.1634454
vt 0.7083333 0.1634454
vt 0.7291667 0.1634454
vt 0.7500000 0.1634454
vt 0.7708333 0.1634454
vt 0.7916667 0.1634454
vt 0.8125000 0.1634454
vt 0.8333333 0.1634454
vt 0.8541667 0.1634454
vt 0.8750000 0.1634454
vt 0.8958333 0.1634454
vt 0.9166667 0.1634454
vt 0.9375000 0.1634454
vt 0.9583333 0.1634454
vt 0.9791667 0.1634454
vt 1.0000000 0.1634454
vt 0.0000000 0.2159664
vt 0.0208333 0.2159664
vt 0.0416667 0.2159664
vt 0.0625000 0.2159664
vt 0.0833333 0.2159664
vt 0.1041667 0.2159664
vt 0.1250000 0.2159664
vt 0.1458333 0.2159664
vt 0.1666667 0.2159664
vt 0.1875000 0.2159664
vt 0.2083333 0.2159664
vt 0.2291667 0.2159664
vt 0.2500000 0.2159664
vt 0.2708333 0.2159664
vt 0.2916667 0.2159664
vt 0.3125000 0.2159664
vt 0.3333333 0.2159664
vt 0.3541667 0.2159664
vt 0.3750000 0.2159664
vt 0.3958333 0.2159664
vt 0.4166667 0.2159664
vt 0.4375000 0.2159664
vt 0.4583333 0.2159664
vt 0.4791667 0.2159664
vt 0.5000000 0.2159664
vt 0.5208333 0.2159664
vt 0.5416667 0.2159664
vt 0.5625000 0.2159664
vt 0.5833333 0.2159664
vt 0.6041667 0.2159664
vt 0.6250000 0.2159664
vt 0.6458333 0.2159664
vt 0.6666667 0.2159664
vt 0.6875000 0.2159664
vt 0.7083333 0.2159664
vt 0.7291667 0.2159664
vt 0.7500000 0.2159664
vt 0.7708333 0.2159664
vt 0.7916667 0.2159664
vt 0.8125000 0.2159664
vt 0.8333333 0.2159664
vt 0.8541667 0.2159664
vt 0.8750000 0.2159664
vt 0.8958333 0.2159664
vt 0.9166667 0.2159664
vt 0.9375000 0.2159664
vt 0.9583333 0.2159664
vt 0.9791667 0.2159664
vt 1.0000000 0.2159664
vt 0.0000000 0.2684874
vt 0.0208333 0.2684874
vt 0.0416667 0.2684874
vt 0.0625000 0.2684874
vt 0.0833333 0.2684874
vt 0.1041667 0.2684874
vt 0.1250000 0.2684874
vt 0.1458333 0.2684874
vt 0.1666667 0.2684874
vt 0.1875000 0.2684874
vt 0.2083333 0.2684874
vt 0.2291667 0.2684874
vt 0.2500000 0.2684874
vt 0.2708333 0.2684874
vt 0.2916667 0.2684874
vt 0.3125000 0.2684874
vt 0.3333333 0.2684874
vt 0.3541667 0.2684874
vt 0.3750000 0.2684874
vt 0.3958333 0.2684874
vt 0.4166667 0.2684874
vt 0.4375000 0.2684874
vt 0.4583333 0.2684874
vt 0.4791667 0.2684874
vt 0.5000000 0.2684874
vt 0.5208333 0.2684874
vt 0.5416667 0.2684874
vt 0.5625000 0.2684874
vt 0.5833333 0.2684874
vt 0.6041667 0.2684874
vt 0.6250000 0.2684874
vt 0.6458333 0.2684874
vt 0.6666667 0.2684874
vt 0.6875000 0.2684874
vt 0.7083333 0.2684874
vt 0.7291667 0.2684874
vt 0.7500000 0.2684874
vt 0.7708333 0.2684874
vt 0.7916667 0.2684874
vt 0.8125000 0.2684874
vt 0.8333333 0.2684874
vt 0.8541667 0.2684874
vt 0.8750000 0.2684874
vt 0.8958333 0.2684874
vt 0.9166667 0.2684874
vt 0.9375000 0.2684874
vt 0.9583333 0.2684874
vt 0.9791667 0.2684874
vt 1.0000000 0.2684874
vt 0.0000000 0.3210084
vt 0.0208333 0.3210084
vt 0.0416667 0.3210084
vt 0.0625000 0.3210084
vt 0.0833333 0.3210084
vt 0.1041667 0.3210084
vt 0.1250000 0.3210084
vt 0.1458333 0.3210084
vt 0.1666667 0.3210084
vt 0.1875000 0.3210084
vt 0.2083333 0.3210084
vt 0.2291667 0.3210084
vt 0.2500000 0.3210084
vt 0.2708333 0.3210084
vt 0.2916667 0.3210084
vt 0.3125000 0.3210084
vt 0.3333333 0.3210084
vt 0.3541667 0.3210084
vt 0.3750000 0.3210084
vt 0.3958333 0.3210084
vt 0.4166667 0.3210084
vt 0.4375000 0.3210084
vt 0.4583333 0.3210084
vt 0.4791667 0.3210084
vt 0.5000000 0.3210084
vt 0.5208333 0.3210084
vt 0.5416667 0.3210084
vt 0.5625000 0.3210084
vt 0.5833333 0.3210084
vt 0.6041667 0.3210084
vt 0.6250000 0.3210084
vt 0.6458333 0.3210084
vt 0.6666667 0.3210084
vt 0.6875000 0.3210084
vt 0.7083333 0.3210084
vt 0.7291667 0.3210084
vt 0.7500000 0.3210084
vt 0.7708333 0.3210084
vt 0.7916667 0.3210084
vt 0.8125000 0.3210084
vt 0.8333333 0.3210084
vt 0.8541667 0.3210084
vt 0.8750000 0.3210084
vt 0.8958333 0.3210084
vt 0.9166667 0.3210084
vt 0.9375000 0.3210084
vt 0.9583333 0.3210084
vt 0.9791667 0.3210084
vt 1.0000000 0.3210084
vt 0.0000000 0.3735294
vt 0.0208333 0.3735294
vt 0.0416667 0.3735294
vt 0.0625000 0.3735294
vt 0.0833333 0.3735294
vt 0.1041667 0.3735294
vt 0.1250000 0.3735294
vt 0.1458333 0.3735294
vt 0.1666667 0.3735294
vt 0.1875000 0.3735294
vt 0.2083333 0.3735294
vt 0.2291667 0.3735294
vt 0.2500000 0.3735294
vt 0.2708333 0.3735294
vt 0.2916667 0.3735294
vt 0.3125000 0.3735294
vt 0.3333333 0.3735294
vt 0.3541667 0.3735294
vt 0.3750000 0.3735294
vt 0.3958333 0.3735294
vt 0.4166667 0.3735294
vt 0.4375000 0.3735294
vt 0.4583333 0.3735294
vt 0.4791667 0.3735294
vt 0.5000000 0.3735294
vt 0.5208333 0.3735294
vt 0.5416667 0.3735294
vt 0.5625000 0.3735294
vt 0.5833333 0.3735294
vt 0.6041667 0.3735294
vt 0.6250000 0.3735294
vt 0.6458333 0.3735294
vt 0.6666667 0.3735294
vt 0.6875000 0.3735294
vt 0.7083333 0.3735294
vt 0.7291667 0.3735294
vt 0.7500000 0.3735294
vt 0.7708333 0.3735294
vt 0.7916667 0.3735294
vt 0.8125000 0.3735294
vt 0.8333333 0.3735294
vt 0.8541667 0.3735294
vt 0.8750000 0.3735294
vt 0.8958333 0.3735294
vt 0.9166667 0.3735294
vt 0.9375000 0.3735294
vt 0.9583333 0.3735294
vt 0.9791667 0.3735294
vt 1.0000000 0.3735294
vt 0.0000000 0.3823529
vt 0.0208333 0.3823529
vt 0.0416667 0.3823529
vt 0.0625000 0.3823529
vt 0.0833333 0.3823529
vt 0.1041667 0.3823529
vt 0.1250000 0.3823529
vt 0.1458333 0.3823529
vt 0.1666667 0.3823529
vt 0.1875000 0.3823529
vt 0.2083333 0.3823529
vt 0.2291667 0.3823529
vt 0.2500000 0.3823529
vt 0.2708333 0.3823529
vt 0.2916667 0.3823529
vt 0.3125000 0.3823529
vt 0.3333333 0.3823529
vt 0.3541667 0.3823529
vt 0.3750000 0.3823529
vt 0.3958333 0.3823529
vt 0.4166667 0.3823529
vt 0.4375000 0.3823529
vt 0.4583333 0.3823529
vt 0.4791667 0.3823529
vt 0.5000000 0.3823529
vt 0.5208333 0.3823529
vt 0.5416667 0.3823529
vt 0.5625000 0.3823529
vt 0.5833333 0.3823529
vt 0.6041667 0.3823529
vt 0.6250000 0.3823529
vt 0.6458333 0.3823529
vt 0.6666667 0.3823529
vt 0.6875000 0.3823529
vt 0.7083333 0.3823529
vt 0.7291667 0.3823529
vt 0.7500000 0.3823529
vt 0.7708333 0.3823529
vt 0.7916667 0.3823529
vt 0.8125000 0.3823529
vt 0.8333333 0.3823529
vt 0.8541667 0.3823529
vt 0.8750000 0.3823529
vt 0.8958333 0.3823529
vt 0.9166667 0.3823529
vt 0.9375000 0.3823529
vt 0.9583333 0.3823529
vt 0.9791667 0.3823529
vt 1.0000000 0.3823529
vt 0.0000000 0.4000000
vt 0.0208333 0.4000000
vt 0.0416667 0.4000000
vt 0.0625000 0.4000000
vt 0.0833333 0.4000000
vt 0.1041667 0.4000000
vt 0.1250000 0.4000000
vt 0.1458333 0.4000000
vt 0.1666667 0.4000000
vt 0.1875000 0.4000000
vt 0.2083333 0.4000000
vt 0.2291667 0.4000000
vt 0.2500000 0.4000000
vt 0.2708333 0.4000000
vt 0.2916667 0.4000000
vt 0.3125000 0.4000000
vt 0.3333333 0.4000000
vt 0.3541667 0.4000000
vt 0.3750000 0.4000000
vt 0.3958333 0.4000000
vt 0.4166667 0.4000000
vt 0.4375000 0.4000000
vt 0.4583333 0.4000000
vt 0.4791667 0.4000000
vt 0.5000000 0.4000000
vt 0.5208333 0.4000000
vt 0.5416667 0.4000000
vt 0.5625000 0.4000000
vt 0.5833333 0.4000000
vt 0.6041667 0.4000000
vt 0.6250000 0.4000000
vt 0.6458333 0.4000000
vt 0.6666667 0.4000000
vt 0.6875000 0.4000000
vt 0.7083333 0.4000000
vt 0.7291667 0.4000000
vt 0.7500000 0.4000000
vt 0.7708333 0.4000000
vt 0.7916667 0.4000000
vt 0.8125000 0.4000000
vt 0.8333333 0.4000000
vt 0.8541667 0.4000000
vt 0.8750000 0.4000000
vt 0.8958333 0.4000000
vt 0.9166667 0.4000000
vt 0.9375000 0.4000000
vt 0.9583333 0.4000000
vt 0.9791667 0.4000000
vt 1.0000000 0.4000000
vt 0.0000000 0.4176471
vt 0.0208333 0.4176471
vt 0.0416667 0.4176471
vt 0.0625000 0.4176471
vt 0.0833333 0.4176471
vt 0.1041667 0.4176471
vt 0.1250000 0.4176471
vt 0.1458333 0.4176471
vt 0.1666667 0.4176471
vt 0.1875000 0.4176471
vt 0.2083333 0.4176471
vt 0.2291667 0.4176471
vt 0.2500000 0.4176471
vt 0.2708333 0.4176471
vt 0.2916667 0.4176471
vt 0.3125000 0.4176471
vt 0.3333333 0.4176471
vt 0.3541667 0.4176471
vt 0.3750000 0.4176471
vt 0.3958333 0.4176471
vt 0.4166667 0.4176471
vt 0.4375000 0.4176471
vt 0.4583333 0.4176471
vt 0.4791667 0.4176471
vt 0.5000000 0.4176471
vt 0.5208333 0.4176471
vt 0.5416667 0.4176471
vt 0.5625000 0.4176471
vt 0.5833333 0.4176471
vt 0.6041667 0.4176471
vt 0.6250000 0.4176471
vt 0.6458333 0.4176471
vt 0.6666667 0.4176471
vt 0.6875000 0.4176471
vt 0.7083333 0.4176471
vt 0.7291667 0.4176471
vt 0.7500000 0.4176471
vt 0.7708333 0.4176471
vt 0.7916667 0.4176471
vt 0.8125000 0.4176471
vt 0.8333333 0.4176471
vt 0.8541667 0.4176471
vt 0.8750000 0.4176471
vt 0.8958333 0.4176471
vt 0.9166667 0.4176471
vt 0.9375000 0.4176471
vt 0.9583333 0.4176471
vt 0.9791667 0.4176471
vt 1.0000000 0.4176471
vt 0.0000000 0.4352941
vt 0.0208333 0.4352941
vt 0.0416667 0.4352941
vt 0.0625000 0.4352941
vt 0.0833333 0.4352941
vt 0.1041667 0.4352941
vt 0.1250000 0.4352941
vt 0.1458333 0.4352941
vt 0.1666667 0.4352941
vt 0.1875000 0.4352941
vt 0.2083333 0.4352941
vt 0.2291667 0.4352941
vt 0.2500000 0.4352941
vt 0.2708333 0.4352941
vt 0.2916667 0.4352941
vt 0.3125000 0.4352941
vt 0.3333333 0.4352941
vt 0.3541667 0.4352941
vt 0.3750000 0.4352941
vt 0.3958333 0.4352941
vt 0.4166667 0.4352941
vt 0.4375000 0.4352941
vt 0.4583333 0.4352941
vt 0.4791667 0.4352941
vt 0.5000000 0.4352941
vt 0.5208333 0.4352941
vt 0.5416667 0.4352941
vt 0.5625000 0.4352941
vt 0.5833333 0.4352941
vt 0.6041667 0.4352941
vt 0.6250000 0.4352941
vt 0.6458333 0.4352941
vt 0.6666667 0.4352941
vt 0.6875000 0.4352941
vt 0.7083333 0.4352941
vt 0.7291667 0.4352941
vt 0.7500000 0.4352941
vt 0.7708333 0.4352941
vt 0.7916667 0.4352941
vt 0.8125000 0.4352941
vt 0.8333333 0.4352941
vt 0.8541667 0.4352941
vt 0.8750000 0.4352941
vt 0.8958333 0.4352941
vt 0.9166667 0.4352941
vt 0.9375000 0.4352941
vt 0.9583333 0.4352941
vt 0.9791667 0.4352941
vt 1.0000000 0.4352941
vt 0.0000000 0.4529412
vt 0.0208333 0.4529412
vt 0.0416667 0.4529412
vt 0.0625000 0.4529412
vt 0.0833333 0.4529412
vt 0.1041667 0.4529412
vt 0.1250000 0.4529412
vt 0.1458333 0.4529412
vt 0.1666667 0.4529412
vt 0.1875000 0.4529412
vt 0.2083333 0.4529412
vt 0.2291667 0.4529412
vt 0.2500000 0.4529412
vt 0.2708333 0.4529412
vt 0.2916667 0.4529412
vt 0.3125000 0.4529412
vt 0.3333333 0.4529412
vt 0.3541667 0.4529412
vt 0.3750000 0.4529412
vt 0.3958333 0.4529412
vt 0.4166667 0.4529412
vt 0.4375000 0.4529412
vt 0.4583333 0.4529412
vt 0.4791667 0.4529412
vt 0.5000000 0.4529412
vt 0.5208333 0.4529412
vt 0.5416667 0.4529412
vt 0.5625000 0.4529412
vt 0.5833333 0.4529412
vt 0.6041667 0.4529412
vt 0.6250000 0.4529412
vt 0.6458333 0.4529412
vt 0.6666667 0.4529412
vt 0.6875000 0.4529412
vt 0.7083333 0.4529412
vt 0.7291667 0.4529412
vt 0.7500000 0.4529412
vt 0.7708333 0.4529412
vt 0.7916667 0.4529412
vt 0.8125000 0.4529412
vt 0.8333333 0.4529412
vt 0.8541667 0.4529412
vt 0.8750000 0.4529412
vt 0.8958333 0.4529412
vt 0.9166667 0.4529412
vt 0.9375000 0.4529412
vt 0.9583333 0.4529412
vt 0.9791667 0.4529412
vt 1.0000000 0.4529412
vt 0.0000000 0.4705882
vt 0.0208333 0.4705882
vt 0.0416667 0.4705882
vt 0.0625000 0.4705882
vt 0.0833333 0.4705882
vt 0.1041667 0.4705882
vt 0.1250000 0.4705882
vt 0.1458333 0.4705882
vt 0.1666667 0.4705882
vt 0.1875000 0.4705882
vt 0.2083333 0.4705882
vt 0.2291667 0.4705882
vt 0.2500000 0.4705882
vt 0.2708333 0.4705882
vt 0.2916667 0.4705882
vt 0.3125000 0.4705882
vt 0.3333333 0.4705882
vt 0.3541667 0.4705882
vt 0.3750000 0.4705882
vt 0.3958333 0.4705882
vt 0.4166667 0.4705882
vt 0.4375000 0.4705882
vt 0.4583333 0.4705882
vt 0.4791667 0.4705882
vt 0.5000000 0.4705882
vt 0.5208333 0.4705882
vt 0.5416667 0.4705882
vt 0.5625000 0.4705882
vt 0.5833333 0.4705882
vt 0.6041667 0.4705882
vt 0.6250000 0.4705882
vt 0.6458333 0.4705882
vt 0.6666667 0.4705882
vt 0.6875000 0.4705882
vt 0.7083333 0.4705882
vt 0.7291667 0.4705882
vt 0.7500000 0.4705882
vt 0.7708333 0.4705882
vt 0.7916667 0.4705882
vt 0.8125000 0.4705882
vt 0.8333333 0.4705882
vt 0.8541667 0.4705882
vt 0.8750000 0.4705882
vt 0.8958333 0.4705882
vt 0.9166667 0.4705882
vt 0.9375000 0.4705882
vt 0.9583333 0.4705882
vt 0.9791667 0.4705882
vt 1.0000000 0.4705882
vt 0.0000000 0.4882353
vt 0.0208333 0.4882353
vt 0.0416667 0.4882353
vt 0.0625000 0.4882353
vt 0.0833333 0.4882353
vt 0.1041667 0.4882353
vt 0.1250000 0.4882353
vt 0.1458333 0.4882353
vt 0.1666667 0.4882353
vt 0.1875000 0.4882353
vt 0.2083333 0.4882353
vt 0.2291667 0.4882353
vt 0.2500000 0.4882353
vt 0.2708333 0.4882353
vt 0.2916667 0.4882353
vt 0.3125000 0.4882353
vt 0.3333333 0.4882353
vt 0.3541667 0.4882353
vt 0.3750000 0.4882353
vt 0.3958333 0.4882353
vt 0.4166667 0.4882353
vt 0.4375000 0.4882353
vt 0.4583333 0.4882353
vt 0.4791667 0.4882353
vt 0.5000000 0.4882353
vt 0.5208333 0.4882353
vt 0.5416667 0.4882353
vt 0.5625000 0.4882353
vt 0.5833333 0.4882353
vt 0.6041667 0.4882353
vt 0.6250000 0.4882353
vt 0.6458333 0.4882353
vt 0.6666667 0.4882353
vt 0.6875000 0.4882353
vt 0.7083333 0.4882353
vt 0.7291667 0.4882353
vt 0.7500000 0.4882353
vt 0.7708333 0.4882353
vt 0.7916667 0.4882353
vt 0.8125000 0.4882353
vt 0.8333333 0.4882353
vt 0.8541667 0.4882353
vt 0.8750000 0.4882353
vt 0.8958333 0.4882353
vt 0.9166667 0.4882353
vt 0.9375000 0.4882353
vt 0.9583333 0.4882353
vt 0.9791667 0.4882353
vt 1.0000000 0.4882353
vt 0.0000000 0.5000000
vt 0.0208333 0.5000000
vt 0.0416667 0.5000000
vt 0.0625000 0.5000000
vt 0.0833333 0.5000000
vt 0.1041667 0.5000000
vt 0.1250000 0.5000000
vt 0.1458333 0.5000000
vt 0.1666667 0.5000000
vt 0.1875000 0.5000000
vt 0.2083333 0.5000000
vt 0.2291667 0.5000000
vt 0.2500000 0.5000000
vt 0.2708333 0.5000000
vt 0.2916667 0.5000000
vt 0.3125000 0.5000000
vt 0.3333333 0.5000000
vt 0.3541667 0.5000000
vt 0.3750000 0.5000000
vt 0.3958333 0.5000000
vt 0.4166667 0.5000000
vt 0.4375000 0.5000000
vt 0.4583333 0.5000000
vt 0.4791667 0.5000000
vt 0.5000000 0.5000000
vt 0.5208333 0.5000000
vt 0.5416667 0.5000000
vt 0.5625000 0.5000000
vt 0.5833333 0.5000000
vt 0.6041667 0.5000000
vt 0.6250000 0.5000000
vt 0.6458333 0.5000000
vt 0.6666667 0.5000000
vt 0.6875000 0.5000000
vt 0.7083333 0.5000000
vt 0.7291667 0.5000000
vt 0.7500000 0.5000000
vt 0.7708333 0.5000000
vt 0.7916667 0.5000000
vt 0.8125000 0.5000000
vt 0.8333333 0.5000000
vt 0.8541667 0.5000000
vt 0.8750000 0.5000000
vt 0.8958333 0.5000000
vt 0.9166667 0.5000000
vt 0.9375000 0.5000000
vt 0.9583333 0.5000000
vt 0.9791667 0.5000000
vt 1.0000000 0.5000000
vt 0.0000000 0.5406863
vt 0.0208333 0.5406863
vt 0.0416667 0.5406863
vt 0.0625000 0.5406863
vt 0.0833333 0.5406863
vt 0.1041667 0.5406863
vt 0.1250000 0.5406863
vt 0.1458333 0.5406863
vt 0.1666667 0.5406863
vt 0.1875000 0.5406863
vt 0.2083333 0.5406863
vt 0.2291667 0.5406863
vt 0.2500000 0.5406863
vt 0.2708333 0.5406863
vt 0.2916667 0.5406863
vt 0.3125000 0.5406863
vt 0.3333333 0.5406863
vt 0.3541667 0.5406863
vt 0.3750000 0.5406863
vt 0.3958333 0.5406863
vt 0.4166667 0.5406863
vt 0.4375000 0.5406863
vt 0.4583333 0.5406863
vt 0.4791667 0.5406863
vt 0.5000000 0.5406863
vt 0.5208333 0.5406863
vt 0.5416667 0.5406863
vt 0.5625000 0.5406863
vt 0.5833333 0.5406863
vt 0.6041667 0.5406863
vt 0.6250000 0.5406863
vt 0.6458333 0.5406863
vt 0.6666667 0.5406863
vt 0.6875000 0.5406863
vt 0.7083333 0.5406863
vt 0.7291667 0.5406863
vt 0.7500000 0.5406863
vt 0.7708333 0.5406863
vt 0.7916667 0.5406863
vt 0.8125000 0.5406863
vt 0.8333333 0.5406863
vt 0.8541667 0.5406863
vt 0.8750000 0.5406863
vt 0.8958333 0.5406863
vt 0.9166667 0.5406863
vt 0.9375000 0.5406863
vt 0.9583333 0.5406863
vt 0.9791667 0.5406863
vt 1.0000000 0.5406863
vt 0.0000000 0.5813725
vt 0.0208333 0.5813725
vt 0.0416667 0.5813725
vt 0.0625000 0.5813725
vt 0.0833333 0.5813725
vt 0.1041667 0.5813725
vt 0.1250000 0.5813725
vt 0.1458333 0.5813725
vt 0.1666667 0.5813725
vt 0.1875000 0.5813725
vt 0.2083333 0.5813725
vt 0.2291667 0.5813725
vt 0.2500000 0.5813725
vt 0.2708333 0.5813725
vt 0.2916667 0.5813725
vt 0.3125000 0.5813725
vt 0.3333333 0.5813725
vt 0.3541667 0.5813725
vt 0.3750000 0.5813725
vt 0.3958333 0.5813725
vt 0.4166667 0.5813725
vt 0.4375000 0.5813725
vt 0.4583333 0.5813725
vt 0.4791667 0.5813725
vt 0.5000000 0.5813725
vt 0.5208333 0.5813725
vt 0.5416667 0.5813725
vt 0.5625000 0.5813725
vt 0.5833333 0.5813725
vt 0.6041667 0.5813725
vt 0.6250000 0.5813725
vt 0.6458333 0.5813725
vt 0.6666667 0.5813725
vt 0.6875000 0.5813725
vt 0.7083333 0.5813725
vt 0.7291667 0.5813725
vt 0.7500000 0.5813725
vt 0.7708333 0.5813725
vt 0.7916667 0.5813725
vt 0.8125000 0.5813725
vt 0.8333333 0.5813725
vt 0.8541667 0.5813725
vt 0.8750000 0.5813725
vt 0.8958333 0.5813725
vt 0.9166667 0.5813725
vt 0.9375000 0.5813725
vt 0.9583333 0.5813725
vt 0.9791667 0.5813725
vt 1.0000000 0.5813725
vt 0.0000000 0.6220588
vt 0.0208333 0.6220588
vt 0.0416667 0.6220588
vt 0.0625000 0.6220588
vt 0.0833333 0.6220588
vt 0.1041667 0.6220588
vt 0.1250000 0.6220588
vt 0.1458333 0.6220588
vt 0.1666667 0.6220588
vt 0.1875000 0.6220588
vt 0.2083333 0.6220588
vt 0.2291667 0.6220588
vt 0.2500000 0.6220588
vt 0.2708333 0.6220588
vt 0.2916667 0.6220588
vt 0.3125000 0.6220588
vt 0.3333333 0.6220588
vt 0.3541667 0.6220588
vt 0.3750000 0.6220588
vt 0.3958333 0.6220588
vt 0.4166667 0.6220588
vt 0.4375000 0.6220588
vt 0.4583333 0.6220588
vt 0.4791667 0.6220588
vt 0.5000000 0.6220588
vt 0.5208333 0.6220588
vt 0.5416667 0.6220588
vt 0.5625000 0.6220588
vt 0.5833333 0.6220588
vt 0.6041667 0.6220588
vt 0.6250000 0.6220588
vt 0.6458333 0.6220588
vt 0.6666667 0.6220588
vt 0.6875000 0.6220588
vt 0.7083333 0.6220588
vt 0.7291667 0.6220588
vt 0.7500000 0.6220588
vt 0.7708333 0.6220588
vt 0.7916667 0.6220588
vt 0.8125000 0.6220588
vt 0.8333333 0.6220588
vt 0.8541667 0.6220588
vt 0.8750000 0.6220588
vt 0.8958333 0.6220588
vt 0.9166667 0.6220588
vt 0.9375000 0.6220588
vt 0.9583333 0.6220588
vt 0.9791667 0.6220588
vt 1.0000000 0.6220588
vt 0.0000000 0.6627451
vt 0.0208333 0.6627451
vt 0.0416667 0.6627451
vt 0.0625000 0.6627451
vt 0.0833333 0.6627451
vt 0.1041667 0.6627451
vt 0.1250000 0.6627451
vt 0.1458333 0.6627451
vt 0.1666667 0.6627451
vt 0.1875000 0.6627451
vt 0.2083333 0.6627451
vt 0.2291667 0.6627451
vt 0.2500000 0.6627451
vt 0.2708333 0.6627451
vt 0.2916667 0.6627451
vt 0.3125000 0.6627451
vt 0.3333333 0.6627451
vt 0.3541667 0.6627451
vt 0.3750000 0.6627451
vt 0.3958333 0.6627451
vt 0.4166667 0.6627451
vt 0.4375000 0.6627451
vt 0.4583333 0.6627451
vt 0.4791667 0.6627451
vt 0.5000000 0.6627451
vt 0.5208333 0.6627451
vt 0.5416667 0.6627451
vt 0.5625000 0.6627451
vt 0.5833333 0.6627451
vt 0.6041667 0.6627451
vt 0.6250000 0.6627451
vt 0.6458333 0.6627451
vt 0.6666667 0.6627451
vt 0.6875000 0.6627451
vt 0.7083333 0.6627451
vt 0.7291667 0.6627451
vt 0.7500000 0.6627451
vt 0.7708333 0.6627451
vt 0.7916667 0.6627451
vt 0.8125000 0.6627451
vt 0.8333333 0.6627451
vt 0.8541667 0.6627451
vt 0.8750000 0.6627451
vt 0.8958333 0.6627451
vt 0.9166667 0.6627451
vt 0.9375000 0.6627451
vt 0.9583333 0.6627451
vt 0.9791667 0.6627451
vt 1.0000000 0.6627451
vt 0.0000000 0.7034314
vt 0.0208333 0.7034314
vt 0.0416667 0.7034314
vt 0.0625000 0.7034314
vt 0.0833333 0.7034314
vt 0.1041667 0.7034314
vt 0.1250000 0.7034314
vt 0.1458333 0.7034314
vt 0.1666667 0.7034314
vt 0.1875000 0.7034314
vt 0.2083333 0.7034314
vt 0.2291667 0.7034314
vt 0.2500000 0.7034314
vt 0.2708333 0.7034314
vt 0.2916667 0.7034314
vt 0.3125000 0.7034314
vt 0.3333333 0.7034314
vt 0.3541667 0.7034314
vt 0.3750000 0.7034314
vt 0.3958333 0.7034314
vt 0.4166667 0.7034314
vt 0.4375000 0.7034314
vt 0.4583333 0.7034314
vt 0.4791667 0.7034314
vt 0.5000000 0.7034314
vt 0.5208333 0.7034314
vt 0.5416667 0.7034314
vt 0.5625000 0.7034314
vt 0.5833333 0.7034314
vt 0.6041667 0.7034314
vt 0.6250000 0.7034314
vt 0.6458333 0.7034314
vt 0.6666667 0.7034314
vt 0.6875000 0.7034314
vt 0.7083333 0.7034314
vt 0.7291667 0.7034314
vt 0.7500000 0.7034314
vt 0.7708333 0.7034314
vt 0.7916667 0.7034314
vt 0.8125000 0.7034314
vt 0.8333333 0.7034314
vt 0.8541667 0.7034314
vt 0.8750000 0.7034314
vt 0.8958333 0.7034314
vt 0.9166667 0.7034314
vt 0.9375000 0.7034314
vt 0.9583333 0.7034314
vt 0.9791667 0.7034314
vt 1.0000000 0.7034314
vt 0.0000000 0.7441176
vt 0.0208333 0.7441176
vt 0.0416667 0.7441176
vt 0.0625000 0.7441176
vt 0.0833333 0.7441176
vt 0.1041667 0.7441176
vt 0.1250000 0.7441176
vt 0.1458333 0.7441176
vt 0.1666667 0.7441176
vt 0.1875000 0.7441176
vt 0.2083333 0.7441176
vt 0.2291667 0.7441176
vt 0.2500000 0.7441176
vt 0.2708333 0.7441176
vt 0.2916667 0.7441176
vt 0.3125000 0.7441176
vt 0.3333333 0.7441176
vt 0.3541667 0.7441176
vt 0.3750000 0.7441176
vt 0.3958333 0.7441176
vt 0.4166667 0.7441176
vt 0.4375000 0.7441176
vt 0.4583333 0.7441176
vt 0.4791667 0.7441176
vt 0.5000000 0.7441176
vt 0.5208333 0.7441176
vt 0.5416667 0.7441176
vt 0.5625000 0.7441176
vt 0.5833333 0.7441176
vt 0.6041667 0.7441176
vt 0.6250000 0.7441176
vt 0.6458333 0.7441176
vt 0.6666667 0.7441176
vt 0.6875000 0.7441176
vt 0.7083333 0.7441176
vt 0.7291667 0.7441176
vt 0.7500000 0.7441176
vt 0.7708333 0.7441176
vt 0.7916667 0.7441176
vt 0.8125000 0.7441176
vt 0.8333333 0.7441176
vt 0.8541667 0.7441176
vt 0.8750000 0.7441176
vt 0.8958333 0.7441176
vt 0.9166667 0.7441176
vt 0.9375000 0.7441176
vt 0.9583333 0.7441176
vt 0.9791667 0.7441176
vt 1.0000000 0.7441176
vt 0.0000000 0.7848039
vt 0.0208333 0.7848039
vt 0.0416667 0.7848039
vt 0.0625000 0.7848039
vt 0.0833333 0.7848039
vt 0.1041667 0.7848039
vt 0.1250000 0.7848039
vt 0.1458333 0.7848039
vt 0.1666667 0.7848039
vt 0.1875000 0.7848039
vt 0.2083333 0.7848039
vt 0.2291667 0.7848039
vt 0.2500000 0.7848039
vt 0.2708333 0.7848039
vt 0.2916667 0.7848039
vt 0.3125000 0.7848039
vt 0.3333333 0.7848039
vt 0.3541667 0.7848039
vt 0.3750000 0.7848039
vt 0.3958333 0.7848039
vt 0.4166667 0.7848039
vt 0.4375000 0.7848039
vt 0.4583333 0.7848039
vt 0.4791667 0.7848039
vt 0.5000000 0.7848039
vt 0.5208333 0.7848039
vt 0.5416667 0.7848039
vt 0.5625000 0.7848039
vt 0.5833333 0.7848039
vt 0.6041667 0.7848039
vt 0.6250000 0.7848039
vt 0.6458333 0.7848039
vt 0.6666667 0.7848039
vt 0.6875000 0.7848039
vt 0.7083333 0.7848039
vt 0.7291667 0.7848039
vt 0.7500000 0.7848039
vt 0.7708333 0.7848039
vt 0.7916667 0.7848039
vt 0.8125000 0.7848039
vt 0.8333333 0.7848039
vt 0.8541667 0.7848039
vt 0.8750000 0.7848039
vt 0.8958333 0.7848039
vt 0.9166667 0.7848039
vt 0.9375000 0.7848039
vt 0.9583333 0.7848039
vt 0.9791667 0.7848039
vt 1.0000000 0.7848039
vt 0.0000000 0.8254902
vt 0.0208333 0.8254902
vt 0.0416667 0.8254902
vt 0.0625000 0.8254902
vt 0.0833333 0.8254902
vt 0.1041667 0.8254902
vt 0.1250000 0.8254902
vt 0.1458333 0.8254902
vt 0.1666667 0.8254902
vt 0.1875000 0.8254902
vt 0.2083333 0.8254902
vt 0.2291667 0.8254902
vt 0.2500000 0.8254902
vt 0.2708333 0.8254902
vt 0.2916667 0.8254902
vt 0.3125000 0.8254902
vt 0.3333333 0.8254902
vt 0.3541667 0.8254902
vt 0.3750000 0.8254902
vt 0.3958333 0.8254902
vt 0.4166667 0.8254902
vt 0.4375000 0.8254902
vt 0.4583333 0.8254902
vt 0.4791667 0.8254902
vt 0.5000000 0.8254902
vt 0.5208333 0.8254902
vt 0.5416667 0.8254902
vt 0.5625000 0.8254902
vt 0.5833333 0.8254902
vt 0.6041667 0.8254902
vt 0.6250000 0.8254902
vt 0.6458333 0.8254902
vt 0.6666667 0.8254902
vt 0.6875000 0.8254902
vt 0.7083333 0.8254902
vt 0.7291667 0.8254902
vt 0.7500000 0.8254902
vt 0.7708333 0.8254902
vt 0.7916667 0.8254902
vt 0.8125000 0.8254902
vt 0.8333333 0.8254902
vt 0.8541667 0.8254902
vt 0.8750000 0.8254902
vt 0.8958333 0.8254902
vt 0.9166667 0.8254902
vt 0.9375000 0.8254902
vt 0.9583333 0.8254902
vt 0.9791667 0.8254902
vt 1.0000000 0.8254902
vt 0.0000000 0.8661765
vt 0.0208333 0.8661765
vt 0.0416667 0.8661765
vt 0.0625000 0.8661765
vt 0.0833333 0.8661765
vt 0.1041667 0.8661765
vt 0.1250000 0.8661765
vt 0.1458333 0.8661765
vt 0.1666667 0.8661765
vt 0.1875000 0.8661765
vt 0.2083333 0.8661765
vt 0.2291667 0.8661765
vt 0.2500000 0.8661765
vt 0.2708333 0.8661765
vt 0.2916667 0.8661765
vt 0.3125000 0.8661765
vt 0.3333333 0.8661765
vt 0.3541667 0.8661765
vt 0.3750000 0.8661765
vt 0.3958333 0.8661765
vt 0.4166667 0.8661765
vt 0.4375000 0.8661765
vt 0.4583333 0.8661765
vt 0.4791667 0.8661765
vt 0.5000000 0.8661765
vt 0.5208333 0.8661765
vt 0.5416667 0.8661765
vt 0.5625000 0.8661765
vt 0.5833333 0.8661765
vt 0.6041667 0.8661765
vt 0.6250000 0.8661765
vt 0.6458333 0.8661765
vt 0.6666667 0.8661765
vt 0.6875000 0.8661765
vt 0.7083333 0.8661765
vt 0.7291667 0.8661765
vt 0.7500000 0.8661765
vt 0.7708333 0.8661765
vt 0.7916667 0.8661765
vt 0.8125000 0.8661765
vt 0.8333333 0.8661765
vt 0.8541667 0.8661765
vt 0.8750000 0.8661765
vt 0.8958333 0.8661765
vt 0.9166667 0.8661765
vt 0.9375000 0.8661765
vt 0.9583333 0.8661765
vt 0.9791667 0.8661765
vt 1.0000000 0.8661765
vt 0.0000000 0.9068627
vt 0.0208333 0.9068627
vt 0.0416667 0.9068627
vt 0.0625000 0.9068627
vt 0.0833333 0.9068627
vt 0.1041667 0.9068627
vt 0.1250000 0.9068627
vt 0.1458333 0.9068627
vt 0.1666667 0.9068627
vt 0.1875000 0.9068627
vt 0.2083333 0.9068627
vt 0.2291667 0.9068627
vt 0.2500000 0.9068627
vt 0.2708333 0.9068627
vt 0.2916667 0.9068627
vt 0.3125000 0.9068627
vt 0.3333333 0.9068627
vt 0.3541667 0.9068627
vt 0.3750000 0.9068627
vt 0.3958333 0.9068627
vt 0.4166667 0.9068627
vt 0.4375000 0.9068627
vt 0.4583333 0.9068627
vt 0.4791667 0.9068627
vt 0.5000000 0.9068627
vt 0.5208333 0.9068627
vt 0.5416667 0.9068627
vt 0.5625000 0.9068627
vt 0.5833333 0.9068627
vt 0.6041667 0.9068627
vt 0.6250000 0.9068627
vt 0.6458333 0.9068627
vt 0.6666667 0.9068627
vt 0.6875000 0.9068627
vt 0.7083333 0.9068627
vt 0.7291667 0.9068627
vt 0.7500000 0.9068627
vt 0.7708333 0.9068627
vt 0.7916667 0.9068627
vt 0.8125000 0.9068627
vt 0.8333333 0.9068627
vt 0.8541667 0.9068627
vt 0.8750000 0.9068627
vt 0.8958333 0.9068627
vt 0.9166667 0.9068627
vt 0.9375000 0.9068627
vt 0.9583333 0.9068627
vt 0.9791667 0.9068627
vt 1.0000000 0.9068627
vt 0.0000000 0.9475490
vt 0.0208333 0.9475490
vt 0.0416667 0.9475490
vt 0.0625000 0.9475490
vt 0.0833333 0.9475490
vt 0.1041667 0.9475490
vt 0.1250000 0.9475490
vt 0.1458333 0.9475490
vt 0.1666667 0.9475490
vt 0.1875000 0.9475490
vt 0.2083333 0.9475490
vt 0.2291667 0.9475490
vt 0.2500000 0.9475490
vt 0.2708333 0.9475490
vt 0.2916667 0.9475490
vt 0.3125000 0.9475490
vt 0.3333333 0.9475490
vt 0.3541667 0.9475490
vt 0.3750000 0.9475490
vt 0.3958333 0.9475490
vt 0.4166667 0.9475490
vt 0.4375000 0.9475490
vt 0.4583333 0.9475490
vt 0.4791667 0.9475490
vt 0.5000000 0.9475490
vt 0.5208333 0.9475490
vt 0.5416667 0.9475490
vt 0.5625000 0.9475490
vt 0.5833333 0.9475490
vt 0.6041667 0.9475490
vt 0.6250000 0.9475490
vt 0.6458333 0.9475490
vt 0.6666667 0.9475490
vt 0.6875000 0.9475490
vt 0.7083333 0.9475490
vt 0.7291667 0.9475490
vt 0.7500000 0.9475490
vt 0.7708333 0.9475490
vt 0.7916667 0.9475490
vt 0.8125000 0.9475490
vt 0.8333333 0.9475490
vt 0.8541667 0.9475490
vt 0.8750000 0.9475490
vt 0.8958333 0.9475490
vt 0.9166667 0.9475490
vt 0.9375000 0.9475490
vt 0.9583333 0.9475490
vt 0.9791667 0.9475490
vt 1.0000000 0.9475490
vt 0.0000000 0.9882353
vt 0.0208333 0.9882353
vt 0.0416667 0.9882353
vt 0.0625000 0.9882353
vt 0.0833333 0.9882353
vt 0.1041667 0.9882353
vt 0.1250000 0.9882353
vt 0.1458333 0.9882353
vt 0.1666667 0.9882353
vt 0.1875000 0.9882353
vt 0.2083333 0.9882353
vt 0.2291667 0.9882353
vt 0.2500000 0.9882353
vt 0.2708333 0.9882353
vt 0.2916667 0.9882353
vt 0.3125000 0.9882353
vt 0.3333333 0.9882353
vt 0.3541667 0.9882353
vt 0.3750000 0.9882353
vt 0.3958333 0.9882353
vt 0.4166667 0.9882353
vt 0.4375000 0.9882353
vt 0.4583333 0.9882353
vt 0.4791667 0.9882353
vt 0.5000000 0.9882353
vt 0.5208333 0.9882353
vt 0.5416667 0.9882353
vt 0.5625000 0.9882353
vt 0.5833333 0.9882353
vt 0.6041667 0.9882353
vt 0.6250000 0.9882353
vt 0.6458333 0.9882353
vt 0.6666667 0.9882353
vt 0.6875000 0.9882353
vt 0.7083333 0.9882353
vt 0.7291667 0.9882353
vt 0.7500000 0.9882353
vt 0.7708333 0.9882353
vt 0.7916667 0.9882353
vt 0.8125000 0.9882353
vt 0.8333333 0.9882353
vt 0.8541667 0.9882353
vt 0.8750000 0.9882353
vt 0.8958333 0.9882353
vt 0.9166667 0.9882353
vt 0.9375000 0.9882353
vt 0.9583333 0.9882353
vt 0.9791667 0.9882353
vt 1.0000000 0.9882353
vt 0.0104167 0.0000000
vt 0.0312500 0.0000000
vt 0.0520833 0.0000000
vt 0.0729167 0.0000000
vt 0.0937500 0.0000000
vt 0.1145833 0.0000000
vt 0.1354167 0.0000000
vt 0.1562500 0.0000000
vt 0.1770833 0.0000000
vt 0.1979167 0.0000000
vt 0.2187500 0.0000000
vt 0.2395833 0.0000000
vt 0.2604167 0.0000000
vt 0.2812500 0.0000000
vt 0.3020833 0.0000000
vt 0.3229167 0.0000000
vt 0.3437500 0.0000000
vt 0.3645833 0.0000000
vt 0.3854167 0.0000000
vt 0.4062500 0.0000000
vt 0.4270833 0.0000000
vt 0.4479167 0.0000000
vt 0.4687500 0.0000000
vt 0.4895833 0.0000000
vt 0.5104167 0.0000000
vt 0.5312500 0.0000000
vt 0.5520833 0.0000000
vt 0.5729167 0.0000000
vt 0.5937500 0.0000000
vt 0.6145833 0.0000000
vt 0.6354167 0.0000000
vt 0.6562500 0.0000000
vt 0.6770833 0.0000000
vt 0.6979167 0.0000000
vt 0.7187500 0.0000000
vt 0.7395833 0.0000000
vt 0.7604167 0.0000000
vt 0.7812500 0.0000000
vt 0.8020833 0.0000000
vt 0.8229167 0.0000000
vt 0.8437500 0.0000000
vt 0.8645833 0.0000000
vt 0.8854167 0.0000000
vt 0.9062500 0.0000000
vt 0.9270833 0.0000000
vt 0.9479167 0.0000000
vt 0.9687500 0.0000000
vt 0.9895833 0.0000000
vt 0.0104167 1.0000000
vt 0.0312500 1.0000000
vt 0.0520833 1.0000000
vt 0.0729167 1.0000000
vt 0.0937500 1.0000000
vt 0.1145833 1.0000000
vt 0.1354167 1.0000000
vt 0.1562500 1.0000000
vt 0.1770833 1.0000000
vt 0.1979167 1.0000000
vt 0.2187500 1.0000000
vt 0.2395833 1.0000000
vt 0.2604167 1.0000000
vt 0.2812500 1.0000000
vt 0.3020833 1.0000000
vt 0.3229167 1.0000000
vt 0.3437500 1.0000000
vt 0.3645833 1.0000000
vt 0.3854167 1.0000000
vt 0.4062500 1.0000000
vt 0.4270833 1.0000000
vt 0.4479167 1.0000000
vt 0.4687500 1.0000000
vt 0.4895833 1.0000000
vt 0.5104167 1.0000000
vt 0.5312500 1.0000000
vt 0.5520833 1.0000000
vt 0.5729167 1.0000000
vt 0.5937500 1.0000000
vt 0.6145833 1.0000000
vt 0.6354167 1.0000000
vt 0.6562500 1.0000000
vt 0.6770833 1.0000000
vt 0.6979167 1.0000000
vt 0.7187500 1.0000000
vt 0.7395833 1.0000000
vt 0.7604167 1.0000000
vt 0.7812500 1.0000000
vt 0.8020833 1.0000000
vt 0.8229167 1.0000000
vt 0.8437500 1.0000000
vt 0.8645833 1.0000000
vt 0.8854167 1.0000000
vt 0.9062500 1.0000000
vt 0.9270833 1.0000000
vt 0.9479167 1.0000000
vt 0.9687500 1.0000000
vt 0.9895833 1.0000000
vn 0.0000000 -1.0000000 -0.0000000
vn 0.6632302 -0.7482033 -0.0178166
vn 0.6592863 -0.7475518 0.0806708
vn 0.6431387 -0.7449109 0.1774271
vn 0.6152925 -0.7404578 0.2704395
vn 0.5765758 -0.7344818 0.3579061
vn 0.5280558 -0.7273531 0.4383088
vn 0.4709423 -0.7194863 0.5104438
vn 0.4064981 -0.7113065 0.5734129
vn 0.3359675 -0.7032203 0.6265836
vn 0.2605288 -0.6955951 0.6695313
vn 0.1812740 -0.6887454 0.7019755
vn 0.0992103 -0.6829253 0.7237198
vn 0.0152820 -0.6783251 0.7346030
vn -0.0695951 -0.6750691 0.7344645
vn -0.1544886 -0.6732143 0.7231292
vn -0.2384004 -0.6727474 0.7004114
vn -0.3202182 -0.6735822 0.6661437
vn -0.3986734 -0.6755563 0.6202283
vn -0.4723172 -0.6784310 0.5627147
vn -0.5395229 -0.6818956 0.4938961
vn -0.5985283 -0.6855818 0.4144170
vn -0.6475268 -0.6890889 0.3253699
vn -0.6848054 -0.6920220 0.2283575
vn -0.7089162 -0.6940387 0.1254920
vn -0.7188504 -0.6948966 0.0193108
vn -0.7141750 -0.6944909 -0.0873871
vn -0.6950951 -0.6928713 -0.1917606
vn -0.6624241 -0.6902339 -0.2911553
vn -0.6174703 -0.6868903 -0.3832912
vn -0.5618717 -0.6832220 -0.4663774
vn -0.4974193 -0.6796325 -0.5391416
vn -0.4259044 -0.6765055 -0.6007876
vn -0.3490098 -0.6741747 -0.6509076
vn -0.2682509 -0.6729057 -0.6893761
vn -0.1849596 -0.6728887 -0.7162477
vn -0.1003005 -0.6742370 -0.7316722
vn -0.0153076 -0.6769899 -0.7358331
vn 0.0690689 -0.6811156 -0.7289109
vn 0.1519125 -0.6865136 -0.7110708
vn 0.2322939 -0.6930176 -0.6824706
vn 0.3092319 -0.7003960 -0.6432893
vn 0.3816666 -0.7083555 -0.5937703
vn 0.4484495 -0.7165467 -0.5342788
vn 0.5083563 -0.7245751 -0.4653653
vn 0.5601237 -0.7320194 -0.3878260
vn 0.6025132 -0.7384574 -0.3027514
vn 0.6343951 -0.7434988 -0.2115475
vn 0.6548441 -0.7468211 -0.1159202
vn 0.9866594 -0.1627920 -0.0014238
vn 0.9761772 -0.1617609 0.1446083
vn 0.9449195 -0.1586977 0.2862554
vn 0.8945975 -0.1537980 0.4195729
vn 0.8277160 -0.1473474 0.5414564
vn 0.7471688 -0.1396756 0.6497919
vn 0.6558621 -0.1311124 0.7434073
vn 0.5564394 -0.1219573 0.8218891
vn 0.4511342 -0.1124617 0.8853419
vn 0.3417308 -0.1028252 0.9341558
vn 0.2296021 -0.0931990 0.9688121
vn 0.1157911 -0.0836944 0.9897412
vn 0.0011144 -0.0743932 0.9972284
vn -0.1137264 -0.0653575 0.9913600
vn -0.2280305 -0.0566396 0.9720052
vn -0.3409820 -0.0482906 0.9388287
vn -0.4515345 -0.0403680 0.8913400
vn -0.5582998 -0.0329425 0.8289850
vn -0.6594572 -0.0261032 0.7512888
vn -0.7527037 -0.0199602 0.6580568
vn -0.8352851 -0.0146430 0.5496220
vn -0.9041426 -0.0102939 0.4271068
vn -0.9561996 -0.0070551 0.2926304
vn -0.9887675 -0.0050500 0.1493765
vn -0.9999894 -0.0043633 0.0014430
vn -0.9891925 -0.0050259 -0.1465363
vn -0.9570245 -0.0070080 -0.2899225
vn -0.9053220 -0.0102258 -0.4246028
vn -0.8367617 -0.0145562 -0.5473737
vn -0.7544168 -0.0198575 -0.6560952
vn -0.6613497 -0.0259871 -0.7496274
vn -0.5603223 -0.0328150 -0.8276244
vn -0.4536469 -0.0402308 -0.8902730
vn -0.3431535 -0.0481451 -0.9380446
vn -0.2302376 -0.0564869 -0.9714936
vn -0.1159515 -0.0651984 -0.9911127
vn -0.0011144 -0.0742284 -0.9972406
vn 0.1135718 -0.0835249 -0.9900126
vn 0.2274067 -0.0930259 -0.9693464
vn 0.3395770 -0.1026503 -0.9349601
vn 0.4490449 -0.1122872 -0.8864256
vn 0.5544450 -0.1217864 -0.8232611
vn 0.6540015 -0.1309493 -0.7450734
vn 0.7454896 -0.1395254 -0.6517498
vn 0.8262727 -0.1472162 -0.5436918
vn 0.8934476 -0.1536921 -0.4220546
vn 0.9441168 -0.1586231 -0.2889327
vn 0.9757641 -0.1617223 -0.1474120
vn 0.9996382 0.0268409 0.0017595
vn 0.9883599 0.0274664 0.1496339
vn 0.9557222 0.0292857 0.2928094
vn 0.9035909 0.0322318 0.4271822
vn 0.8346646 0.0362073 0.5495672
vn 0.7520294 0.0410997 0.6578470
vn 0.6587515 0.0467958 0.7509039
vn 0.5575903 0.0531920 0.8284103
vn 0.4508515 0.0601995 0.8905666
vn 0.3403579 0.0677455 0.9378524
vn 0.2274985 0.0757707 0.9708261
vn 0.1133211 0.0842252 0.9899820
vn -0.0013571 0.0930621 0.9956594
vn -0.1158335 0.1022305 0.9879937
vn -0.2294046 0.1116670 0.9669043
vn -0.3412524 0.1212866 0.9321139
vn -0.4503335 0.1309719 0.8832022
vn -0.5552780 0.1405632 0.8197002
vn -0.6543084 0.1498497 0.7412325
vn -0.7452046 0.1585658 0.6477090
vn -0.8253434 0.1663959 0.5395560
vn -0.8918464 0.1729925 0.4179517
vn -0.9418515 0.1780090 0.2850061
vn -0.9728854 0.1811454 0.1438069
vn -0.9832606 0.1821966 -0.0017307
vn -0.9723856 0.1810906 -0.1472154
vn -0.9408801 0.1779031 -0.2882622
vn -0.8904541 0.1728417 -0.4209717
vn -0.8235949 0.1662084 -0.5422786
vn -0.7431690 0.1583504 -0.6500962
vn -0.6520512 0.1496147 -0.7432662
vn -0.5528566 0.1403159 -0.8213775
vn -0.4477952 0.1307183 -0.8845294
vn -0.3386338 0.1210315 -0.9331016
vn -0.2267339 0.1114140 -0.9675633
vn -0.1131322 0.1019822 -0.9883323
vn 0.0013572 0.0928208 -0.9956819
vn 0.1160321 0.0839925 -0.9896877
vn 0.2301887 0.0755482 -0.9702091
vn 0.3430055 0.0675346 -0.9369025
vn 0.4534280 0.0600019 -0.8892710
vn 0.5600577 0.0530097 -0.8267559
vn 0.6610608 0.0466312 -0.7488819
vn 0.7541202 0.0409555 -0.6554581
vn 0.8364670 0.0360866 -0.5468278
vn 0.9050307 0.0321377 -0.4241303
vn 0.9567294 0.0292211 -0.2895082
vn 0.9888789 0.0274335 -0.1461710
vn 0.9964469 -0.0842228 -0.0001209
vn 0.9855691 -0.0833605 0.1473245
vn 0.9535410 -0.0808286 0.2902175
vn 0.9021599 -0.0767714 0.4245159
vn 0.8340411 -0.0713990 0.5470627
vn 0.7521904 -0.0649527 0.6557368
vn 0.6596077 -0.0576734 0.7493941
vn 0.5590050 -0.0497785 0.8276687
vn 0.4526582 -0.0414504 0.8907202
vn 0.3423728 -0.0328338 0.9389903
vn 0.2295280 -0.0240389 0.9730051
vn 0.1151649 -0.0151486 0.9932309
vn 0.0000940 -0.0062269 0.9999806
vn -0.1149903 0.0026721 0.9933630
vn -0.2293935 0.0114948 0.9732659
vn -0.3423052 0.0201799 0.9393721
vn -0.4526841 0.0286490 0.8912106
vn -0.5591500 0.0367987 0.8282495
vn -0.6598942 0.0444936 0.7500400
vn -0.7526356 0.0515634 0.6564151
vn -0.8346532 0.0578050 0.5477342
vn -0.9029343 0.0629936 0.4251370
vn -0.9544586 0.0669039 0.2907450
vn -0.9865953 0.0693400 0.1477215
vn -0.9975353 0.0701669 0.0001210
vn -0.9866312 0.0693366 -0.1474833
vn -0.9545282 0.0668972 -0.2905180
vn -0.9030338 0.0629835 -0.4249271
vn -0.8347777 0.0577917 -0.5475458
vn -0.7527800 0.0515472 -0.6562508
vn -0.6600536 0.0444747 -0.7499008
vn -0.5593202 0.0367773 -0.8281354
vn -0.4528619 0.0286257 -0.8911210
vn -0.3424879 0.0201550 -0.9393060
vn -0.2295793 0.0114687 -0.9732224
vn -0.1151777 0.0026453 -0.9933414
vn -0.0000940 -0.0062538 -0.9999804
vn 0.1149775 -0.0151753 -0.9932522
vn 0.2293422 -0.0240648 -0.9730483
vn 0.3421900 -0.0328585 -0.9390561
vn 0.4524804 -0.0414735 -0.8908094
vn 0.5588347 -0.0497994 -0.8277825
vn 0.6594482 -0.0576919 -0.7495330
vn 0.7520460 -0.0649686 -0.6559009
vn 0.8339166 -0.0714119 -0.5472508
vn 0.9020603 -0.0767811 -0.4247255
vn 0.9534714 -0.0808351 -0.2904443
vn 0.9855333 -0.0833638 -0.1475625
vn 0.9876065 -0.1569440 -0.0013836
vn 0.9770939 -0.1559635 0.1447859
vn 0.9457594 -0.1530581 0.2865525
vn 0.8953255 -0.1484152 0.4199585
vn 0.8283120 -0.1423083 0.5418927
vn 0.7476279 -0.1350527 0.6502410
vn 0.6561919 -0.1269637 0.7438363
vn 0.5566564 -0.1183270 0.8222727
vn 0.4512597 -0.1093823 0.8856637
vn 0.3417872 -0.1003194 0.9344076
vn 0.2296110 -0.0912819 0.9689925
vn 0.1157714 -0.0823751 0.9898542
vn 0.0010819 -0.0736761 0.9972816
vn -0.1137597 -0.0652428 0.9913638
vn -0.2280563 -0.0571236 0.9719708
vn -0.3409957 -0.0493650 0.9387678
vn -0.4515345 -0.0420190 0.8912637
vn -0.5582873 -0.0351491 0.8289028
vn -0.6594352 -0.0288350 0.7512082
vn -0.7526765 -0.0231751 0.6579825
vn -0.8352566 -0.0182852 0.5495563
vn -0.9041154 -0.0142924 0.4270493
vn -0.9561742 -0.0113233 0.2925795
vn -0.9887419 -0.0094879 0.1493302
vn -0.9999598 -0.0088618 0.0014009
vn -0.9891545 -0.0094723 -0.1465730
vn -0.9569750 -0.0112929 -0.2899507
vn -0.9052603 -0.0142485 -0.4246185
vn -0.8366898 -0.0182295 -0.5473736
vn -0.7543392 -0.0231093 -0.6560780
vn -0.6612719 -0.0287606 -0.7495948
vn -0.5602500 -0.0350673 -0.8275809
vn -0.4535844 -0.0419308 -0.8902264
vn -0.3431030 -0.0492709 -0.9380047
vn -0.2301984 -0.0570239 -0.9714715
vn -0.1159195 -0.0651377 -0.9911204
vn -0.0010819 -0.0735658 -0.9972898
vn 0.1136162 -0.0822598 -0.9901135
vn 0.2274782 -0.0911622 -0.9695067
vn 0.3396939 -0.1001963 -0.9351838
vn 0.4492281 -0.1092573 -0.8867113
vn 0.5547162 -0.1182025 -0.8236007
vn 0.6543809 -0.1268431 -0.7454505
vn 0.7459927 -0.1349400 -0.6521396
vn 0.8269058 -0.1422087 -0.5440620
vn 0.8942048 -0.1483340 -0.4223681
vn 0.9449769 -0.1530005 -0.2891532
vn 0.9766911 -0.1559335 -0.1475102
vn 0.9896218 -0.1436920 -0.0011510
vn 0.9790328 -0.1427579 0.1453101
vn 0.9475439 -0.1399974 0.2873347
vn 0.8968956 -0.1355873 0.4209447
vn 0.8296306 -0.1297856 0.5430182
vn 0.7486817 -0.1228892 0.6514400
vn 0.6569868 -0.1151947 0.7450493
vn 0.5572126 -0.1069704 0.8234509
vn 0.4516054 -0.0984413 0.8867705
vn 0.3419545 -0.0897853 0.9354174
vn 0.2296319 -0.0811367 0.9698897
vn 0.1156765 -0.0725941 0.9906306
vn 0.0008988 -0.0642299 0.9979347
vn -0.1140065 -0.0560990 0.9918949
vn -0.2283452 -0.0482477 0.9723840
vn -0.3413077 -0.0407218 0.9390691
vn -0.4518529 -0.0335734 0.8914605
vn -0.5585975 -0.0268669 0.8290036
vn -0.6597244 -0.0206837 0.7512229
vn -0.7529338 -0.0151250 0.6579224
vn -0.8354737 -0.0103099 0.5494338
vn -0.9042868 -0.0063696 0.4268780
vn -0.9562981 -0.0034348 0.2923734
vn -0.9888204 -0.0016194 0.1491027
vn -0.9999988 -0.0010016 0.0011630
vn -0.9891629 -0.0016093 -0.1468136
vn -0.9569627 -0.0034151 -0.2901908
vn -0.9052370 -0.0063413 -0.4248596
vn -0.8366633 -0.0102744 -0.5476212
vn -0.7543139 -0.0150835 -0.6563407
vn -0.6612489 -0.0206372 -0.7498827
vn -0.5602267 -0.0268161 -0.8279051
vn -0.4535547 -0.0335189 -0.8905979
vn -0.3430572 -0.0406638 -0.9384339
vn -0.2301239 -0.0481862 -0.9719676
vn -0.1158003 -0.0560338 -0.9916907
vn -0.0008988 -0.0641611 -0.9979392
vn 0.1138856 -0.0725215 -0.9908434
vn 0.2278591 -0.0810605 -0.9703141
vn 0.3402138 -0.0897060 -0.9360595
vn 0.4499154 -0.0983598 -0.8876381
vn 0.5555979 -0.1068883 -0.8245519
vn 0.6554789 -0.1151142 -0.7463887
vn 0.7473194 -0.1228132 -0.6530165
vn 0.8284587 -0.1297179 -0.5448205
vn 0.8959611 -0.1355317 -0.4229478
vn 0.9468913 -0.1399577 -0.2894974
vn 0.9786968 -0.1427372 -0.1475762
vn 0.9888688 -0.1487853 -0.0012198
vn 0.9783004 -0.1478688 0.1451313
vn 0.9468520 -0.1451609 0.2870534
vn 0.8962606 -0.1408386 0.4205727
vn 0.8290653 -0.1351594 0.5425704
vn 0.7481946 -0.1284200 0.6509325
vn 0.6565827 -0.1209167 0.7444987
vn 0.5568930 -0.1129175 0.8228729
vn 0.4513692 -0.1046470 0.8861799
vn 0.3417988 -0.0962825 0.9348279
vn 0.2295523 -0.0879578 0.9693138
vn 0.1156672 -0.0797708 0.9900797
vn 0.0009528 -0.0717927 0.9974191
vn -0.1138973 -0.0640764 0.9914240
vn -0.2281902 -0.0566657 0.9719662
vn -0.3411176 -0.0496019 0.9387111
vn -0.4516394 -0.0429308 0.8911671
vn -0.5583733 -0.0367079 0.8287773
vn -0.6595022 -0.0310026 0.7510631
vn -0.7527255 -0.0259005 0.6578248
vn -0.8352888 -0.0215020 0.5493908
vn -0.9041311 -0.0179174 0.4268792
vn -0.9561722 -0.0152564 0.2924072
vn -0.9887196 -0.0136143 0.1491584
vn -0.9999140 -0.0130565 0.0012334
vn -0.9890829 -0.0136064 -0.1467308
vn -0.9568772 -0.0152409 -0.2900927
vn -0.9051390 -0.0178951 -0.4247390
vn -0.8365505 -0.0214739 -0.5474689
vn -0.7541890 -0.0258674 -0.6561477
vn -0.6611187 -0.0309652 -0.7496421
vn -0.5601007 -0.0366667 -0.8276127
vn -0.4534436 -0.0428860 -0.8902526
vn -0.3429724 -0.0495534 -0.9380375
vn -0.2300759 -0.0566134 -0.9715246
vn -0.1157989 -0.0640200 -0.9912074
vn -0.0009528 -0.0717319 -0.9974235
vn 0.1137688 -0.0797055 -0.9903049
vn 0.2276730 -0.0878880 -0.9697632
vn 0.3399537 -0.0962086 -0.9355081
vn 0.4495778 -0.1045700 -0.8870992
vn 0.5551813 -0.1128390 -0.8240395
vn 0.6549843 -0.1208389 -0.7459179
vn 0.7467506 -0.1283459 -0.6526032
vn 0.8278231 -0.1350928 -0.5444804
vn 0.8952701 -0.1407837 -0.4226955
vn 0.9461601 -0.1451216 -0.2893454
vn 0.9779443 -0.1478482 -0.1475328
vn 0.9690162 -0.2464869 0.0158703
vn 0.9563495 -0.2451572 0.1590394
vn 0.9236073 -0.2417472 0.2975026
vn 0.8725157 -0.2364995 0.4275329
vn 0.8055156 -0.2297564 0.5462202
vn 0.7253845 -0.2219062 0.6515942
vn 0.6348896 -0.2133339 0.7425657
vn 0.5365407 -0.2043870 0.8187491
vn 0.4324577 -0.1953563 0.8802365
vn 0.3243390 -0.1864718 0.9273794
vn 0.2134990 -0.1779066 0.9606078
vn 0.1009470 -0.1697856 0.9802972
vn -0.0125140 -0.1621959 0.9866792
vn -0.1261791 -0.1551960 0.9797923
vn -0.2393303 -0.1488237 0.9594647
vn -0.3511221 -0.1431017 0.9253298
vn -0.4604668 -0.1380417 0.8768779
vn -0.5659258 -0.1336467 0.8135518
vn -0.6656216 -0.1299117 0.7348951
vn -0.7571951 -0.1268239 0.6407584
vn -0.8378475 -0.1243637 0.5315498
vn -0.9045024 -0.1225057 0.4084944
vn -0.9541080 -0.1212221 0.2738305
vn -0.9840528 -0.1204874 0.1308545
vn -0.9926064 -0.1202841 -0.0162567
vn -0.9792520 -0.1206066 -0.1628481
vn -0.9447921 -0.1214634 -0.3043264
vn -0.8911855 -0.1228739 -0.4366811
vn -0.8211795 -0.1248647 -0.5568419
vn -0.7378641 -0.1274634 -0.6628044
vn -0.6442756 -0.1306942 -0.7535436
vn -0.5431253 -0.1345754 -0.8287970
vn -0.4366660 -0.1391179 -0.8888020
vn -0.3266730 -0.1443251 -0.9340530
vn -0.2144990 -0.1501923 -0.9651075
vn -0.1011687 -0.1567055 -0.9824501
vn 0.0125106 -0.1638391 -0.9864077
vn 0.1258332 -0.1715515 -0.9771060
vn 0.2380823 -0.1797784 -0.9544614
vn 0.3484185 -0.1884253 -0.9182050
vn 0.4557735 -0.1973576 -0.8679404
vn 0.5587539 -0.2063903 -0.8032417
vn 0.6555699 -0.2152801 -0.7237973
vn 0.7440100 -0.2237229 -0.6296008
vn 0.8214926 -0.2313609 -0.5211738
vn 0.8852226 -0.2378047 -0.3997872
vn 0.9324648 -0.2426717 -0.2676189
vn 0.9609036 -0.2456372 -0.1277762
vn 0.5674114 -0.8234008 -0.0074420
vn 0.5631600 -0.8227761 0.0767488
vn 0.5487086 -0.8206797 0.1593854
vn 0.5244535 -0.8172544 0.2388385
vn 0.4910323 -0.8127274 0.3136263
vn 0.4492692 -0.8073889 0.3824662
vn 0.4001137 -0.8015656 0.4442990
vn 0.3445809 -0.7955958 0.4982885
vn 0.2837017 -0.7898063 0.5438009
vn 0.2184891 -0.7844948 0.5803710
vn 0.1499196 -0.7799166 0.6076629
vn 0.0789312 -0.7762760 0.6254322
vn 0.0064342 -0.7737200 0.6334950
vn -0.0666686 -0.7723347 0.6317075
vn -0.1394552 -0.7721425 0.6199583
vn -0.2109559 -0.7730995 0.5981762
vn -0.2801275 -0.7750946 0.5663540
vn -0.3458354 -0.7779499 0.5245872
vn -0.4068500 -0.7814247 0.4731264
vn -0.4618631 -0.7852246 0.4124376
vn -0.5095295 -0.7890188 0.3432622
vn -0.5485358 -0.7924639 0.2666636
vn -0.5776914 -0.7952357 0.1840459
vn -0.5960312 -0.7970645 0.0971342
vn -0.6029130 -0.7977677 0.0079076
vn -0.5980886 -0.7972743 -0.0815089
vn -0.5817324 -0.7956342 -0.1689780
vn -0.5544215 -0.7930118 -0.2524860
vn -0.5170704 -0.7896635 -0.3302570
vn -0.4708376 -0.7859066 -0.4008276
vn -0.4170222 -0.7820834 -0.4630746
vn -0.3569693 -0.7785290 -0.5162030
vn -0.2919974 -0.7755457 -0.5597021
vn -0.2233518 -0.7733843 -0.5932880
vn -0.1521842 -0.7722345 -0.6168419
vn -0.0795527 -0.7722191 -0.6303563
vn -0.0064383 -0.7733938 -0.6338932
vn 0.0662306 -0.7757477 -0.6275580
vn 0.1375500 -0.7792059 -0.6114885
vn 0.2066126 -0.7836317 -0.5858605
vn 0.2724865 -0.7888308 -0.5509057
vn 0.3342022 -0.7945561 -0.5069412
vn 0.3907525 -0.8005169 -0.4544065
vn 0.4411073 -0.8063900 -0.3939029
vn 0.4842457 -0.8118379 -0.3262289
vn 0.5192025 -0.8165300 -0.2524035
vn 0.5451268 -0.8201677 -0.1736712
vn 0.5613438 -0.8225110 -0.0914813
vn 0.3787386 -0.9254990 -0.0029436
vn 0.3757805 -0.9251775 0.0532502
vn 0.3662788 -0.9241599 0.1084819
vn 0.3504319 -0.9225126 0.1617655
vn 0.3285631 -0.9203419 0.2121722
vn 0.3011042 -0.9177861 0.2588529
vn 0.2685760 -0.9150047 0.3010536
vn 0.2315673 -0.9121674 0.3381232
vn 0.1907157 -0.9094430 0.3695146
vn 0.1466922 -0.9069894 0.3947805
vn 0.1001898 -0.9049445 0.4135668
vn 0.0519164 -0.9034189 0.4256042
vn 0.0025922 -0.9024905 0.4307019
vn -0.0470489 -0.9022003 0.4287436
vn -0.0962582 -0.9025496 0.4196886
vn -0.1442692 -0.9035000 0.4035767
vn -0.1902978 -0.9049736 0.3805385
vn -0.2335463 -0.9068565 0.3508095
vn -0.2732131 -0.9090049 0.3147455
vn -0.3085095 -0.9112525 0.2728383
vn -0.3386832 -0.9134228 0.2257268
vn -0.3630487 -0.9153412 0.1742012
vn -0.3810211 -0.9168507 0.1191960
vn -0.3921491 -0.9178254 0.0617709
vn -0.3961448 -0.9181829 0.0030788
vn -0.3929032 -0.9178928 -0.0556765
vn -0.3825094 -0.9169799 -0.1132889
vn -0.3652334 -0.9155213 -0.1685981
vn -0.3415102 -0.9136389 -0.2205329
vn -0.3119126 -0.9114872 -0.2681447
vn -0.2771172 -0.9092395 -0.3106276
vn -0.2378707 -0.9070730 -0.3473271
vn -0.1949592 -0.9051553 -0.3777365
vn -0.1491840 -0.9036332 -0.4014863
vn -0.1013436 -0.9026239 -0.4183294
vn -0.0522238 -0.9022093 -0.4281250
vn -0.0025930 -0.9024321 -0.4308242
vn 0.0467983 -0.9032950 -0.4264598
vn 0.0952150 -0.9047611 -0.4151402
vn 0.1419354 -0.9067563 -0.3970483
vn 0.1862503 -0.9091731 -0.3724448
vn 0.2274650 -0.9118761 -0.3416748
vn 0.2649058 -0.9147092 -0.3051753
vn 0.2979308 -0.9175043 -0.2634827
vn 0.3259452 -0.9200912 -0.2172371
vn 0.3484204 -0.9223087 -0.1671821
vn 0.3649141 -0.9240161 -0.1141572
vn 0.3750909 -0.9251032 -0.0590839
vn 0.2116165 -0.9773504 -0.0021600
vn 0.2100539 -0.9772523 0.0292465
vn 0.2048972 -0.9769334 0.0601525
vn 0.1962379 -0.9764144 0.0900307
vn 0.1842282 -0.9757292 0.1183741
vn 0.1690772 -0.9749221 0.1447059
vn 0.1510458 -0.9740450 0.1685869
vn 0.1304401 -0.9731540 0.1896226
vn 0.1076056 -0.9723056 0.2074675
vn 0.0829204 -0.9715534 0.2218292
vn 0.0567896 -0.9709441 0.2324705
vn 0.0296395 -0.9705150 0.2392116
vn 0.0019123 -0.9702916 0.2419310
vn -0.0259386 -0.9702857 0.2405676
vn -0.0534534 -0.9704951 0.2351214
vn -0.0801714 -0.9709027 0.2256557
vn -0.1056364 -0.9714784 0.2122988
vn -0.1294036 -0.9721801 0.1952450
vn -0.1510471 -0.9729569 0.1747559
vn -0.1701687 -0.9737522 0.1511595
vn -0.1864072 -0.9745077 0.1248481
vn -0.1994481 -0.9751676 0.0962736
vn -0.2090337 -0.9756827 0.0659405
vn -0.2149709 -0.9760146 0.0343956
vn -0.2171388 -0.9761382 0.0022163
vn -0.2154932 -0.9760443 -0.0300039
vn -0.2100676 -0.9757399 -0.0616704
vn -0.2009727 -0.9752480 -0.0922029
vn -0.1883919 -0.9746053 -0.1210495
vn -0.1725748 -0.9738598 -0.1476993
vn -0.1538284 -0.9730665 -0.1716927
vn -0.1325081 -0.9722838 -0.1926289
vn -0.1090077 -0.9715686 -0.2101709
vn -0.0837498 -0.9709729 -0.2240481
vn -0.0571771 -0.9705402 -0.2340567
vn -0.0297446 -0.9703024 -0.2400596
vn -0.0019127 -0.9702782 -0.2419847
vn 0.0258583 -0.9704721 -0.2398233
vn 0.0531140 -0.9708742 -0.2336284
vn 0.0794101 -0.9714607 -0.2235131
vn 0.1043181 -0.9721959 -0.2096494
vn 0.1274296 -0.9730341 -0.1922666
vn 0.1483623 -0.9739225 -0.1716497
vn 0.1667661 -0.9748048 -0.1481370
vn 0.1823290 -0.9756248 -0.1221167
vn 0.1947835 -0.9763295 -0.0940220
vn 0.2039131 -0.9768734 -0.0643252
vn 0.2095574 -0.9772213 -0.0335295
vn 0.2328845 -0.9725031 -0.0015976
vn 0.2310719 -0.9723783 0.0329582
vn 0.2252991 -0.9719868 0.0669470
vn 0.2156700 -0.9713543 0.0997862
vn 0.2023565 -0.9705217 0.1309176
vn 0.1855936 -0.9695429 0.1598171
vn 0.1656723 -0.9684808 0.1860046
vn 0.1429332 -0.9674028 0.2090499
vn 0.1177583 -0.9663772 0.2285786
vn 0.0905641 -0.9654678 0.2442745
vn 0.0617951 -0.9647309 0.2558823
vn 0.0319174 -0.9642109 0.2632083
vn 0.0014137 -0.9639383 0.2661221
vn -0.0292214 -0.9639273 0.2645569
vn -0.0594863 -0.9641748 0.2585118
vn -0.0888774 -0.9646608 0.2480532
vn -0.1168945 -0.9653489 0.2333178
vn -0.1430481 -0.9661888 0.2145143
vn -0.1668676 -0.9671193 0.1919256
vn -0.1879108 -0.9680722 0.1659088
vn -0.2057751 -0.9689772 0.1368936
vn -0.2201084 -0.9697669 0.1053779
vn -0.2306216 -0.9703820 0.0719199
vn -0.2370981 -0.9707760 0.0371271
vn -0.2394025 -0.9709190 0.0016423
vn -0.2374865 -0.9708001 -0.0338731
vn -0.2313903 -0.9704283 -0.0687569
vn -0.2212414 -0.9698319 -0.1023640
vn -0.2072491 -0.9690560 -0.1340829
vn -0.1896967 -0.9681590 -0.1633504
vn -0.1689305 -0.9672076 -0.1896626
vn -0.1453490 -0.9662722 -0.2125834
vn -0.1193914 -0.9654213 -0.2317487
vn -0.0915261 -0.9647169 -0.2468690
vn -0.0622411 -0.9642105 -0.2577287
vn -0.0320358 -0.9639399 -0.2641847
vn -0.0014140 -0.9639267 -0.2661641
vn 0.0291225 -0.9641755 -0.2636616
vn 0.0590782 -0.9646737 -0.2567381
vn 0.0879691 -0.9653923 -0.2455183
vn 0.1153273 -0.9662879 -0.2301898
vn 0.1407063 -0.9673054 -0.2110026
vn 0.1636866 -0.9683812 -0.1882670
vn 0.1838828 -0.9694477 -0.1623524
vn 0.2009501 -0.9704369 -0.1336838
vn 0.2145926 -0.9712853 -0.1027371
vn 0.2245699 -0.9719382 -0.0700326
vn 0.2307040 -0.9723531 -0.0361258
vn 0.4105063 -0.9118569 -0.0012054
vn 0.4070432 -0.9114571 0.0596803
vn 0.3964459 -0.9102519 0.1194661
vn 0.3789465 -0.9083209 0.1770668
vn 0.3549179 -0.9057904 0.2314671
vn 0.3248534 -0.9028226 0.2817475
vn 0.2893411 -0.8996033 0.3271019
vn 0.2490383 -0.8963290 0.3668436
vn 0.2046488 -0.8931936 0.4004050
vn 0.1569045 -0.8903767 0.4273292
vn 0.1065525 -0.8880346 0.4472596
vn 0.0543489 -0.8862914 0.4599280
vn 0.0010577 -0.8852339 0.4651450
vn -0.0525465 -0.8849070 0.4627942
vn -0.1056729 -0.8853112 0.4528325
vn -0.1575102 -0.8864020 0.4352953
vn -0.2072232 -0.8880904 0.4103097
vn -0.2539553 -0.8902465 0.3781110
vn -0.2968376 -0.8927058 0.3390632
vn -0.3350070 -0.8952780 0.2936795
vn -0.3676330 -0.8977599 0.2426380
vn -0.3939528 -0.8999506 0.1867892
vn -0.4133120 -0.9016685 0.1271501
vn -0.4252051 -0.9027684 0.0648834
vn -0.4293106 -0.9031561 0.0012606
vn -0.4255156 -0.9027979 -0.0623887
vn -0.4139246 -0.9017250 -0.1247332
vn -0.3948512 -0.9000294 -0.1844985
vn -0.3687942 -0.8978544 -0.2405168
vn -0.3364031 -0.8953806 -0.2917646
vn -0.2984371 -0.8928083 -0.3373850
vn -0.2557247 -0.8903411 -0.3766930
vn -0.2091283 -0.8881699 -0.4091694
vn -0.1595171 -0.8864605 -0.4344445
vn -0.1077481 -0.8853443 -0.4522784
vn -0.0546576 -0.8849119 -0.4625403
vn -0.0010578 -0.8852096 -0.4651911
vn 0.0522600 -0.8862388 -0.4602713
vn 0.1045205 -0.8879562 -0.4478942
vn 0.1549596 -0.8902767 -0.4282463
vn 0.2028207 -0.8930774 -0.4015926
vn 0.2473564 -0.8962033 -0.3682859
vn 0.2878340 -0.8994755 -0.3287788
vn 0.3235484 -0.9027004 -0.2836345
vn 0.3538399 -0.9056815 -0.2335346
vn 0.3781171 -0.9082323 -0.1792808
vn 0.3958827 -0.9101893 -0.1217882
vn 0.4067585 -0.9114247 -0.0620686
vn 0.6058312 -0.7955926 -0.0009429
vn 0.6003609 -0.7947764 0.0888666
vn 0.5838803 -0.7923521 0.1768107
vn 0.5568742 -0.7884895 0.2611043
vn 0.5200989 -0.7834517 0.3401479
vn 0.4745125 -0.7775677 0.4125849
vn 0.4211983 -0.7712022 0.4773251
vn 0.3612924 -0.7647262 0.5335369
vn 0.2959270 -0.7584926 0.5806171
vn 0.2261921 -0.7528175 0.6181448
vn 0.1531188 -0.7479675 0.6458322
vn 0.0776805 -0.7441521 0.6634783
vn 0.0008087 -0.7415186 0.6709319
vn -0.0765794 -0.7401497 0.6680674
vn -0.1535477 -0.7400612 0.6547767
vn -0.2291060 -0.7411999 0.6309780
vn -0.3021774 -0.7434418 0.5966432
vn -0.3715753 -0.7465927 0.5518434
vn -0.4359965 -0.7503914 0.4968096
vn -0.4940372 -0.7545191 0.4320049
vn -0.5442395 -0.7586170 0.3581949
vn -0.5851699 -0.7623129 0.2765055
vn -0.6155249 -0.7652561 0.1884470
vn -0.6342518 -0.7671567 0.0958918
vn -0.6406620 -0.7678224 0.0009972
vn -0.6345126 -0.7671848 -0.0939218
vn -0.6160366 -0.7653095 -0.1865483
vn -0.5859143 -0.7623864 -0.2747204
vn -0.5451919 -0.7587038 -0.3565589
vn -0.4951688 -0.7546115 -0.4305454
vn -0.4372771 -0.7504814 -0.4955465
vn -0.3729751 -0.7466732 -0.5507892
vn -0.3036680 -0.7435064 -0.5958053
vn -0.2306616 -0.7412437 -0.6303594
vn -0.1551449 -0.7400808 -0.6543779
vn -0.0781967 -0.7401430 -0.6678875
vn -0.0008087 -0.7414850 -0.6709690
vn 0.0760822 -0.7440925 -0.6637303
vn 0.1515590 -0.7478842 -0.6462965
vn 0.2246907 -0.7527140 -0.6188180
vn 0.2945052 -0.7583738 -0.5814946
vn 0.3599726 -0.7645981 -0.5346116
vn 0.4200040 -0.7710718 -0.4785865
vn 0.4734679 -0.7774426 -0.4140183
vn 0.5192278 -0.7833396 -0.3417333
vn 0.5561985 -0.7883977 -0.2628159
vn 0.5834185 -0.7922870 -0.1786174
vn 0.6001264 -0.7947426 -0.0907324
vn 0.8004023 -0.5994535 0.0033972
vn 0.7920284 -0.5981874 0.1219131
vn 0.7681573 -0.5946252 0.2373924
vn 0.7297522 -0.5890372 0.3471267
vn 0.6782525 -0.5818258 0.4488344
vn 0.6153917 -0.5734731 0.5407602
vn 0.5430118 -0.5644866 0.6216856
vn 0.4629086 -0.5553548 0.6908665
vn 0.3767279 -0.5465158 0.7479282
vn 0.2859136 -0.5383400 0.7927442
vn 0.1917026 -0.5311243 0.8253224
vn 0.0951525 -0.5250925 0.8457091
vn -0.0028067 -0.5203995 0.8539183
vn -0.1013062 -0.5171352 0.8498872
vn -0.1994645 -0.5153270 0.8334578
vn -0.2963080 -0.5149387 0.8043878
vn -0.3906945 -0.5158675 0.7623900
vn -0.4812442 -0.5179393 0.7072078
vn -0.5662929 -0.5209050 0.6387255
vn -0.6438832 -0.5244426 0.5571125
vn -0.7118149 -0.5281684 0.4629878
vn -0.7677717 -0.5316633 0.3575761
vn -0.8095283 -0.5345147 0.2428125
vn -0.8352138 -0.5363698 0.1213477
vn -0.8435803 -0.5369911 -0.0035804
vn -0.8342045 -0.5362976 -0.1284050
vn -0.8075601 -0.5343798 -0.2495695
vn -0.7649373 -0.5314832 -0.3638634
vn -0.7082346 -0.5279654 -0.4686751
vn -0.6396894 -0.5242407 -0.5621113
vn -0.5616162 -0.5207273 -0.6429855
vn -0.4762038 -0.5178057 -0.7107089
vn -0.3853937 -0.5157941 -0.7651327
vn -0.2908331 -0.5149372 -0.8063844
vn -0.1938866 -0.5154048 -0.8347250
vn -0.0956848 -0.5172960 -0.8504407
vn 0.0028062 -0.5206430 -0.8537699
vn 0.1007076 -0.5254152 -0.8448650
vn 0.1971493 -0.5315190 -0.8237838
vn 0.2911956 -0.5387955 -0.7905090
vn 0.3817799 -0.5470170 -0.7449943
vn 0.4676542 -0.5558824 -0.6872368
vn 0.5473624 -0.5650170 -0.6173736
vn 0.6192484 -0.5739795 -0.5357975
vn 0.6815105 -0.5822792 -0.4432768
vn 0.7323083 -0.5894089 -0.3410597
vn 0.7699199 -0.5948896 -0.2309323
vn 0.7929284 -0.5983249 -0.1152040
vn 0.9299592 -0.3674218 -0.0133065
vn 0.9220507 -0.3664852 0.1245437
vn 0.8949906 -0.3633134 0.2588343
vn 0.8501424 -0.3581561 0.3859821
vn 0.7895821 -0.3513928 0.5030738
vn 0.7157803 -0.3434731 0.6080171
vn 0.6312882 -0.3348588 0.6995318
vn 0.5384944 -0.3259790 0.7770209
vn 0.4394780 -0.3172033 0.8403815
vn 0.3359540 -0.3088307 0.8898082
vn 0.2292868 -0.3010907 0.9256198
vn 0.1205501 -0.2941507 0.9481261
vn 0.0106101 -0.2881250 0.9575340
vn -0.0997772 -0.2830837 0.9538910
vn -0.2098633 -0.2790587 0.9370612
vn -0.3188013 -0.2760469 0.9067325
vn -0.4255379 -0.2740108 0.8624590
vn -0.5287114 -0.2728757 0.8037432
vn -0.6265666 -0.2725264 0.7301669
vn -0.7169093 -0.2728055 0.6415748
vn -0.7971325 -0.2735161 0.5383018
vn -0.8643488 -0.2744322 0.4214122
vn -0.9156483 -0.2753207 0.2928936
vn -0.9484665 -0.2759730 0.1557249
vn -0.9609903 -0.2762399 0.0137505
vn -0.9524905 -0.2760609 -0.1286553
vn -0.9234644 -0.2754772 -0.2670690
vn -0.8755378 -0.2746227 -0.3975122
vn -0.8111619 -0.2736972 -0.5168232
vn -0.7332113 -0.2729318 -0.6228238
vn -0.6446016 -0.2725556 -0.7142844
vn -0.5480077 -0.2727725 -0.7907482
vn -0.4457081 -0.2737479 -0.8522948
vn -0.3395406 -0.2756049 -0.8993076
vn -0.2309368 -0.2784257 -0.9322807
vn -0.1210016 -0.2822550 -0.9516779
vn -0.0106135 -0.2871023 -0.9578411
vn 0.0994687 -0.2929425 -0.9509420
vn 0.2084986 -0.2997133 -0.9309674
vn 0.3156388 -0.3073097 -0.8977377
vn 0.4198627 -0.3155751 -0.8509569
vn 0.5198675 -0.3242926 -0.7902987
vn 0.6140086 -0.3331769 -0.7155324
vn 0.7002751 -0.3418717 -0.6266886
vn 0.7763296 -0.3499577 -0.5242537
vn 0.8396363 -0.3569766 -0.4093636
vn 0.8876862 -0.3624722 -0.2839492
vn 0.9183014 -0.3660469 -0.1507722
vn 0.9636118 -0.2673050 -0.0005648
vn 0.9533643 -0.2662999 0.1420597
vn 0.9230272 -0.2633573 0.2804707
vn 0.8742102 -0.2587034 0.4108881
vn 0.8092735 -0.2526689 0.5303158
vn 0.7309550 -0.2456360 0.6366849
vn 0.6420197 -0.2379886 0.7288156
vn 0.5450004 -0.2300758 0.8062504
vn 0.4420543 -0.2221922 0.8690332
vn 0.3349203 -0.2145713 0.9174898
vn 0.2249506 -0.2073891 0.9520436
vn 0.1131845 -0.2007715 0.9730776
vn 0.0004452 -0.1948040 0.9808421
vn -0.1125539 -0.1895400 0.9754005
vn -0.2250988 -0.1850070 0.9566101
vn -0.3363627 -0.1812107 0.9241335
vn -0.4452920 -0.1781371 0.8774863
vn -0.5504991 -0.1757519 0.8161262
vn -0.6501723 -0.1739993 0.7395947
vn -0.7420293 -0.1728015 0.6477130
vn -0.8233484 -0.1720600 0.5408260
vn -0.8911142 -0.1716609 0.4200571
vn -0.9423003 -0.1714868 0.2875109
vn -0.9742671 -0.1714331 0.1463363
vn -0.9851967 -0.1714269 0.0005775
vn -0.9744356 -0.1714418 -0.1451995
vn -0.9426274 -0.1715034 -0.2864264
vn -0.8915823 -0.1716842 -0.4190532
vn -0.8239347 -0.1720884 -0.5399233
vn -0.7427100 -0.1728333 -0.6469239
vn -0.6509248 -0.1740326 -0.7389246
vn -0.5513040 -0.1757851 -0.8155756
vn -0.4461334 -0.1781688 -0.8770524
vn -0.3372283 -0.1812396 -0.9238124
vn -0.2259794 -0.1850320 -0.9563977
vn -0.1134423 -0.1895602 -0.9752937
vn -0.0004452 -0.1948188 -0.9808391
vn 0.1122975 -0.2007803 -0.9731786
vn 0.2240729 -0.2073916 -0.9522500
vn 0.3340591 -0.2145676 -0.9178046
vn 0.4412190 -0.2221825 -0.8694600
vn 0.5442034 -0.2300610 -0.8067928
vn 0.6412766 -0.2379699 -0.7294756
vn 0.7302850 -0.2456152 -0.6374614
vn 0.8086981 -0.2526480 -0.5312027
vn 0.8737522 -0.2586848 -0.4118729
vn 0.9227077 -0.2633433 -0.2815329
vn 0.9532000 -0.2662924 -0.1431720
vn 0.9948801 -0.1010622 -0.0001352
vn 0.9840158 -0.1004042 0.1470777
vn 0.9520249 -0.0984820 0.2897412
vn 0.9007074 -0.0954218 0.4238171
vn 0.8326821 -0.0914069 0.5461550
vn 0.7509558 -0.0866476 0.6546431
vn 0.6585269 -0.0813526 0.7481471
vn 0.5581027 -0.0757099 0.8263107
vn 0.4519508 -0.0698760 0.8893019
vn 0.3418667 -0.0639738 0.9375684
vn 0.2292177 -0.0580955 0.9716399
vn 0.1150317 -0.0523081 0.9919837
vn 0.0001051 -0.0466601 0.9989108
vn -0.1148819 -0.0411876 0.9925249
vn -0.2292495 -0.0359208 0.9727047
vn -0.3422006 -0.0308888 0.9391191
vn -0.4527048 -0.0261247 0.8912777
vn -0.5593873 -0.0216693 0.8286231
vn -0.6604368 -0.0175740 0.7506759
vn -0.7535567 -0.0139030 0.6572359
vn -0.8359955 -0.0107317 0.5486313
vn -0.9046952 -0.0081432 0.4259816
vn -0.9565792 -0.0062203 0.2914060
vn -0.9889610 -0.0050351 0.1480904
vn -0.9999892 -0.0046367 0.0001359
vn -0.9890010 -0.0050426 -0.1478229
vn -0.9566568 -0.0062353 -0.2911509
vn -0.9048060 -0.0081650 -0.4257456
vn -0.8361342 -0.0107599 -0.5484193
vn -0.7537176 -0.0139368 -0.6570507
vn -0.6606145 -0.0176127 -0.7505187
vn -0.5595771 -0.0217120 -0.8284938
vn -0.4529031 -0.0261707 -0.8911756
vn -0.3424045 -0.0309372 -0.9390432
vn -0.2294569 -0.0359707 -0.9726539
vn -0.1150914 -0.0412383 -0.9924986
vn -0.0001051 -0.0467108 -0.9989085
vn 0.1148218 -0.0523581 -0.9920053
vn 0.2290094 -0.0581440 -0.9716861
vn 0.3416616 -0.0640201 -0.9376400
vn 0.4517511 -0.0699193 -0.8893999
vn 0.5579111 -0.0757496 -0.8264364
vn 0.6583475 -0.0813880 -0.7483011
vn 0.7507931 -0.0866781 -0.6548256
vn 0.8325417 -0.0914319 -0.5463647
vn 0.9005952 -0.0954409 -0.4240511
vn 0.9519464 -0.0984949 -0.2899946
vn 0.9839753 -0.1004108 -0.1473438
vn 0.9997897 0.0205074 0.0001685
vn 0.9887538 0.0208486 0.1480921
vn 0.9563601 0.0218497 0.2913726
vn 0.9044625 0.0234767 0.4259066
vn 0.8357513 0.0256797 0.5485074
vn 0.7533062 0.0284012 0.6570565
vn 0.6601879 0.0315833 0.7504361
vn 0.5591497 0.0351730 0.8283203
vn 0.4524888 0.0391247 0.8909114
vn 0.3420168 0.0434012 0.9386910
vn 0.2291085 0.0479723 0.9722181
vn 0.1147939 0.0528122 0.9919845
vn -0.0001303 0.0578966 0.9983226
vn -0.1149843 0.0631982 0.9913549
vn -0.2290882 0.0686819 0.9709796
vn -0.3416461 0.0742995 0.9368872
vn -0.4516305 0.0799830 0.8886127
vn -0.5576756 0.0856384 0.8256294
vn -0.6579884 0.0911399 0.7474923
vn -0.7503047 0.0963270 0.6540367
vn -0.8319228 0.1010071 0.5456208
vn -0.8998510 0.1049661 0.4233797
vn -0.9510902 0.1079887 0.2894235
vn -0.9830290 0.1098867 0.1468976
vn -0.9938727 0.1105309 -0.0001675
vn -0.9829809 0.1098753 -0.1472275
vn -0.9509968 0.1079662 -0.2897386
vn -0.8997172 0.1049335 -0.4236720
vn -0.8317548 0.1009655 -0.5458845
vn -0.7501093 0.0962776 -0.6542680
vn -0.6577718 0.0910842 -0.7476897
vn -0.5574434 0.0855776 -0.8257926
vn -0.4513871 0.0799183 -0.8887422
vn -0.3413949 0.0742320 -0.9369841
vn -0.2288320 0.0686126 -0.9710449
vn -0.1147250 0.0631280 -0.9913894
vn 0.0001303 0.0578264 -0.9983266
vn 0.1150542 0.0527429 -0.9919580
vn 0.2293669 0.0479046 -0.9721605
vn 0.3422712 0.0433361 -0.9386013
vn 0.4527363 0.0390631 -0.8907884
vn 0.5593867 0.0351158 -0.8281627
vn 0.6604098 0.0315316 -0.7502431
vn 0.7535070 0.0283559 -0.6568281
vn 0.8359244 0.0256419 -0.5482453
vn 0.9046008 0.0234473 -0.4256145
vn 0.9564568 0.0218297 -0.2910566
vn 0.9888036 0.0208384 -0.1477605
vn 0.9966795 0.0814236 0.0003195
vn 0.9856494 0.0815865 0.1477796
vn 0.9533180 0.0820711 0.2906012
vn 0.9015363 0.0828932 0.4246893
vn 0.8329895 0.0840746 0.5468637
vn 0.7507517 0.0856393 0.6550097
vn 0.6578785 0.0876097 0.7480110
vn 0.5571191 0.0900039 0.8255408
vn 0.4507692 0.0928347 0.8878000
vn 0.3406408 0.0961094 0.9352683
vn 0.2281110 0.0998296 0.9685037
vn 0.1142143 0.1039905 0.9879985
vn -0.0002468 0.1085798 0.9940877
vn -0.1145857 0.1135745 0.9868997
vn -0.2281160 0.1189374 0.9663421
vn -0.3400362 0.1246112 0.9321199
vn -0.4493170 0.1305123 0.8837877
vn -0.5545966 0.1365227 0.8208436
vn -0.6540954 0.1424845 0.7428710
vn -0.7455757 0.1481959 0.6497344
vn -0.8263770 0.1534151 0.5418162
vn -0.8935634 0.1578735 0.4202623
vn -0.9442000 0.1613014 0.2871729
vn -0.9757375 0.1634638 0.1456571
vn -0.9864272 0.1641990 -0.0003162
vn -0.9756467 0.1634495 -0.1462799
vn -0.9440235 0.1612737 -0.2877679
vn -0.8933106 0.1578336 -0.4208143
vn -0.8260597 0.1533647 -0.5423142
vn -0.7452063 0.1481370 -0.6501715
vn -0.6536859 0.1424189 -0.7432440
vn -0.5541572 0.1364522 -0.8211520
vn -0.4488564 0.1304384 -0.8840327
vn -0.3395608 0.1245355 -0.9323033
vn -0.2276310 0.1188609 -0.9664658
vn -0.1140948 0.1134983 -0.9869653
vn 0.0002468 0.1085048 -0.9940959
vn 0.1147075 0.1039176 -0.9879490
vn 0.2286007 0.0997596 -0.9683954
vn 0.3411231 0.0960431 -0.9350993
vn 0.4512388 0.0927729 -0.8875679
vn 0.5575691 0.0899474 -0.8252431
vn 0.6582998 0.0875593 -0.7476461
vn 0.7511334 0.0855958 -0.6545777
vn 0.8333187 0.0840387 -0.5463675
vn 0.9017994 0.0828656 -0.4241358
vn 0.9535021 0.0820524 -0.2900021
vn 0.9857443 0.0815770 -0.1471510
vn 0.9898838 0.1418795 0.0004756
vn 0.9789205 0.1418673 0.1469300
vn 0.9468277 0.1418465 0.2887850
vn 0.8954333 0.1418810 0.4219821
vn 0.8273898 0.1420627 0.5433639
vn 0.7457368 0.1424949 0.6508240
vn 0.6535002 0.1432782 0.7432421
vn 0.5534077 0.1445001 0.8202802
vn 0.4477420 0.1462306 0.8821246
vn 0.3383105 0.1485203 0.9292404
vn 0.2264924 0.1514019 0.9621739
vn 0.1133290 0.1548909 0.9814099
vn -0.0003673 0.1589862 0.9872807
vn -0.1138986 0.1636688 0.9799182
vn -0.2265668 0.1688987 0.9592397
vn -0.3375611 0.1746093 0.9249671
vn -0.4458480 0.1807008 0.8766794
vn -0.5500693 0.1870323 0.8139058
vn -0.6484622 0.1934141 0.7362661
vn -0.7388220 0.1996053 0.6436613
vn -0.8185404 0.2053178 0.5365037
vn -0.8847519 0.2102325 0.4159523
vn -0.9346025 0.2140302 0.2840938
vn -0.9656208 0.2164332 0.1439899
vn -0.9761157 0.2172509 -0.0004690
vn -0.9654866 0.2164156 -0.1449137
vn -0.9343415 0.2139961 -0.2849767
vn -0.8843777 0.2101838 -0.4167720
vn -0.8180702 0.2052569 -0.5372436
vn -0.7382742 0.1995351 -0.6443112
vn -0.6478545 0.1933372 -0.7368211
vn -0.5494169 0.1869510 -0.8143650
vn -0.4451634 0.1806174 -0.8770444
vn -0.3368543 0.1745254 -0.9252405
vn -0.2258452 0.1688159 -0.9594244
vn -0.1131681 0.1635883 -0.9800163
vn 0.0003673 0.1589089 -0.9872932
vn 0.1140634 0.1548177 -0.9813363
vn 0.2272217 0.1513336 -0.9620127
vn 0.3390287 0.1484575 -0.9289886
vn 0.4484413 0.1461738 -0.8817787
vn 0.5540777 0.1444499 -0.8198367
vn 0.6541275 0.1432348 -0.7426984
vn 0.7463049 0.1424587 -0.6501804
vn 0.8278796 0.1420338 -0.5426249
vn 0.8958247 0.1418595 -0.4211580
vn 0.9471015 0.1418322 -0.2878931
vn 0.9790615 0.1418601 -0.1459941
vn 0.9699025 0.2434925 0.0007532
vn 0.9591852 0.2432153 0.1442568
vn 0.9278829 0.2424327 0.2833014
vn 0.8777411 0.2412816 0.4139490
vn 0.8112986 0.2399600 0.5331170
vn 0.7314769 0.2386924 0.6387233
vn 0.6411991 0.2376998 0.7296318
vn 0.5431177 0.2371776 0.8054626
vn 0.4394704 0.2372845 0.8663497
vn 0.3320462 0.2381396 0.9127074
vn 0.2222269 0.2398243 0.9450394
vn 0.1110708 0.2423856 0.9638011
vn -0.0005829 0.2458393 0.9693104
vn -0.1120055 0.2501708 0.9617013
vn -0.2224688 0.2553328 0.9409106
vn -0.3311375 0.2612410 0.9066979
vn -0.4369659 0.2677661 0.8586979
vn -0.5386043 0.2747257 0.7965119
vn -0.6343279 0.2818768 0.7198427
vn -0.7220093 0.2889129 0.6286747
vn -0.7991613 0.2954711 0.5234865
vn -0.8630791 0.3011535 0.4054640
vn -0.9110930 0.3055644 0.2766585
vn -0.9409074 0.3083623 0.1400213
vn -0.9509598 0.3093138 -0.0007385
vn -0.9406982 0.3083365 -0.1414765
vn -0.9106858 0.3055147 -0.2780507
vn -0.8624943 0.3010832 -0.4067586
vn -0.7984249 0.2953847 -0.5246575
vn -0.7211496 0.2888149 -0.6297056
vn -0.6333719 0.2817720 -0.7207251
vn -0.5375756 0.2746181 -0.7972436
vn -0.4358845 0.2676591 -0.8592807
vn -0.3300191 0.2611374 -0.9071354
vn -0.2213256 0.2552349 -0.9412067
vn -0.1108470 0.2500801 -0.9618591
vn 0.0005829 0.2457572 -0.9693312
vn 0.1122365 0.2423130 -0.9636843
vn 0.2233843 0.2397617 -0.9447824
vn 0.3331856 0.2380874 -0.9123057
vn 0.4405789 0.2372425 -0.8657980
vn 0.5441787 0.2371455 -0.8047556
vn 0.6421913 0.2376767 -0.7287662
vn 0.7323743 0.2386772 -0.6376998
vn 0.8120714 0.2399511 -0.5319432
vn 0.8783577 0.2412772 -0.4126416
vn 0.9283138 0.2424310 -0.2818877
vn 0.9594071 0.2432149 -0.1427744
vn 0.9357950 0.3525430 0.0010789
vn 0.9255318 0.3520179 0.1395500
vn 0.8956317 0.3505263 0.2738159
vn 0.8476948 0.3482686 0.4001531
vn 0.7840598 0.3455355 0.5156118
vn 0.7074373 0.3426602 0.6181557
vn 0.6205669 0.3399735 0.7066220
vn 0.5259642 0.3377719 0.7805587
vn 0.4257818 0.3362993 0.8400075
vn 0.3217702 0.3357421 0.8852916
vn 0.2153089 0.3362305 0.9168376
vn 0.1074798 0.3378434 0.9350454
vn -0.0008394 0.3406139 0.9402029
vn -0.1088741 0.3445312 0.9324402
vn -0.2158515 0.3495400 0.9117181
vn -0.3209010 0.3555365 0.8778476
vn -0.4229608 0.3623613 0.8305411
vn -0.5206956 0.3697912 0.7695002
vn -0.6124384 0.3775324 0.6945420
vn -0.6961731 0.3852202 0.6057626
vn -0.7695841 0.3924285 0.5037263
vn -0.8301905 0.3986962 0.3896475
vn -0.8755742 0.4035704 0.2655200
vn -0.9036773 0.4066634 0.1341350
vn -0.9131096 0.4077128 -0.0010527
vn -0.9033836 0.4066261 -0.1362105
vn -0.8750016 0.4034987 -0.2675088
vn -0.8293663 0.3985955 -0.3915011
vn -0.7685434 0.3923058 -0.5054079
vn -0.6949540 0.3850831 -0.6072478
vn -0.6110781 0.3773882 -0.6958173
vn -0.5192274 0.3696465 -0.7705611
vn -0.4214129 0.3622217 -0.8313884
vn -0.3192963 0.3554064 -0.8784852
vn -0.2142082 0.3494228 -0.9121505
vn -0.1072068 0.3444294 -0.9326709
vn 0.0008394 0.3405293 -0.9402335
vn 0.1091584 0.3377769 -0.9348750
vn 0.2169747 0.3361823 -0.9164624
vn 0.3234081 0.3357120 -0.8847059
vn 0.4273727 0.3362862 -0.8392045
vn 0.5274837 0.3377737 -0.7795318
vn 0.6219845 0.3399875 -0.7053678
vn 0.7087161 0.3426826 -0.6166767
vn 0.7851580 0.3455619 -0.5139201
vn 0.8485691 0.3482942 -0.3982734
vn 0.8962415 0.3505465 -0.2717874
vn 0.9258455 0.3520290 -0.1374254
vn 0.8796184 0.4756776 0.0014986
vn 0.8701081 0.4749442 0.1316811
vn 0.8424976 0.4728616 0.2580692
vn 0.7981610 0.4696744 0.3772863
vn 0.7391228 0.4657402 0.4866041
vn 0.6677597 0.4614737 0.5840710
vn 0.5865136 0.4572932 0.6684943
vn 0.4976729 0.4535798 0.7393152
vn 0.4032428 0.4506537 0.7964336
vn 0.3048993 0.4487640 0.8400282
vn 0.2040061 0.4480888 0.8704010
vn 0.1016708 0.4487400 0.8878600
vn -0.0011777 0.4507685 0.8926401
vn -0.1037027 0.4541676 0.8848602
vn -0.2050708 0.4588739 0.8645118
vn -0.3043664 0.4647638 0.8314780
vn -0.4005121 0.4716482 0.7855813
vn -0.4922029 0.4792664 0.7266636
vn -0.5778643 0.4872819 0.6546978
vn -0.6556484 0.4952850 0.5699281
vn -0.7234872 0.5028074 0.4730233
vn -0.7792146 0.5093517 0.3652197
vn -0.8207586 0.5144379 0.2484128
vn -0.8463824 0.5176607 0.1251564
vn -0.8549256 0.5187486 -0.0014566
vn -0.8459854 0.5176070 -0.1280303
vn -0.8199829 0.5143348 -0.2511727
vn -0.7780940 0.5092075 -0.3678008
vn -0.7220661 0.5026325 -0.4753747
vn -0.6539757 0.4950910 -0.5720146
vn -0.5759886 0.4870803 -0.6564982
vn -0.4901691 0.4790677 -0.7281679
vn -0.3983589 0.4714611 -0.7867875
vn -0.3021264 0.4645955 -0.8323886
vn -0.2027708 0.4587299 -0.8651306
vn -0.1013651 0.4540518 -0.8851904
vn 0.0011778 0.4506833 -0.8926831
vn 0.1040255 0.4486866 -0.8876143
vn 0.2063399 0.4480670 -0.8698620
vn 0.3071891 0.4487723 -0.8391891
vn 0.4054603 0.4506892 -0.7952869
vn 0.4997831 0.4536380 -0.7378546
vn 0.5884739 0.4573678 -0.6667182
vn 0.6695201 0.4615571 -0.5819862
vn 0.7406280 0.4658232 -0.4842301
vn 0.7993544 0.4697477 -0.3746593
vn 0.8433273 0.4729163 -0.2552434
vn 0.8705339 0.4749735 -0.1287278
vn 0.7740885 0.6330738 0.0021380
vn 0.7659350 0.6322303 0.1167406
vn 0.7424222 0.6298474 0.2282576
vn 0.7045620 0.6261721 0.3339175
vn 0.6538681 0.6215704 0.4314010
vn 0.5921603 0.6164757 0.5189449
vn 0.5213679 0.6113374 0.5953505
vn 0.4433682 0.6065774 0.6599156
vn 0.3598805 0.6025619 0.7123237
vn 0.2724157 0.5995860 0.7525200
vn 0.1822727 0.5978675 0.7805966
vn 0.0905682 0.5975487 0.7967013
vn -0.0017131 0.5986990 0.8009722
vn -0.0936576 0.6013180 0.7935017
vn -0.1843585 0.6053365 0.7743253
vn -0.2728535 0.6106163 0.7434371
vn -0.3580704 0.6169474 0.7008291
vn -0.4387855 0.6240471 0.6465543
vn -0.5136040 0.6315615 0.5808107
vn -0.5809712 0.6390740 0.5040405
vn -0.6392247 0.6461241 0.4170318
vn -0.6866897 0.6522379 0.3210032
vn -0.7218161 0.6569707 0.2176488
vn -0.7433376 0.6599562 0.1091192
vn -0.7504246 0.6609528 -0.0020726
vn -0.7427943 0.6598782 -0.1132136
vn -0.7207509 0.6568211 -0.2215948
vn -0.6851424 0.6520282 -0.3247139
vn -0.6372486 0.6458699 -0.4204359
vn -0.5786268 0.6387927 -0.5070847
vn -0.5109535 0.6312708 -0.5834583
vn -0.4358889 0.6237636 -0.6487834
vn -0.3549822 0.6166855 -0.7026284
vn -0.2696219 0.6103880 -0.7448023
vn -0.1810257 0.6051512 -0.7752559
vn -0.0902609 0.6011822 -0.7939981
vn 0.0017133 0.5986168 -0.8010337
vn 0.0939909 0.5975215 -0.7963252
vn 0.1856568 0.5978942 -0.7797782
vn 0.2757222 0.5996629 -0.7512534
vn 0.3630646 0.6026826 -0.7106039
vn 0.4463774 0.6067323 -0.6577409
vn 0.5241417 0.6115144 -0.5927273
vn 0.5946310 0.6166603 -0.5158915
vn 0.6559638 0.6217462 -0.4279524
vn 0.7062116 0.6263226 -0.3301290
vn 0.7435625 0.6299575 -0.2242060
vn 0.7665181 0.6322885 -0.1125220
vn 0.6228214 0.7823581 0.0030432
vn 0.6164283 0.7816243 0.0952867
vn 0.5982630 0.7795801 0.1853004
vn 0.5689520 0.7764125 0.2710669
vn 0.5294516 0.7724028 0.3508204
vn 0.4809496 0.7678934 0.4231160
vn 0.4247613 0.7632515 0.4868521
vn 0.3622358 0.7588358 0.5412517
vn 0.2946857 0.7549710 0.5858149
vn 0.2233439 0.7519298 0.6202572
vn 0.1493470 0.7499226 0.6444467
vn 0.0737396 0.7490925 0.6583486
vn -0.0025048 0.7495140 0.6619837
vn -0.0784555 0.7511935 0.6554029
vn -0.1531907 0.7540701 0.6386790
vn -0.2257655 0.7580168 0.6119154
vn -0.2951860 0.7628430 0.5752701
vn -0.3603929 0.7682981 0.5289943
vn -0.4202607 0.7740788 0.4734796
vn -0.4736156 0.7798419 0.4093104
vn -0.5192753 0.7852223 0.3373114
vn -0.5561100 0.7898590 0.2585817
vn -0.5831186 0.7934240 0.1745022
vn -0.5995115 0.7956551 0.0867116
vn -0.6047849 0.7963834 -0.0029551
vn -0.5987728 0.7955528 -0.0925576
vn -0.5816643 0.7932272 -0.1801593
vn -0.5539837 0.7895822 -0.2639355
vn -0.5165371 0.7848856 -0.3422631
vn -0.4703364 0.7794681 -0.4137791
vn -0.4165173 0.7736923 -0.4774030
vn -0.3562629 0.7679223 -0.5323270
vn -0.2907450 0.7624994 -0.5779810
vn -0.2210851 0.7577236 -0.6139840
vn -0.1483379 0.7538417 -0.6400926
vn -0.0734937 0.7510404 -0.6561532
vn 0.0025051 0.7494423 -0.6620649
vn 0.0787373 0.7491040 -0.6577566
vn 0.1542699 0.7500146 -0.6431787
vn 0.2281260 0.7520951 -0.6183134
vn 0.2992551 0.7551979 -0.5832002
vn 0.3665143 0.7591083 -0.5379794
vn 0.4286646 0.7635497 -0.4829477
vn 0.4843893 0.7681947 -0.4186213
vn 0.5323392 0.7726830 -0.3457975
vn 0.5712043 0.7766480 -0.2656002
vn 0.5998087 0.7797503 -0.1794968
vn 0.6172151 0.7817135 -0.0892722
vn 0.4019577 0.9156443 0.0050527
vn 0.3977089 0.9152352 0.0645927
vn 0.3862965 0.9141579 0.1228425
vn 0.3680042 0.9124979 0.1786631
vn 0.3432731 0.9103847 0.2310049
vn 0.3126740 0.9079804 0.2789381
vn 0.2768761 0.9054654 0.3216707
vn 0.2366147 0.9030237 0.3585549
vn 0.1926630 0.9008302 0.3890835
vn 0.1458104 0.8990385 0.4128790
vn 0.0968466 0.8977731 0.4296791
vn 0.0465530 0.8971226 0.4393221
vn -0.0043000 0.8971358 0.4417340
vn -0.0549522 0.8978202 0.4369200
vn -0.1046507 0.8991422 0.4249607
vn -0.1526469 0.9010282 0.4060137
vn -0.1981962 0.9033689 0.3803195
vn -0.2405604 0.9060241 0.3482113
vn -0.2790158 0.9088302 0.3101256
vn -0.3128672 0.9116095 0.2666126
vn -0.3414662 0.9141813 0.2183424
vn -0.3642355 0.9163742 0.1661050
vn -0.3806933 0.9180389 0.1108026
vn -0.3904784 0.9190602 0.0534313
vn -0.3933709 0.9193666 -0.0049448
vn -0.3893048 0.9189364 -0.0632277
vn -0.3783725 0.9177999 -0.1203227
vn -0.3608192 0.9160367 -0.1751749
vn -0.3370281 0.9137685 -0.2268023
vn -0.3074986 0.9111491 -0.2743210
vn -0.2728221 0.9083524 -0.3169607
vn -0.2336562 0.9055595 -0.3540717
vn -0.1907023 0.9029464 -0.3851238
vn -0.1446873 0.9006735 -0.4096986
vn -0.0963508 0.8988760 -0.4274793
vn -0.0464383 0.8976577 -0.4382399
vn 0.0043010 0.8970854 -0.4418363
vn 0.0551133 0.8971860 -0.4382006
vn 0.1052367 0.8979451 -0.4273405
vn 0.1538990 0.8993067 -0.4093441
vn 0.2003170 0.9011759 -0.3843891
vn 0.2437003 0.9034230 -0.3527563
vn 0.2832610 0.9058898 -0.3148441
vn 0.3182305 0.9083992 -0.2711830
vn 0.3478824 0.9107667 -0.2224450
vn 0.3715622 0.9128141 -0.1694463
vn 0.3887186 0.9143837 -0.1131384
vn 0.3989354 0.9153527 -0.0545886
vn 0.2667667 0.9637049 0.0104095
vn 0.2631923 0.9634536 0.0498704
vn 0.2550014 0.9628905 0.0884086
vn 0.2423642 0.9620575 0.1253199
vn 0.2255384 0.9610155 0.1599428
vn 0.2048598 0.9598403 0.1916743
vn 0.1807291 0.9586166 0.2199799
vn 0.1535993 0.9574315 0.2444018
vn 0.1239633 0.9563683 0.2645616
vn 0.0923417 0.9555013 0.2801611
vn 0.0592737 0.9548910 0.2909809
vn 0.0253091 0.9545800 0.2968778
vn -0.0089983 0.9545914 0.2977822
vn -0.0430956 0.9549269 0.2936960
vn -0.0764348 0.9555672 0.2846911
vn -0.1084778 0.9564731 0.2709093
vn -0.1387007 0.9575877 0.2525627
vn -0.1666004 0.9588402 0.2299343
vn -0.1917016 0.9601498 0.2033786
vn -0.2135656 0.9614310 0.1733209
vn -0.2318006 0.9625992 0.1402541
vn -0.2460716 0.9635765 0.1047336
vn -0.2561107 0.9642970 0.0673690
vn -0.2617263 0.9647120 0.0288125
vn -0.2628103 0.9647930 -0.0102551
vn -0.2593415 0.9645347 -0.0491407
vn -0.2513871 0.9639546 -0.0871555
vn -0.2390997 0.9630921 -0.1236319
vn -0.2227120 0.9620056 -0.1579384
vn -0.2025281 0.9607679 -0.1894926
vn -0.1789143 0.9594610 -0.2177709
vn -0.1522882 0.9581709 -0.2423155
vn -0.1231089 0.9569811 -0.2627381
vn -0.0918672 0.9559679 -0.2787216
vn -0.0590780 0.9551953 -0.2900201
vn -0.0252734 0.9547112 -0.2964587
vn 0.0090028 0.9545446 -0.2979321
vn 0.0431996 0.9547038 -0.2944051
vn 0.0767629 0.9551760 -0.2859131
vn 0.1091404 0.9559274 -0.2725640
vn 0.1397869 0.9569058 -0.2545406
vn 0.1681720 0.9580429 -0.2321033
vn 0.1937881 0.9592591 -0.2055923
vn 0.2161619 0.9604682 -0.1754279
vn 0.2348660 0.9615836 -0.1421088
vn 0.2495323 0.9625247 -0.1062066
vn 0.2598645 0.9632226 -0.0683565
vn 0.2656496 0.9636260 -0.0292444
vn 0.0000000 1.0000000 0.0000000
usemtl Mushroom
s 1
f 1/1373/1 2/1/2 3/2/3
f 1/1374/1 3/2/3 4/3/4
f 1/1375/1 4/3/4 5/4/5
f 1/1376/1 5/4/5 6/5/6
f 1/1377/1 6/5/6 7/6/7
f 1/1378/1 7/6/7 8/7/8
f 1/1379/1 8/7/8 9/8/9
f 1/1380/1 9/8/9 10/9/10
f 1/1381/1 10/9/10 11/10/11
f 1/1382/1 11/10/11 12/11/12
f 1/1383/1 12/11/12 13/12/13
f 1/1384/1 13/12/13 14/13/14
f 1/1385/1 14/13/14 15/14/15
f 1/1386/1 15/14/15 16/15/16
f 1/1387/1 16/15/16 17/16/17
f 1/1388/1 17/16/17 18/17/18
f 1/1389/1 18/17/18 19/18/19
f 1/1390/1 19/18/19 20/19/20
f 1/1391/1 20/19/20 21/20/21
f 1/1392/1 21/20/21 22/21/22
f 1/1393/1 22/21/22 23/22/23
f 1/1394/1 23/22/23 24/23/24
f 1/1395/1 24/23/24 25/24/25
f 1/1396/1 25/24/25 26/25/26
f 1/1397/1 26/25/26 27/26/27
f 1/1398/1 27/26/27 28/27/28
f 1/1399/1 28/27/28 29/28/29
f 1/1400/1 29/28/29 30/29/30
f 1/1401/1 30/29/30 31/30/31
f 1/1402/1 31/30/31 32/31/32
f 1/1403/1 32/31/32 33/32/33
f 1/1404/1 33/32/33 34/33/34
f 1/1405/1 34/33/34 35/34/35
f 1/1406/1 35/34/35 36/35/36
f 1/1407/1 36/35/36 37/36/37
f 1/1408/1 37/36/37 38/37/38
f 1/1409/1 38/37/38 39/38/39
f 1/1410/1 39/38/39 40/39/40
f 1/1411/1 40/39/40 41/40/41
f 1/1412/1 41/40/41 42/41/42
f 1/1413/1 42/41/42 43/42/43
f 1/1414/1 43/42/43 44/43/44
f 1/1415/1 44/43/44 45/44/45
f 1/1416/1 45/44/45 46/45/46
f 1/1417/1 46/45/46 47/46/47
f 1/1418/1 47/46/47 48/47/48
f 1/1419/1 48/47/48 49/48/49
f 1/1420/1 49/48/49 2/49/2
f 2/1/2 50/50/50 3/2/3
f 3/2/3 50/50/50 51/51/51
f 3/2/3 51/51/51 4/3/4
f 4/3/4 51/51/51 52/52/52
f 4/3/4 52/52/52 5/4/5
f 5/4/5 52/52/52 53/53/53
f 5/4/5 53/53/53 6/5/6
f 6/5/6 53/53/53 54/54/54
f 6/5/6 54/54/54 7/6/7
f 7/6/7 54/54/54 55/55/55
f 7/6/7 55/55/55 8/7/8
f 8/7/8 55/55/55 56/56/56
f 8/7/8 56/56/56 9/8/9
f 9/8/9 56/56/56 57/57/57
f 9/8/9 57/57/57 10/9/10
f 10/9/10 57/57/57 58/58/58
f 10/9/10 58/58/58 11/10/11
f 11/10/11 58/58/58 59/59/59
f 11/10/11 59/59/59 12/11/12
f 12/11/12 59/59/59 60/60/60
f 12/11/12 60/60/60 13/12/13
f 13/12/13 60/60/60 61/61/61
f 13/12/13 61/61/61 14/13/14
f 14/13/14 61/61/61 62/62/62
f 14/13/14 62/62/62 15/14/15
f 15/14/15 62/62/62 63/63/63
f 15/14/15 63/63/63 16/15/16
f 16/15/16 63/63/63 64/64/64
f 16/15/16 64/64/64 17/16/17
f 17/16/17 64/64/64 65/65/65
f 17/16/17 65/65/65 18/17/18
f 18/17/18 65/65/65 66/66/66
f 18/17/18 66/66/66 19/18/19
f 19/18/19 66/66/66 67/67/67
f 19/18/19 67/67/67 20/19/20
f 20/19/20 67/67/67 68/68/68
f 20/19/20 68/68/68 21/20/21
f 21/20/21 68/68/68 69/69/69
f 21/20/21 69/69/69 22/21/22
f 22/21/22 69/69/69 70/70/70
f 22/21/22 70/70/70 23/22/23
f 23/22/23 70/70/70 71/71/71
f 23/22/23 71/71/71 24/23/24
f 24/23/24 71/71/71 72/72/72
f 24/23/24 72/72/72 25/24/25
f 25/24/25 72/72/72 73/73/73
f 25/24/25 73/73/73 26/25/26
f 26/25/26 73/73/73 74/74/74
f 26/25/26 74/74/74 27/26/27
f 27/26/27 74/74/74 75/75/75
f 27/26/27 75/75/75 28/27/28
f 28/27/28 75/75/75 76/76/76
f 28/27/28 76/76/76 29/28/29
f 29/28/29 76/76/76 77/77/77
f 29/28/29 77/77/77 30/29/30
f 30/29/30 77/77/77 78/78/78
f 30/29/30 78/78/78 31/30/31
f 31/30/31 78/78/78 79/79/79
f 31/30/31 79/79/79 32/31/32
f 32/31/32 79/79/79 80/80/80
f 32/31/32 80/80/80 33/32/33
f 33/32/33 80/80/80 81/81/81
f 33/32/33 81/81/81 34/33/34
f 34/33/34 81/81/81 82/82/82
f 34/33/34 82/82/82 35/34/35
f 35/34/35 82/82/82 83/83/83
f 35/34/35 83/83/83 36/35/36
f 36/35/36 83/83/83 84/84/84
f 36/35/36 84/84/84 37/36/37
f 37/36/37 84/84/84 85/85/85
f 37/36/37 85/85/85 38/37/38
f 38/37/38 85/85/85 86/86/86
f 38/37/38 86/86/86 39/38/39
f 39/38/39 86/86/86 87/87/87
f 39/38/39 87/87/87 40/39/40
f 40/39/40 87/87/87 88/88/88
f 40/39/40 88/88/88 41/40/41
f 41/40/41 88/88/88 89/89/89
f 41/40/41 89/89/89 42/41/42
f 42/41/42 89/89/89 90/90/90
f 42/41/42 90/90/90 43/42/43
f 43/42/43 90/90/90 91/91/91
f 43/42/43 91/91/91 44/43/44
f 44/43/44 91/91/91 92/92/92
f 44/43/44 92/92/92 45/44/45
f 45/44/45 92/92/92 93/93/93
f 45/44/45 93/93/93 46/45/46
f 46/45/46 93/93/93 94/94/94
f 46/45/46 94/94/94 47/46/47
f 47/46/47 94/94/94 95/95/95
f 47/46/47 95/95/95 48/47/48
f 48/47/48 95/95/95 96/96/96
f 48/47/48 96/96/96 49/48/49
f 49/48/49 96/96/96 97/97/97
f 49/48/49 97/97/97 2/49/2
f 2/49/2 97/97/97 50/98/50
f 50/50/50 98/99/98 51/51/51
f 51/51/51 98/99/98 99/100/99
f 51/51/51 99/100/99 52/52/52
f 52/52/52 99/100/99 100/101/100
f 52/52/52 100/101/100 53/53/53
f 53/53/53 100/101/100 101/102/101
f 53/53/53 101/102/101 54/54/54
f 54/54/54 101/102/101 102/103/102
f 54/54/54 102/103/102 55/55/55
f 55/55/55 102/103/102 103/104/103
f 55/55/55 103/104/103 56/56/56
f 56/56/56 103/104/103 104/105/104
f 56/56/56 104/105/104 57/57/57
f 57/57/57 104/105/104 105/106/105
f 57/57/57 105/106/105 58/58/58
f 58/58/58 105/106/105 106/107/106
f 58/58/58 106/107/106 59/59/59
f 59/59/59 106/107/106 107/108/107
f 59/59/59 107/108/107 60/60/60
f 60/60/60 107/108/107 108/109/108
f 60/60/60 108/109/108 61/61/61
f 61/61/61 108/109/108 109/110/109
f 61/61/61 109/110/109 62/62/62
f 62/62/62 109/110/109 110/111/110
f 62/62/62 110/111/110 63/63/63
f 63/63/63 110/111/110 111/112/111
f 63/63/63 111/112/111 64/64/64
f 64/64/64 111/112/111 112/113/112
f 64/64/64 112/113/112 65/65/65
f 65/65/65 112/113/112 113/114/113
f 65/65/65 113/114/113 66/66/66
f 66/66/66 113/114/113 114/115/114
f 66/66/66 114/115/114 67/67/67
f 67/67/67 114/115/114 115/116/115
f 67/67/67 115/116/115 68/68/68
f 68/68/68 115/116/115 116/117/116
f 68/68/68 116/117/116 69/69/69
f 69/69/69 116/117/116 117/118/117
f 69/69/69 117/118/117 70/70/70
f 70/70/70 117/118/117 118/119/118
f 70/70/70 118/119/118 71/71/71
f 71/71/71 118/119/118 119/120/119
f 71/71/71 119/120/119 72/72/72
f 72/72/72 119/120/119 120/121/120
f 72/72/72 120/121/120 73/73/73
f 73/73/73 120/121/120 121/122/121
f 73/73/73 121/122/121 74/74/74
f 74/74/74 121/122/121 122/123/122
f 74/74/74 122/123/122 75/75/75
f 75/75/75 122/123/122 123/124/123
f 75/75/75 123/124/123 76/76/76
f 76/76/76 123/124/123 124/125/124
f 76/76/76 124/125/124 77/77/77
f 77/77/77 124/125/124 125/126/125
f 77/77/77 125/126/125 78/78/78
f 78/78/78 125/126/125 126/127/126
f 78/78/78 126/127/126 79/79/79
f 79/79/79 126/127/126 127/128/127
f 79/79/79 127/128/127 80/80/80
f 80/80/80 127/128/127 128/129/128
f 80/80/80 128/129/128 81/81/81
f 81/81/81 128/129/128 129/130/129
f 81/81/81 129/130/129 82/82/82
f 82/82/82 129/130/129 130/131/130
f 82/82/82 130/131/130 83/83/83
f 83/83/83 130/131/130 131/132/131
f 83/83/83 131/132/131 84/84/84
f 84/84/84 131/132/131 132/133/132
f 84/84/84 132/133/132 85/85/85
f 85/85/85 132/133/132 133/134/133
f 85/85/85 133/134/133 86/86/86
f 86/86/86 133/134/133 134/135/134
f 86/86/86 134/135/134 87/87/87
f 87/87/87 134/135/134 135/136/135
f 87/87/87 135/136/135 88/88/88
f 88/88/88 135/136/135 136/137/136
f 88/88/88 136/137/136 89/89/89
f 89/89/89 136/137/136 137/138/137
f 89/89/89 137/138/137 90/90/90
f 90/90/90 137/138/137 138/139/138
f 90/90/90 138/139/138 91/91/91
f 91/91/91 138/139/138 139/140/139
f 91/91/91 139/140/139 92/92/92
f 92/92/92 139/140/139 140/141/140
f 92/92/92 140/141/140 93/93/93
f 93/93/93 140/141/140 141/142/141
f 93/93/93 141/142/141 94/94/94
f 94/94/94 141/142/141 142/143/142
f 94/94/94 142/143/142 95/95/95
f 95/95/95 142/143/142 143/144/143
f 95/95/95 143/144/143 96/96/96
f 96/96/96 143/144/143 144/145/144
f 96/96/96 144/145/144 97/97/97
f 97/97/97 144/145/144 145/146/145
f 97/97/97 145/146/145 50/98/50
f 50/98/50 145/146/145 98/147/98
f 98/99/98 146/148/146 99/100/99
f 99/100/99 146/148/146 147/149/147
f 99/100/99 147/149/147 100/101/100
f 100/101/100 147/149/147 148/150/148
f 100/101/100 148/150/148 101/102/101
f 101/102/101 148/150/148 149/151/149
f 101/102/101 149/151/149 102/103/102
f 102/103/102 149/151/149 150/152/150
f 102/103/102 150/152/150 103/104/103
f 103/104/103 150/152/150 151/153/151
f 103/104/103 151/153/151 104/105/104
f 104/105/104 151/153/151 152/154/152
f 104/105/104 152/154/152 105/106/105
f 105/106/105 152/154/152 153/155/153
f 105/106/105 153/155/153 106/107/106
f 106/107/106 153/155/153 154/156/154
f 106/107/106 154/156/154 107/108/107
f 107/108/107 154/156/154 155/157/155
f 107/108/107 155/157/155 108/109/108
f 108/109/108 155/157/155 156/158/156
f 108/109/108 156/158/156 109/110/109
f 109/110/109 156/158/156 157/159/157
f 109/110/109 157/159/157 110/111/110
f 110/111/110 157/159/157 158/160/158
f 110/111/110 158/160/158 111/112/111
f 111/112/111 158/160/158 159/161/159
f 111/112/111 159/161/159 112/113/112
f 112/113/112 159/161/159 160/162/160
f 112/113/112 160/162/160 113/114/113
f 113/114/113 160/162/160 161/163/161
f 113/114/113 161/163/161 114/115/114
f 114/115/114 161/163/161 162/164/162
f 114/115/114 162/164/162 115/116/115
f 115/116/115 162/164/162 163/165/163
f 115/116/115 163/165/163 116/117/116
f 116/117/116 163/165/163 164/166/164
f 116/117/116 164/166/164 117/118/117
f 117/118/117 164/166/164 165/167/165
f 117/118/117 165/167/165 118/119/118
f 118/119/118 165/167/165 166/168/166
f 118/119/118 166/168/166 119/120/119
f 119/120/119 166/168/166 167/169/167
f 119/120/119 167/169/167 120/121/120
f 120/121/120 167/169/167 168/170/168
f 120/121/120 168/170/168 121/122/121
f 121/122/121 168/170/168 169/171/169
f 121/122/121 169/171/169 122/123/122
f 122/123/122 169/171/169 170/172/170
f 122/123/122 170/172/170 123/124/123
f 123/124/123 170/172/170 171/173/171
f 123/124/123 171/173/171 124/125/124
f 124/125/124 171/173/171 172/174/172
f 124/125/124 172/174/172 125/126/125
f 125/126/125 172/174/172 173/175/173
f 125/126/125 173/175/173 126/127/126
f 126/127/126 173/175/173 174/176/174
f 126/127/126 174/176/174 127/128/127
f 127/128/127 174/176/174 175/177/175
f 127/128/127 175/177/175 128/129/128
f 128/129/128 175/177/175 176/178/176
f 128/129/128 176/178/176 129/130/129
f 129/130/129 176/178/176 177/179/177
f 129/130/129 177/179/177 130/131/130
f 130/131/130 177/179/177 178/180/178
f 130/131/130 178/180/178 131/132/131
f 131/132/131 178/180/178 179/181/179
f 131/132/131 179/181/179 132/133/132
f 132/133/132 179/181/179 180/182/180
f 132/133/132 180/182/180 133/134/133
f 133/134/133 180/182/180 181/183/181
f 133/134/133 181/183/181 134/135/134
f 134/135/134 181/183/181 182/184/182
f 134/135/134 182/184/182 135/136/135
f 135/136/135 182/184/182 183/185/183
f 135/136/135 183/185/183 136/137/136
f 136/137/136 183/185/183 184/186/184
f 136/137/136 184/186/184 137/138/137
f 137/138/137 184/186/184 185/187/185
f 137/138/137 185/187/185 138/139/138
f 138/139/138 185/187/185 186/188/186
f 138/139/138 186/188/186 139/140/139
f 139/140/139 186/188/186 187/189/187
f 139/140/139 187/189/187 140/141/140
f 140/141/140 187/189/187 188/190/188
f 140/141/140 188/190/188 141/142/141
f 141/142/141 188/190/188 189/191/189
f 141/142/141 189/191/189 142/143/142
f 142/143/142 189/191/189 190/192/190
f 142/143/142 190/192/190 143/144/143
f 143/144/143 190/192/190 191/193/191
f 143/144/143 191/193/191 144/145/144
f 144/145/144 191/193/191 192/194/192
f 144/145/144 192/194/192 145/146/145
f 145/146/145 192/194/192 193/195/193
f 145/146/145 193/195/193 98/147/98
f 98/147/98 193/195/193 146/196/146
f 146/148/146 194/197/194 147/149/147
f 147/149/147 194/197/194 195/198/195
f 147/149/147 195/198/195 148/150/148
f 148/150/148 195/198/195 196/199/196
f 148/150/148 196/199/196 149/151/149
f 149/151/149 196/199/196 197/200/197
f 149/151/149 197/200/197 150/152/150
f 150/152/150 197/200/197 198/201/198
f 150/152/150 198/201/198 151/153/151
f 151/153/151 198/201/198 199/202/199
f 151/153/151 199/202/199 152/154/152
f 152/154/152 199/202/199 200/203/200
f 152/154/152 200/203/200 153/155/153
f 153/155/153 200/203/200 201/204/201
f 153/155/153 201/204/201 154/156/154
f 154/156/154 201/204/201 202/205/202
f 154/156/154 202/205/202 155/157/155
f 155/157/155 202/205/202 203/206/203
f 155/157/155 203/206/203 156/158/156
f 156/158/156 203/206/203 204/207/204
f 156/158/156 204/207/204 157/159/157
f 157/159/157 204/207/204 205/208/205
f 157/159/157 205/208/205 158/160/158
f 158/160/158 205/208/205 206/209/206
f 158/160/158 206/209/206 159/161/159
f 159/161/159 206/209/206 207/210/207
f 159/161/159 207/210/207 160/162/160
f 160/162/160 207/210/207 208/211/208
f 160/162/160 208/211/208 161/163/161
f 161/163/161 208/211/208 209/212/209
f 161/163/161 209/212/209 162/164/162
f 162/164/162 209/212/209 210/213/210
f 162/164/162 210/213/210 163/165/163
f 163/165/163 210/213/210 211/214/211
f 163/165/163 211/214/211 164/166/164
f 164/166/164 211/214/211 212/215/212
f 164/166/164 212/215/212 165/167/165
f 165/167/165 212/215/212 213/216/213
f 165/167/165 213/216/213 166/168/166
f 166/168/166 213/216/213 214/217/214
f 166/168/166 214/217/214 167/169/167
f 167/169/167 214/217/214 215/218/215
f 167/169/167 215/218/215 168/170/168
f 168/170/168 215/218/215 216/219/216
f 168/170/168 216/219/216 169/171/169
f 169/171/169 216/219/216 217/220/217
f 169/171/169 217/220/217 170/172/170
f 170/172/170 217/220/217 218/221/218
f 170/172/170 218/221/218 171/173/171
f 171/173/171 218/221/218 219/222/219
f 171/173/171 219/222/219 172/174/172
f 172/174/172 219/222/219 220/223/220
f 172/174/172 220/223/220 173/175/173
f 173/175/173 220/223/220 221/224/221
f 173/175/173 221/224/221 174/176/174
f 174/176/174 221/224/221 222/225/222
f 174/176/174 222/225/222 175/177/175
f 175/177/175 222/225/222 223/226/223
f 175/177/175 223/226/223 176/178/176
f 176/178/176 223/226/223 224/227/224
f 176/178/176 224/227/224 177/179/177
f 177/179/177 224/227/224 225/228/225
f 177/179/177 225/228/225 178/180/178
f 178/180/178 225/228/225 226/229/226
f 178/180/178 226/229/226 179/181/179
f 179/181/179 226/229/226 227/230/227
f 179/181/179 227/230/227 180/182/180
f 180/182/180 227/230/227 228/231/228
f 180/182/180 228/231/228 181/183/181
f 181/183/181 228/231/228 229/232/229
f 181/183/181 229/232/229 182/184/182
f 182/184/182 229/232/229 230/233/230
f 182/184/182 230/233/230 183/185/183
f 183/185/183 230/233/230 231/234/231
f 183/185/183 231/234/231 184/186/184
f 184/186/184 231/234/231 232/235/232
f 184/186/184 232/235/232 185/187/185
f 185/187/185 232/235/232 233/236/233
f 185/187/185 233/236/233 186/188/186
f 186/188/186 233/236/233 234/237/234
f 186/188/186 234/237/234 187/189/187
f 187/189/187 234/237/234 235/238/235
f 187/189/187 235/238/235 188/190/188
f 188/190/188 235/238/235 236/239/236
f 188/190/188 236/239/236 189/191/189
f 189/191/189 236/239/236 237/240/237
f 189/191/189 237/240/237 190/192/190
f 190/192/190 237/240/237 238/241/238
f 190/192/190 238/241/238 191/193/191
f 191/193/191 238/241/238 239/242/239
f 191/193/191 239/242/239 192/194/192
f 192/194/192 239/242/239 240/243/240
f 192/194/192 240/243/240 193/195/193
f 193/195/193 240/243/240 241/244/241
f 193/195/193 241/244/241 146/196/146
f 146/196/146 241/244/241 194/245/194
f 194/197/194 242/246/242 195/198/195
f 195/198/195 242/246/242 243/247/243
f 195/198/195 243/247/243 196/199/196
f 196/199/196 243/247/243 244/248/244
f 196/199/196 244/248/244 197/200/197
f 197/200/197 244/248/244 245/249/245
f 197/200/197 245/249/245 198/201/198
f 198/201/198 245/249/245 246/250/246
f 198/201/198 246/250/246 199/202/199
f 199/202/199 246/250/246 247/251/247
f 199/202/199 247/251/247 200/203/200
f 200/203/200 247/251/247 248/252/248
f 200/203/200 248/252/248 201/204/201
f 201/204/201 248/252/248 249/253/249
f 201/204/201 249/253/249 202/205/202
f 202/205/202 249/253/249 250/254/250
f 202/205/202 250/254/250 203/206/203
f 203/206/203 250/254/250 251/255/251
f 203/206/203 251/255/251 204/207/204
f 204/207/204 251/255/251 252/256/252
f 204/207/204 252/256/252 205/208/205
f 205/208/205 252/256/252 253/257/253
f 205/208/205 253/257/253 206/209/206
f 206/209/206 253/257/253 254/258/254
f 206/209/206 254/258/254 207/210/207
f 207/210/207 254/258/254 255/259/255
f 207/210/207 255/259/255 208/211/208
f 208/211/208 255/259/255 256/260/256
f 208/211/208 256/260/256 209/212/209
f 209/212/209 256/260/256 257/261/257
f 209/212/209 257/261/257 210/213/210
f 210/213/210 257/261/257 258/262/258
f 210/213/210 258/262/258 211/214/211
f 211/214/211 258/262/258 259/263/259
f 211/214/211 259/263/259 212/215/212
f 212/215/212 259/263/259 260/264/260
f 212/215/212 260/264/260 213/216/213
f 213/216/213 260/264/260 261/265/261
f 213/216/213 261/265/261 214/217/214
f 214/217/214 261/265/261 262/266/262
f 214/217/214 262/266/262 215/218/215
f 215/218/215 262/266/262 263/267/263
f 215/218/215 263/267/263 216/219/216
f 216/219/216 263/267/263 264/268/264
f 216/219/216 264/268/264 217/220/217
f 217/220/217 264/268/264 265/269/265
f 217/220/217 265/269/265 218/221/218
f 218/221/218 265/269/265 266/270/266
f 218/221/218 266/270/266 219/222/219
f 219/222/219 266/270/266 267/271/267
f 219/222/219 267/271/267 220/223/220
f 220/223/220 267/271/267 268/272/268
f 220/223/220 268/272/268 221/224/221
f 221/224/221 268/272/268 269/273/269
f 221/224/221 269/273/269 222/225/222
f 222/225/222 269/273/269 270/274/270
f 222/225/222 270/274/270 223/226/223
f 223/226/223 270/274/270 271/275/271
f 223/226/223 271/275/271 224/227/224
f 224/227/224 271/275/271 272/276/272
f 224/227/224 272/276/272 225/228/225
f 225/228/225 272/276/272 273/277/273
f 225/228/225 273/277/273 226/229/226
f 226/229/226 273/277/273 274/278/274
f 226/229/226 274/278/274 227/230/227
f 227/230/227 274/278/274 275/279/275
f 227/230/227 275/279/275 228/231/228
f 228/231/228 275/279/275 276/280/276
f 228/231/228 276/280/276 229/232/229
f 229/232/229 276/280/276 277/281/277
f 229/232/229 277/281/277 230/233/230
f 230/233/230 277/281/277 278/282/278
f 230/233/230 278/282/278 231/234/231
f 231/234/231 278/282/278 279/283/279
f 231/234/231 279/283/279 232/235/232
f 232/235/232 279/283/279 280/284/280
f 232/235/232 280/284/280 233/236/233
f 233/236/233 280/284/280 281/285/281
f 233/236/233 281/285/281 234/237/234
f 234/237/234 281/285/281 282/286/282
f 234/237/234 282/286/282 235/238/235
f 235/238/235 282/286/282 283/287/283
f 235/238/235 283/287/283 236/239/236
f 236/239/236 283/287/283 284/288/284
f 236/239/236 284/288/284 237/240/237
f 237/240/237 284/288/284 285/289/285
f 237/240/237 285/289/285 238/241/238
f 238/241/238 285/289/285 286/290/286
f 238/241/238 286/290/286 239/242/239
f 239/242/239 286/290/286 287/291/287
f 239/242/239 287/291/287 240/243/240
f 240/243/240 287/291/287 288/292/288
f 240/243/240 288/292/288 241/244/241
f 241/244/241 288/292/288 289/293/289
f 241/244/241 289/293/289 194/245/194
f 194/245/194 289/293/289 242/294/242
f 242/246/242 290/295/290 243/247/243
f 243/247/243 290/295/290 291/296/291
f 243/247/243 291/296/291 244/248/244
f 244/248/244 291/296/291 292/297/292
f 244/248/244 292/297/292 245/249/245
f 245/249/245 292/297/292 293/298/293
f 245/249/245 293/298/293 246/250/246
f 246/250/246 293/298/293 294/299/294
f 246/250/246 294/299/294 247/251/247
f 247/251/247 294/299/294 295/300/295
f 247/251/247 295/300/295 248/252/248
f 248/252/248 295/300/295 296/301/296
f 248/252/248 296/301/296 249/253/249
f 249/253/249 296/301/296 297/302/297
f 249/253/249 297/302/297 250/254/250
f 250/254/250 297/302/297 298/303/298
f 250/254/250 298/303/298 251/255/251
f 251/255/251 298/303/298 299/304/299
f 251/255/251 299/304/299 252/256/252
f 252/256/252 299/304/299 300/305/300
f 252/256/252 300/305/300 253/257/253
f 253/257/253 300/305/300 301/306/301
f 253/257/253 301/306/301 254/258/254
f 254/258/254 301/306/301 302/307/302
f 254/258/254 302/307/302 255/259/255
f 255/259/255 302/307/302 303/308/303
f 255/259/255 303/308/303 256/260/256
f 256/260/256 303/308/303 304/309/304
f 256/260/256 304/309/304 257/261/257
f 257/261/257 304/309/304 305/310/305
f 257/261/257 305/310/305 258/262/258
f 258/262/258 305/310/305 306/311/306
f 258/262/258 306/311/306 259/263/259
f 259/263/259 306/311/306 307/312/307
f 259/263/259 307/312/307 260/264/260
f 260/264/260 307/312/307 308/313/308
f 260/264/260 308/313/308 261/265/261
f 261/265/261 308/313/308 309/314/309
f 261/265/261 309/314/309 262/266/262
f 262/266/262 309/314/309 310/315/310
f 262/266/262 310/315/310 263/267/263
f 263/267/263 310/315/310 311/316/311
f 263/267/263 311/316/311 264/268/264
f 264/268/264 311/316/311 312/317/312
f 264/268/264 312/317/312 265/269/265
f 265/269/265 312/317/312 313/318/313
f 265/269/265 313/318/313 266/270/266
f 266/270/266 313/318/313 314/319/314
f 266/270/266 314/319/314 267/271/267
f 267/271/267 314/319/314 315/320/315
f 267/271/267 315/320/315 268/272/268
f 268/272/268 315/320/315 316/321/316
f 268/272/268 316/321/316 269/273/269
f 269/273/269 316/321/316 317/322/317
f 269/273/269 317/322/317 270/274/270
f 270/274/270 317/322/317 318/323/318
f 270/274/270 318/323/318 271/275/271
f 271/275/271 318/323/318 319/324/319
f 271/275/271 319/324/319 272/276/272
f 272/276/272 319/324/319 320/325/320
f 272/276/272 320/325/320 273/277/273
f 273/277/273 320/325/320 321/326/321
f 273/277/273 321/326/321 274/278/274
f 274/278/274 321/326/321 322/327/322
f 274/278/274 322/327/322 275/279/275
f 275/279/275 322/327/322 323/328/323
f 275/279/275 323/328/323 276/280/276
f 276/280/276 323/328/323 324/329/324
f 276/280/276 324/329/324 277/281/277
f 277/281/277 324/329/324 325/330/325
f 277/281/277 325/330/325 278/282/278
f 278/282/278 325/330/325 326/331/326
f 278/282/278 326/331/326 279/283/279
f 279/283/279 326/331/326 327/332/327
f 279/283/279 327/332/327 280/284/280
f 280/284/280 327/332/327 328/333/328
f 280/284/280 328/333/328 281/285/281
f 281/285/281 328/333/328 329/334/329
f 281/285/281 329/334/329 282/286/282
f 282/286/282 329/334/329 330/335/330
f 282/286/282 330/335/330 283/287/283
f 283/287/283 330/335/330 331/336/331
f 283/287/283 331/336/331 284/288/284
f 284/288/284 331/336/331 332/337/332
f 284/288/284 332/337/332 285/289/285
f 285/289/285 332/337/332 333/338/333
f 285/289/285 333/338/333 286/290/286
f 286/290/286 333/338/333 334/339/334
f 286/290/286 334/339/334 287/291/287
f 287/291/287 334/339/334 335/340/335
f 287/291/287 335/340/335 288/292/288
f 288/292/288 335/340/335 336/341/336
f 288/292/288 336/341/336 289/293/289
f 289/293/289 336/341/336 337/342/337
f 289/293/289 337/342/337 242/294/242
f 242/294/242 337/342/337 290/343/290
f 290/295/290 338/344/338 291/296/291
f 291/296/291 338/344/338 339/345/339
f 291/296/291 339/345/339 292/297/292
f 292/297/292 339/345/339 340/346/340
f 292/297/292 340/346/340 293/298/293
f 293/298/293 340/346/340 341/347/341
f 293/298/293 341/347/341 294/299/294
f 294/299/294 341/347/341 342/348/342
f 294/299/294 342/348/342 295/300/295
f 295/300/295 342/348/342 343/349/343
f 295/300/295 343/349/343 296/301/296
f 296/301/296 343/349/343 344/350/344
f 296/301/296 344/350/344 297/302/297
f 297/302/297 344/350/344 345/351/345
f 297/302/297 345/351/345 298/303/298
f 298/303/298 345/351/345 346/352/346
f 298/303/298 346/352/346 299/304/299
f 299/304/299 346/352/346 347/353/347
f 299/304/299 347/353/347 300/305/300
f 300/305/300 347/353/347 348/354/348
f 300/305/300 348/354/348 301/306/301
f 301/306/301 348/354/348 349/355/349
f 301/306/301 349/355/349 302/307/302
f 302/307/302 349/355/349 350/356/350
f 302/307/302 350/356/350 303/308/303
f 303/308/303 350/356/350 351/357/351
f 303/308/303 351/357/351 304/309/304
f 304/309/304 351/357/351 352/358/352
f 304/309/304 352/358/352 305/310/305
f 305/310/305 352/358/352 353/359/353
f 305/310/305 353/359/353 306/311/306
f 306/311/306 353/359/353 354/360/354
f 306/311/306 354/360/354 307/312/307
f 307/312/307 354/360/354 355/361/355
f 307/312/307 355/361/355 308/313/308
f 308/313/308 355/361/355 356/362/356
f 308/313/308 356/362/356 309/314/309
f 309/314/309 356/362/356 357/363/357
f 309/314/309 357/363/357 310/315/310
f 310/315/310 357/363/357 358/364/358
f 310/315/310 358/364/358 311/316/311
f 311/316/311 358/364/358 359/365/359
f 311/316/311 359/365/359 312/317/312
f 312/317/312 359/365/359 360/366/360
f 312/317/312 360/366/360 313/318/313
f 313/318/313 360/366/360 361/367/361
f 313/318/313 361/367/361 314/319/314
f 314/319/314 361/367/361 362/368/362
f 314/319/314 362/368/362 315/320/315
f 315/320/315 362/368/362 363/369/363
f 315/320/315 363/369/363 316/321/316
f 316/321/316 363/369/363 364/370/364
f 316/321/316 364/370/364 317/322/317
f 317/322/317 364/370/364 365/371/365
f 317/322/317 365/371/365 318/323/318
f 318/323/318 365/371/365 366/372/366
f 318/323/318 366/372/366 319/324/319
f 319/324/319 366/372/366 367/373/367
f 319/324/319 367/373/367 320/325/320
f 320/325/320 367/373/367 368/374/368
f 320/325/320 368/374/368 321/326/321
f 321/326/321 368/374/368 369/375/369
f 321/326/321 369/375/369 322/327/322
f 322/327/322 369/375/369 370/376/370
f 322/327/322 370/376/370 323/328/323
f 323/328/323 370/376/370 371/377/371
f 323/328/323 371/377/371 324/329/324
f 324/329/324 371/377/371 372/378/372
f 324/329/324 372/378/372 325/330/325
f 325/330/325 372/378/372 373/379/373
f 325/330/325 373/379/373 326/331/326
f 326/331/326 373/379/373 374/380/374
f 326/331/326 374/380/374 327/332/327
f 327/332/327 374/380/374 375/381/375
f 327/332/327 375/381/375 328/333/328
f 328/333/328 375/381/375 376/382/376
f 328/333/328 376/382/376 329/334/329
f 329/334/329 376/382/376 377/383/377
f 329/334/329 377/383/377 330/335/330
f 330/335/330 377/383/377 378/384/378
f 330/335/330 378/384/378 331/336/331
f 331/336/331 378/384/378 379/385/379
f 331/336/331 379/385/379 332/337/332
f 332/337/332 379/385/379 380/386/380
f 332/337/332 380/386/380 333/338/333
f 333/338/333 380/386/380 381/387/381
f 333/338/333 381/387/381 334/339/334
f 334/339/334 381/387/381 382/388/382
f 334/339/334 382/388/382 335/340/335
f 335/340/335 382/388/382 383/389/383
f 335/340/335 383/389/383 336/341/336
f 336/341/336 383/389/383 384/390/384
f 336/341/336 384/390/384 337/342/337
f 337/342/337 384/390/384 385/391/385
f 337/342/337 385/391/385 290/343/290
f 290/343/290 385/391/385 338/392/338
f 338/344/338 386/393/386 339/345/339
f 339/345/339 386/393/386 387/394/387
f 339/345/339 387/394/387 340/346/340
f 340/346/340 387/394/387 388/395/388
f 340/346/340 388/395/388 341/347/341
f 341/347/341 388/395/388 389/396/389
f 341/347/341 389/396/389 342/348/342
f 342/348/342 389/396/389 390/397/390
f 342/348/342 390/397/390 343/349/343
f 343/349/343 390/397/390 391/398/391
f 343/349/343 391/398/391 344/350/344
f 344/350/344 391/398/391 392/399/392
f 344/350/344 392/399/392 345/351/345
f 345/351/345 392/399/392 393/400/393
f 345/351/345 393/400/393 346/352/346
f 346/352/346 393/400/393 394/401/394
f 346/352/346 394/401/394 347/353/347
f 347/353/347 394/401/394 395/402/395
f 347/353/347 395/402/395 348/354/348
f 348/354/348 395/402/395 396/403/396
f 348/354/348 396/403/396 349/355/349
f 349/355/349 396/403/396 397/404/397
f 349/355/349 397/404/397 350/356/350
f 350/356/350 397/404/397 398/405/398
f 350/356/350 398/405/398 351/357/351
f 351/357/351 398/405/398 399/406/399
f 351/357/351 399/406/399 352/358/352
f 352/358/352 399/406/399 400/407/400
f 352/358/352 400/407/400 353/359/353
f 353/359/353 400/407/400 401/408/401
f 353/359/353 401/408/401 354/360/354
f 354/360/354 401/408/401 402/409/402
f 354/360/354 402/409/402 355/361/355
f 355/361/355 402/409/402 403/410/403
f 355/361/355 403/410/403 356/362/356
f 356/362/356 403/410/403 404/411/404
f 356/362/356 404/411/404 357/363/357
f 357/363/357 404/411/404 405/412/405
f 357/363/357 405/412/405 358/364/358
f 358/364/358 405/412/405 406/413/406
f 358/364/358 406/413/406 359/365/359
f 359/365/359 406/413/406 407/414/407
f 359/365/359 407/414/407 360/366/360
f 360/366/360 407/414/407 408/415/408
f 360/366/360 408/415/408 361/367/361
f 361/367/361 408/415/408 409/416/409
f 361/367/361 409/416/409 362/368/362
f 362/368/362 409/416/409 410/417/410
f 362/368/362 410/417/410 363/369/363
f 363/369/363 410/417/410 411/418/411
f 363/369/363 411/418/411 364/370/364
f 364/370/364 411/418/411 412/419/412
f 364/370/364 412/419/412 365/371/365
f 365/371/365 412/419/412 413/420/413
f 365/371/365 413/420/413 366/372/366
f 366/372/366 413/420/413 414/421/414
f 366/372/366 414/421/414 367/373/367
f 367/373/367 414/421/414 415/422/415
f 367/373/367 415/422/415 368/374/368
f 368/374/368 415/422/415 416/423/416
f 368/374/368 416/423/416 369/375/369
f 369/375/369 416/423/416 417/424/417
f 369/375/369 417/424/417 370/376/370
f 370/376/370 417/424/417 418/425/418
f 370/376/370 418/425/418 371/377/371
f 371/377/371 418/425/418 419/426/419
f 371/377/371 419/426/419 372/378/372
f 372/378/372 419/426/419 420/427/420
f 372/378/372 420/427/420 373/379/373
f 373/379/373 420/427/420 421/428/421
f 373/379/373 421/428/421 374/380/374
f 374/380/374 421/428/421 422/429/422
f 374/380/374 422/429/422 375/381/375
f 375/381/375 422/429/422 423/430/423
f 375/381/375 423/430/423 376/382/376
f 376/382/376 423/430/423 424/431/424
f 376/382/376 424/431/424 377/383/377
f 377/383/377 424/431/424 425/432/425
f 377/383/377 425/432/425 378/384/378
f 378/384/378 425/432/425 426/433/426
f 378/384/378 426/433/426 379/385/379
f 379/385/379 426/433/426 427/434/427
f 379/385/379 427/434/427 380/386/380
f 380/386/380 427/434/427 428/435/428
f 380/386/380 428/435/428 381/387/381
f 381/387/381 428/435/428 429/436/429
f 381/387/381 429/436/429 382/388/382
f 382/388/382 429/436/429 430/437/430
f 382/388/382 430/437/430 383/389/383
f 383/389/383 430/437/430 431/438/431
f 383/389/383 431/438/431 384/390/384
f 384/390/384 431/438/431 432/439/432
f 384/390/384 432/439/432 385/391/385
f 385/391/385 432/439/432 433/440/433
f 385/391/385 433/440/433 338/392/338
f 338/392/338 433/440/433 386/441/386
f 386/393/386 434/442/434 387/394/387
f 387/394/387 434/442/434 435/443/435
f 387/394/387 435/443/435 388/395/388
f 388/395/388 435/443/435 436/444/436
f 388/395/388 436/444/436 389/396/389
f 389/396/389 436/444/436 437/445/437
f 389/396/389 437/445/437 390/397/390
f 390/397/390 437/445/437 438/446/438
f 390/397/390 438/446/438 391/398/391
f 391/398/391 438/446/438 439/447/439
f 391/398/391 439/447/439 392/399/392
f 392/399/392 439/447/439 440/448/440
f 392/399/392 440/448/440 393/400/393
f 393/400/393 440/448/440 441/449/441
f 393/400/393 441/449/441 394/401/394
f 394/401/394 441/449/441 442/450/442
f 394/401/394 442/450/442 395/402/395
f 395/402/395 442/450/442 443/451/443
f 395/402/395 443/451/443 396/403/396
f 396/403/396 443/451/443 444/452/444
f 396/403/396 444/452/444 397/404/397
f 397/404/397 444/452/444 445/453/445
f 397/404/397 445/453/445 398/405/398
f 398/405/398 445/453/445 446/454/446
f 398/405/398 446/454/446 399/406/399
f 399/406/399 446/454/446 447/455/447
f 399/406/399 447/455/447 400/407/400
f 400/407/400 447/455/447 448/456/448
f 400/407/400 448/456/448 401/408/401
f 401/408/401 448/456/448 449/457/449
f 401/408/401 449/457/449 402/409/402
f 402/409/402 449/457/449 450/458/450
f 402/409/402 450/458/450 403/410/403
f 403/410/403 450/458/450 451/459/451
f 403/410/403 451/459/451 404/411/404
f 404/411/404 451/459/451 452/460/452
f 404/411/404 452/460/452 405/412/405
f 405/412/405 452/460/452 453/461/453
f 405/412/405 453/461/453 406/413/406
f 406/413/406 453/461/453 454/462/454
f 406/413/406 454/462/454 407/414/407
f 407/414/407 454/462/454 455/463/455
f 407/414/407 455/463/455 408/415/408
f 408/415/408 455/463/455 456/464/456
f 408/415/408 456/464/456 409/416/409
f 409/416/409 456/464/456 457/465/457
f 409/416/409 457/465/457 410/417/410
f 410/417/410 457/465/457 458/466/458
f 410/417/410 458/466/458 411/418/411
f 411/418/411 458/466/458 459/467/459
f 411/418/411 459/467/459 412/419/412
f 412/419/412 459/467/459 460/468/460
f 412/419/412 460/468/460 413/420/413
f 413/420/413 460/468/460 461/469/461
f 413/420/413 461/469/461 414/421/414
f 414/421/414 461/469/461 462/470/462
f 414/421/414 462/470/462 415/422/415
f 415/422/415 462/470/462 463/471/463
f 415/422/415 463/471/463 416/423/416
f 416/423/416 463/471/463 464/472/464
f 416/423/416 464/472/464 417/424/417
f 417/424/417 464/472/464 465/473/465
f 417/424/417 465/473/465 418/425/418
f 418/425/418 465/473/465 466/474/466
f 418/425/418 466/474/466 419/426/419
f 419/426/419 466/474/466 467/475/467
f 419/426/419 467/475/467 420/427/420
f 420/427/420 467/475/467 468/476/468
f 420/427/420 468/476/468 421/428/421
f 421/428/421 468/476/468 469/477/469
f 421/428/421 469/477/469 422/429/422
f 422/429/422 469/477/469 470/478/470
f 422/429/422 470/478/470 423/430/423
f 423/430/423 470/478/470 471/479/471
f 423/430/423 471/479/471 424/431/424
f 424/431/424 471/479/471 472/480/472
f 424/431/424 472/480/472 425/432/425
f 425/432/425 472/480/472 473/481/473
f 425/432/425 473/481/473 426/433/426
f 426/433/426 473/481/473 474/482/474
f 426/433/426 474/482/474 427/434/427
f 427/434/427 474/482/474 475/483/475
f 427/434/427 475/483/475 428/435/428
f 428/435/428 475/483/475 476/484/476
f 428/435/428 476/484/476 429/436/429
f 429/436/429 476/484/476 477/485/477
f 429/436/429 477/485/477 430/437/430
f 430/437/430 477/485/477 478/486/478
f 430/437/430 478/486/478 431/438/431
f 431/438/431 478/486/478 479/487/479
f 431/438/431 479/487/479 432/439/432
f 432/439/432 479/487/479 480/488/480
f 432/439/432 480/488/480 433/440/433
f 433/440/433 480/488/480 481/489/481
f 433/440/433 481/489/481 386/441/386
f 386/441/386 481/489/481 434/490/434
f 434/442/434 482/491/482 435/443/435
f 435/443/435 482/491/482 483/492/483
f 435/443/435 483/492/483 436/444/436
f 436/444/436 483/492/483 484/493/484
f 436/444/436 484/493/484 437/445/437
f 437/445/437 484/493/484 485/494/485
f 437/445/437 485/494/485 438/446/438
f 438/446/438 485/494/485 486/495/486
f 438/446/438 486/495/486 439/447/439
f 439/447/439 486/495/486 487/496/487
f 439/447/439 487/496/487 440/448/440
f 440/448/440 487/496/487 488/497/488
f 440/448/440 488/497/488 441/449/441
f 441/449/441 488/497/488 489/498/489
f 441/449/441 489/498/489 442/450/442
f 442/450/442 489/498/489 490/499/490
f 442/450/442 490/499/490 443/451/443
f 443/451/443 490/499/490 491/500/491
f 443/451/443 491/500/491 444/452/444
f 444/452/444 491/500/491 492/501/492
f 444/452/444 492/501/492 445/453/445
f 445/453/445 492/501/492 493/502/493
f 445/453/445 493/502/493 446/454/446
f 446/454/446 493/502/493 494/503/494
f 446/454/446 494/503/494 447/455/447
f 447/455/447 494/503/494 495/504/495
f 447/455/447 495/504/495 448/456/448
f 448/456/448 495/504/495 496/505/496
f 448/456/448 496/505/496 449/457/449
f 449/457/449 496/505/496 497/506/497
f 449/457/449 497/506/497 450/458/450
f 450/458/450 497/506/497 498/507/498
f 450/458/450 498/507/498 451/459/451
f 451/459/451 498/507/498 499/508/499
f 451/459/451 499/508/499 452/460/452
f 452/460/452 499/508/499 500/509/500
f 452/460/452 500/509/500 453/461/453
f 453/461/453 500/509/500 501/510/501
f 453/461/453 501/510/501 454/462/454
f 454/462/454 501/510/501 502/511/502
f 454/462/454 502/511/502 455/463/455
f 455/463/455 502/511/502 503/512/503
f 455/463/455 503/512/503 456/464/456
f 456/464/456 503/512/503 504/513/504
f 456/464/456 504/513/504 457/465/457
f 457/465/457 504/513/504 505/514/505
f 457/465/457 505/514/505 458/466/458
f 458/466/458 505/514/505 506/515/506
f 458/466/458 506/515/506 459/467/459
f 459/467/459 506/515/506 507/516/507
f 459/467/459 507/516/507 460/468/460
f 460/468/460 507/516/507 508/517/508
f 460/468/460 508/517/508 461/469/461
f 461/469/461 508/517/508 509/518/509
f 461/469/461 509/518/509 462/470/462
f 462/470/462 509/518/509 510/519/510
f 462/470/462 510/519/510 463/471/463
f 463/471/463 510/519/510 511/520/511
f 463/471/463 511/520/511 464/472/464
f 464/472/464 511/520/511 512/521/512
f 464/472/464 512/521/512 465/473/465
f 465/473/465 512/521/512 513/522/513
f 465/473/465 513/522/513 466/474/466
f 466/474/466 513/522/513 514/523/514
f 466/474/466 514/523/514 467/475/467
f 467/475/467 514/523/514 515/524/515
f 467/475/467 515/524/515 468/476/468
f 468/476/468 515/524/515 516/525/516
f 468/476/468 516/525/516 469/477/469
f 469/477/469 516/525/516 517/526/517
f 469/477/469 517/526/517 470/478/470
f 470/478/470 517/526/517 518/527/518
f 470/478/470 518/527/518 471/479/471
f 471/479/471 518/527/518 519/528/519
f 471/479/471 519/528/519 472/480/472
f 472/480/472 519/528/519 520/529/520
f 472/480/472 520/529/520 473/481/473
f 473/481/473 520/529/520 521/530/521
f 473/481/473 521/530/521 474/482/474
f 474/482/474 521/530/521 522/531/522
f 474/482/474 522/531/522 475/483/475
f 475/483/475 522/531/522 523/532/523
f 475/483/475 523/532/523 476/484/476
f 476/484/476 523/532/523 524/533/524
f 476/484/476 524/533/524 477/485/477
f 477/485/477 524/533/524 525/534/525
f 477/485/477 525/534/525 478/486/478
f 478/486/478 525/534/525 526/535/526
f 478/486/478 526/535/526 479/487/479
f 479/487/479 526/535/526 527/536/527
f 479/487/479 527/536/527 480/488/480
f 480/488/480 527/536/527 528/537/528
f 480/488/480 528/537/528 481/489/481
f 481/489/481 528/537/528 529/538/529
f 481/489/481 529/538/529 434/490/434
f 434/490/434 529/538/529 482/539/482
f 482/491/482 530/540/530 483/492/483
f 483/492/483 530/540/530 531/541/531
f 483/492/483 531/541/531 484/493/484
f 484/493/484 531/541/531 532/542/532
f 484/493/484 532/542/532 485/494/485
f 485/494/485 532/542/532 533/543/533
f 485/494/485 533/543/533 486/495/486
f 486/495/486 533/543/533 534/544/534
f 486/495/486 534/544/534 487/496/487
f 487/496/487 534/544/534 535/545/535
f 487/496/487 535/545/535 488/497/488
f 488/497/488 535/545/535 536/546/536
f 488/497/488 536/546/536 489/498/489
f 489/498/489 536/546/536 537/547/537
f 489/498/489 537/547/537 490/499/490
f 490/499/490 537/547/537 538/548/538
f 490/499/490 538/548/538 491/500/491
f 491/500/491 538/548/538 539/549/539
f 491/500/491 539/549/539 492/501/492
f 492/501/492 539/549/539 540/550/540
f 492/501/492 540/550/540 493/502/493
f 493/502/493 540/550/540 541/551/541
f 493/502/493 541/551/541 494/503/494
f 494/503/494 541/551/541 542/552/542
f 494/503/494 542/552/542 495/504/495
f 495/504/495 542/552/542 543/553/543
f 495/504/495 543/553/543 496/505/496
f 496/505/496 543/553/543 544/554/544
f 496/505/496 544/554/544 497/506/497
f 497/506/497 544/554/544 545/555/545
f 497/506/497 545/555/545 498/507/498
f 498/507/498 545/555/545 546/556/546
f 498/507/498 546/556/546 499/508/499
f 499/508/499 546/556/546 547/557/547
f 499/508/499 547/557/547 500/509/500
f 500/509/500 547/557/547 548/558/548
f 500/509/500 548/558/548 501/510/501
f 501/510/501 548/558/548 549/559/549
f 501/510/501 549/559/549 502/511/502
f 502/511/502 549/559/549 550/560/550
f 502/511/502 550/560/550 503/512/503
f 503/512/503 550/560/550 551/561/551
f 503/512/503 551/561/551 504/513/504
f 504/513/504 551/561/551 552/562/552
f 504/513/504 552/562/552 505/514/505
f 505/514/505 552/562/552 553/563/553
f 505/514/505 553/563/553 506/515/506
f 506/515/506 553/563/553 554/564/554
f 506/515/506 554/564/554 507/516/507
f 507/516/507 554/564/554 555/565/555
f 507/516/507 555/565/555 508/517/508
f 508/517/508 555/565/555 556/566/556
f 508/517/508 556/566/556 509/518/509
f 509/518/509 556/566/556 557/567/557
f 509/518/509 557/567/557 510/519/510
f 510/519/510 557/567/557 558/568/558
f 510/519/510 558/568/558 511/520/511
f 511/520/511 558/568/558 559/569/559
f 511/520/511 559/569/559 512/521/512
f 512/521/512 559/569/559 560/570/560
f 512/521/512 560/570/560 513/522/513
f 513/522/513 560/570/560 561/571/561
f 513/522/513 561/571/561 514/523/514
f 514/523/514 561/571/561 562/572/562
f 514/523/514 562/572/562 515/524/515
f 515/524/515 562/572/562 563/573/563
f 515/524/515 563/573/563 516/525/516
f 516/525/516 563/573/563 564/574/564
f 516/525/516 564/574/564 517/526/517
f 517/526/517 564/574/564 565/575/565
f 517/526/517 565/575/565 518/527/518
f 518/527/518 565/575/565 566/576/566
f 518/527/518 566/576/566 519/528/519
f 519/528/519 566/576/566 567/577/567
f 519/528/519 567/577/567 520/529/520
f 520/529/520 567/577/567 568/578/568
f 520/529/520 568/578/568 521/530/521
f 521/530/521 568/578/568 569/579/569
f 521/530/521 569/579/569 522/531/522
f 522/531/522 569/579/569 570/580/570
f 522/531/522 570/580/570 523/532/523
f 523/532/523 570/580/570 571/581/571
f 523/532/523 571/581/571 524/533/524
f 524/533/524 571/581/571 572/582/572
f 524/533/524 572/582/572 525/534/525
f 525/534/525 572/582/572 573/583/573
f 525/534/525 573/583/573 526/535/526
f 526/535/526 573/583/573 574/584/574
f 526/535/526 574/584/574 527/536/527
f 527/536/527 574/584/574 575/585/575
f 527/536/527 575/585/575 528/537/528
f 528/537/528 575/585/575 576/586/576
f 528/537/528 576/586/576 529/538/529
f 529/538/529 576/586/576 577/587/577
f 529/538/529 577/587/577 482/539/482
f 482/539/482 577/587/577 530/588/530
f 530/540/530 578/589/578 531/541/531
f 531/541/531 578/589/578 579/590/579
f 531/541/531 579/590/579 532/542/532
f 532/542/532 579/590/579 580/591/580
f 532/542/532 580/591/580 533/543/533
f 533/543/533 580/591/580 581/592/581
f 533/543/533 581/592/581 534/544/534
f 534/544/534 581/592/581 582/593/582
f 534/544/534 582/593/582 535/545/535
f 535/545/535 582/593/582 583/594/583
f 535/545/535 583/594/583 536/546/536
f 536/546/536 583/594/583 584/595/584
f 536/546/536 584/595/584 537/547/537
f 537/547/537 584/595/584 585/596/585
f 537/547/537 585/596/585 538/548/538
f 538/548/538 585/596/585 586/597/586
f 538/548/538 586/597/586 539/549/539
f 539/549/539 586/597/586 587/598/587
f 539/549/539 587/598/587 540/550/540
f 540/550/540 587/598/587 588/599/588
f 540/550/540 588/599/588 541/551/541
f 541/551/541 588/599/588 589/600/589
f 541/551/541 589/600/589 542/552/542
f 542/552/542 589/600/589 590/601/590
f 542/552/542 590/601/590 543/553/543
f 543/553/543 590/601/590 591/602/591
f 543/553/543 591/602/591 544/554/544
f 544/554/544 591/602/591 592/603/592
f 544/554/544 592/603/592 545/555/545
f 545/555/545 592/603/592 593/604/593
f 545/555/545 593/604/593 546/556/546
f 546/556/546 593/604/593 594/605/594
f 546/556/546 594/605/594 547/557/547
f 547/557/547 594/605/594 595/606/595
f 547/557/547 595/606/595 548/558/548
f 548/558/548 595/606/595 596/607/596
f 548/558/548 596/607/596 549/559/549
f 549/559/549 596/607/596 597/608/597
f 549/559/549 597/608/597 550/560/550
f 550/560/550 597/608/597 598/609/598
f 550/560/550 598/609/598 551/561/551
f 551/561/551 598/609/598 599/610/599
f 551/561/551 599/610/599 552/562/552
f 552/562/552 599/610/599 600/611/600
f 552/562/552 600/611/600 553/563/553
f 553/563/553 600/611/600 601/612/601
f 553/563/553 601/612/601 554/564/554
f 554/564/554 601/612/601 602/613/602
f 554/564/554 602/613/602 555/565/555
f 555/565/555 602/613/602 603/614/603
f 555/565/555 603/614/603 556/566/556
f 556/566/556 603/614/603 604/615/604
f 556/566/556 604/615/604 557/567/557
f 557/567/557 604/615/604 605/616/605
f 557/567/557 605/616/605 558/568/558
f 558/568/558 605/616/605 606/617/606
f 558/568/558 606/617/606 559/569/559
f 559/569/559 606/617/606 607/618/607
f 559/569/559 607/618/607 560/570/560
f 560/570/560 607/618/607 608/619/608
f 560/570/560 608/619/608 561/571/561
f 561/571/561 608/619/608 609/620/609
f 561/571/561 609/620/609 562/572/562
f 562/572/562 609/620/609 610/621/610
f 562/572/562 610/621/610 563/573/563
f 563/573/563 610/621/610 611/622/611
f 563/573/563 611/622/611 564/574/564
f 564/574/564 611/622/611 612/623/612
f 564/574/564 612/623/612 565/575/565
f 565/575/565 612/623/612 613/624/613
f 565/575/565 613/624/613 566/576/566
f 566/576/566 613/624/613 614/625/614
f 566/576/566 614/625/614 567/577/567
f 567/577/567 614/625/614 615/626/615
f 567/577/567 615/626/615 568/578/568
f 568/578/568 615/626/615 616/627/616
f 568/578/568 616/627/616 569/579/569
f 569/579/569 616/627/616 617/628/617
f 569/579/569 617/628/617 570/580/570
f 570/580/570 617/628/617 618/629/618
f 570/580/570 618/629/618 571/581/571
f 571/581/571 618/629/618 619/630/619
f 571/581/571 619/630/619 572/582/572
f 572/582/572 619/630/619 620/631/620
f 572/582/572 620/631/620 573/583/573
f 573/583/573 620/631/620 621/632/621
f 573/583/573 621/632/621 574/584/574
f 574/584/574 621/632/621 622/633/622
f 574/584/574 622/633/622 575/585/575
f 575/585/575 622/633/622 623/634/623
f 575/585/575 623/634/623 576/586/576
f 576/586/576 623/634/623 624/635/624
f 576/586/576 624/635/624 577/587/577
f 577/587/577 624/635/624 625/636/625
f 577/587/577 625/636/625 530/588/530
f 530/588/530 625/636/625 578/637/578
f 578/589/578 626/638/626 579/590/579
f 579/590/579 626/638/626 627/639/627
f 579/590/579 627/639/627 580/591/580
f 580/591/580 627/639/627 628/640/628
f 580/591/580 628/640/628 581/592/581
f 581/592/581 628/640/628 629/641/629
f 581/592/581 629/641/629 582/593/582
f 582/593/582 629/641/629 630/642/630
f 582/593/582 630/642/630 583/594/583
f 583/594/583 630/642/630 631/643/631
f 583/594/583 631/643/631 584/595/584
f 584/595/584 631/643/631 632/644/632
f 584/595/584 632/644/632 585/596/585
f 585/596/585 632/644/632 633/645/633
f 585/596/585 633/645/633 586/597/586
f 586/597/586 633/645/633 634/646/634
f 586/597/586 634/646/634 587/598/587
f 587/598/587 634/646/634 635/647/635
f 587/598/587 635/647/635 588/599/588
f 588/599/588 635/647/635 636/648/636
f 588/599/588 636/648/636 589/600/589
f 589/600/589 636/648/636 637/649/637
f 589/600/589 637/649/637 590/601/590
f 590/601/590 637/649/637 638/650/638
f 590/601/590 638/650/638 591/602/591
f 591/602/591 638/650/638 639/651/639
f 591/602/591 639/651/639 592/603/592
f 592/603/592 639/651/639 640/652/640
f 592/603/592 640/652/640 593/604/593
f 593/604/593 640/652/640 641/653/641
f 593/604/593 641/653/641 594/605/594
f 594/605/594 641/653/641 642/654/642
f 594/605/594 642/654/642 595/606/595
f 595/606/595 642/654/642 643/655/643
f 595/606/595 643/655/643 596/607/596
f 596/607/596 643/655/643 644/656/644
f 596/607/596 644/656/644 597/608/597
f 597/608/597 644/656/644 645/657/645
f 597/608/597 645/657/645 598/609/598
f 598/609/598 645/657/645 646/658/646
f 598/609/598 646/658/646 599/610/599
f 599/610/599 646/658/646 647/659/647
f 599/610/599 647/659/647 600/611/600
f 600/611/600 647/659/647 648/660/648
f 600/611/600 648/660/648 601/612/601
f 601/612/601 648/660/648 649/661/649
f 601/612/601 649/661/649 602/613/602
f 602/613/602 649/661/649 650/662/650
f 602/613/602 650/662/650 603/614/603
f 603/614/603 650/662/650 651/663/651
f 603/614/603 651/663/651 604/615/604
f 604/615/604 651/663/651 652/664/652
f 604/615/604 652/664/652 605/616/605
f 605/616/605 652/664/652 653/665/653
f 605/616/605 653/665/653 606/617/606
f 606/617/606 653/665/653 654/666/654
f 606/617/606 654/666/654 607/618/607
f 607/618/607 654/666/654 655/667/655
f 607/618/607 655/667/655 608/619/608
f 608/619/608 655/667/655 656/668/656
f 608/619/608 656/668/656 609/620/609
f 609/620/609 656/668/656 657/669/657
f 609/620/609 657/669/657 610/621/610
f 610/621/610 657/669/657 658/670/658
f 610/621/610 658/670/658 611/622/611
f 611/622/611 658/670/658 659/671/659
f 611/622/611 659/671/659 612/623/612
f 612/623/612 659/671/659 660/672/660
f 612/623/612 660/672/660 613/624/613
f 613/624/613 660/672/660 661/673/661
f 613/624/613 661/673/661 614/625/614
f 614/625/614 661/673/661 662/674/662
f 614/625/614 662/674/662 615/626/615
f 615/626/615 662/674/662 663/675/663
f 615/626/615 663/675/663 616/627/616
f 616/627/616 663/675/663 664/676/664
f 616/627/616 664/676/664 617/628/617
f 617/628/617 664/676/664 665/677/665
f 617/628/617 665/677/665 618/629/618
f 618/629/618 665/677/665 666/678/666
f 618/629/618 666/678/666 619/630/619
f 619/630/619 666/678/666 667/679/667
f 619/630/619 667/679/667 620/631/620
f 620/631/620 667/679/667 668/680/668
f 620/631/620 668/680/668 621/632/621
f 621/632/621 668/680/668 669/681/669
f 621/632/621 669/681/669 622/633/622
f 622/633/622 669/681/669 670/682/670
f 622/633/622 670/682/670 623/634/623
f 623/634/623 670/682/670 671/683/671
f 623/634/623 671/683/671 624/635/624
f 624/635/624 671/683/671 672/684/672
f 624/635/624 672/684/672 625/636/625
f 625/636/625 672/684/672 673/685/673
f 625/636/625 673/685/673 578/637/578
f 578/637/578 673/685/673 626/686/626
f 626/638/626 674/687/674 627/639/627
f 627/639/627 674/687/674 675/688/675
f 627/639/627 675/688/675 628/640/628
f 628/640/628 675/688/675 676/689/676
f 628/640/628 676/689/676 629/641/629
f 629/641/629 676/689/676 677/690/677
f 629/641/629 677/690/677 630/642/630
f 630/642/630 677/690/677 678/691/678
f 630/642/630 678/691/678 631/643/631
f 631/643/631 678/691/678 679/692/679
f 631/643/631 679/692/679 632/644/632
f 632/644/632 679/692/679 680/693/680
f 632/644/632 680/693/680 633/645/633
f 633/645/633 680/693/680 681/694/681
f 633/645/633 681/694/681 634/646/634
f 634/646/634 681/694/681 682/695/682
f 634/646/634 682/695/682 635/647/635
f 635/647/635 682/695/682 683/696/683
f 635/647/635 683/696/683 636/648/636
f 636/648/636 683/696/683 684/697/684
f 636/648/636 684/697/684 637/649/637
f 637/649/637 684/697/684 685/698/685
f 637/649/637 685/698/685 638/650/638
f 638/650/638 685/698/685 686/699/686
f 638/650/638 686/699/686 639/651/639
f 639/651/639 686/699/686 687/700/687
f 639/651/639 687/700/687 640/652/640
f 640/652/640 687/700/687 688/701/688
f 640/652/640 688/701/688 641/653/641
f 641/653/641 688/701/688 689/702/689
f 641/653/641 689/702/689 642/654/642
f 642/654/642 689/702/689 690/703/690
f 642/654/642 690/703/690 643/655/643
f 643/655/643 690/703/690 691/704/691
f 643/655/643 691/704/691 644/656/644
f 644/656/644 691/704/691 692/705/692
f 644/656/644 692/705/692 645/657/645
f 645/657/645 692/705/692 693/706/693
f 645/657/645 693/706/693 646/658/646
f 646/658/646 693/706/693 694/707/694
f 646/658/646 694/707/694 647/659/647
f 647/659/647 694/707/694 695/708/695
f 647/659/647 695/708/695 648/660/648
f 648/660/648 695/708/695 696/709/696
f 648/660/648 696/709/696 649/661/649
f 649/661/649 696/709/696 697/710/697
f 649/661/649 697/710/697 650/662/650
f 650/662/650 697/710/697 698/711/698
f 650/662/650 698/711/698 651/663/651
f 651/663/651 698/711/698 699/712/699
f 651/663/651 699/712/699 652/664/652
f 652/664/652 699/712/699 700/713/700
f 652/664/652 700/713/700 653/665/653
f 653/665/653 700/713/700 701/714/701
f 653/665/653 701/714/701 654/666/654
f 654/666/654 701/714/701 702/715/702
f 654/666/654 702/715/702 655/667/655
f 655/667/655 702/715/702 703/716/703
f 655/667/655 703/716/703 656/668/656
f 656/668/656 703/716/703 704/717/704
f 656/668/656 704/717/704 657/669/657
f 657/669/657 704/717/704 705/718/705
f 657/669/657 705/718/705 658/670/658
f 658/670/658 705/718/705 706/719/706
f 658/670/658 706/719/706 659/671/659
f 659/671/659 706/719/706 707/720/707
f 659/671/659 707/720/707 660/672/660
f 660/672/660 707/720/707 708/721/708
f 660/672/660 708/721/708 661/673/661
f 661/673/661 708/721/708 709/722/709
f 661/673/661 709/722/709 662/674/662
f 662/674/662 709/722/709 710/723/710
f 662/674/662 710/723/710 663/675/663
f 663/675/663 710/723/710 711/724/711
f 663/675/663 711/724/711 664/676/664
f 664/676/664 711/724/711 712/725/712
f 664/676/664 712/725/712 665/677/665
f 665/677/665 712/725/712 713/726/713
f 665/677/665 713/726/713 666/678/666
f 666/678/666 713/726/713 714/727/714
f 666/678/666 714/727/714 667/679/667
f 667/679/667 714/727/714 715/728/715
f 667/679/667 715/728/715 668/680/668
f 668/680/668 715/728/715 716/729/716
f 668/680/668 716/729/716 669/681/669
f 669/681/669 716/729/716 717/730/717
f 669/681/669 717/730/717 670/682/670
f 670/682/670 717/730/717 718/731/718
f 670/682/670 718/731/718 671/683/671
f 671/683/671 718/731/718 719/732/719
f 671/683/671 719/732/719 672/684/672
f 672/684/672 719/732/719 720/733/720
f 672/684/672 720/733/720 673/685/673
f 673/685/673 720/733/720 721/734/721
f 673/685/673 721/734/721 626/686/626
f 626/686/626 721/734/721 674/735/674
f 674/687/674 722/736/722 675/688/675
f 675/688/675 722/736/722 723/737/723
f 675/688/675 723/737/723 676/689/676
f 676/689/676 723/737/723 724/738/724
f 676/689/676 724/738/724 677/690/677
f 677/690/677 724/738/724 725/739/725
f 677/690/677 725/739/725 678/691/678
f 678/691/678 725/739/725 726/740/726
f 678/691/678 726/740/726 679/692/679
f 679/692/679 726/740/726 727/741/727
f 679/692/679 727/741/727 680/693/680
f 680/693/680 727/741/727 728/742/728
f 680/693/680 728/742/728 681/694/681
f 681/694/681 728/742/728 729/743/729
f 681/694/681 729/743/729 682/695/682
f 682/695/682 729/743/729 730/744/730
f 682/695/682 730/744/730 683/696/683
f 683/696/683 730/744/730 731/745/731
f 683/696/683 731/745/731 684/697/684
f 684/697/684 731/745/731 732/746/732
f 684/697/684 732/746/732 685/698/685
f 685/698/685 732/746/732 733/747/733
f 685/698/685 733/747/733 686/699/686
f 686/699/686 733/747/733 734/748/734
f 686/699/686 734/748/734 687/700/687
f 687/700/687 734/748/734 735/749/735
f 687/700/687 735/749/735 688/701/688
f 688/701/688 735/749/735 736/750/736
f 688/701/688 736/750/736 689/702/689
f 689/702/689 736/750/736 737/751/737
f 689/702/689 737/751/737 690/703/690
f 690/703/690 737/751/737 738/752/738
f 690/703/690 738/752/738 691/704/691
f 691/704/691 738/752/738 739/753/739
f 691/704/691 739/753/739 692/705/692
f 692/705/692 739/753/739 740/754/740
f 692/705/692 740/754/740 693/706/693
f 693/706/693 740/754/740 741/755/741
f 693/706/693 741/755/741 694/707/694
f 694/707/694 741/755/741 742/756/742
f 694/707/694 742/756/742 695/708/695
f 695/708/695 742/756/742 743/757/743
f 695/708/695 743/757/743 696/709/696
f 696/709/696 743/757/743 744/758/744
f 696/709/696 744/758/744 697/710/697
f 697/710/697 744/758/744 745/759/745
f 697/710/697 745/759/745 698/711/698
f 698/711/698 745/759/745 746/760/746
f 698/711/698 746/760/746 699/712/699
f 699/712/699 746/760/746 747/761/747
f 699/712/699 747/761/747 700/713/700
f 700/713/700 747/761/747 748/762/748
f 700/713/700 748/762/748 701/714/701
f 701/714/701 748/762/748 749/763/749
f 701/714/701 749/763/749 702/715/702
f 702/715/702 749/763/749 750/764/750
f 702/715/702 750/764/750 703/716/703
f 703/716/703 750/764/750 751/765/751
f 703/716/703 751/765/751 704/717/704
f 704/717/704 751/765/751 752/766/752
f 704/717/704 752/766/752 705/718/705
f 705/718/705 752/766/752 753/767/753
f 705/718/705 753/767/753 706/719/706
f 706/719/706 753/767/753 754/768/754
f 706/719/706 754/768/754 707/720/707
f 707/720/707 754/768/754 755/769/755
f 707/720/707 755/769/755 708/721/708
f 708/721/708 755/769/755 756/770/756
f 708/721/708 756/770/756 709/722/709
f 709/722/709 756/770/756 757/771/757
f 709/722/709 757/771/757 710/723/710
f 710/723/710 757/771/757 758/772/758
f 710/723/710 758/772/758 711/724/711
f 711/724/711 758/772/758 759/773/759
f 711/724/711 759/773/759 712/725/712
f 712/725/712 759/773/759 760/774/760
f 712/725/712 760/774/760 713/726/713
f 713/726/713 760/774/760 761/775/761
f 713/726/713 761/775/761 714/727/714
f 714/727/714 761/775/761 762/776/762
f 714/727/714 762/776/762 715/728/715
f 715/728/715 762/776/762 763/777/763
f 715/728/715 763/777/763 716/729/716
f 716/729/716 763/777/763 764/778/764
f 716/729/716 764/778/764 717/730/717
f 717/730/717 764/778/764 765/779/765
f 717/730/717 765/779/765 718/731/718
f 718/731/718 765/779/765 766/780/766
f 718/731/718 766/780/766 719/732/719
f 719/732/719 766/780/766 767/781/767
f 719/732/719 767/781/767 720/733/720
f 720/733/720 767/781/767 768/782/768
f 720/733/720 768/782/768 721/734/721
f 721/734/721 768/782/768 769/783/769
f 721/734/721 769/783/769 674/735/674
f 674/735/674 769/783/769 722/784/722
f 722/736/722 770/785/770 723/737/723
f 723/737/723 770/785/770 771/786/771
f 723/737/723 771/786/771 724/738/724
f 724/738/724 771/786/771 772/787/772
f 724/738/724 772/787/772 725/739/725
f 725/739/725 772/787/772 773/788/773
f 725/739/725 773/788/773 726/740/726
f 726/740/726 773/788/773 774/789/774
f 726/740/726 774/789/774 727/741/727
f 727/741/727 774/789/774 775/790/775
f 727/741/727 775/790/775 728/742/728
f 728/742/728 775/790/775 776/791/776
f 728/742/728 776/791/776 729/743/729
f 729/743/729 776/791/776 777/792/777
f 729/743/729 777/792/777 730/744/730
f 730/744/730 777/792/777 778/793/778
f 730/744/730 778/793/778 731/745/731
f 731/745/731 778/793/778 779/794/779
f 731/745/731 779/794/779 732/746/732
f 732/746/732 779/794/779 780/795/780
f 732/746/732 780/795/780 733/747/733
f 733/747/733 780/795/780 781/796/781
f 733/747/733 781/796/781 734/748/734
f 734/748/734 781/796/781 782/797/782
f 734/748/734 782/797/782 735/749/735
f 735/749/735 782/797/782 783/798/783
f 735/749/735 783/798/783 736/750/736
f 736/750/736 783/798/783 784/799/784
f 736/750/736 784/799/784 737/751/737
f 737/751/737 784/799/784 785/800/785
f 737/751/737 785/800/785 738/752/738
f 738/752/738 785/800/785 786/801/786
f 738/752/738 786/801/786 739/753/739
f 739/753/739 786/801/786 787/802/787
f 739/753/739 787/802/787 740/754/740
f 740/754/740 787/802/787 788/803/788
f 740/754/740 788/803/788 741/755/741
f 741/755/741 788/803/788 789/804/789
f 741/755/741 789/804/789 742/756/742
f 742/756/742 789/804/789 790/805/790
f 742/756/742 790/805/790 743/757/743
f 743/757/743 790/805/790 791/806/791
f 743/757/743 791/806/791 744/758/744
f 744/758/744 791/806/791 792/807/792
f 744/758/744 792/807/792 745/759/745
f 745/759/745 792/807/792 793/808/793
f 745/759/745 793/808/793 746/760/746
f 746/760/746 793/808/793 794/809/794
f 746/760/746 794/809/794 747/761/747
f 747/761/747 794/809/794 795/810/795
f 747/761/747 795/810/795 748/762/748
f 748/762/748 795/810/795 796/811/796
f 748/762/748 796/811/796 749/763/749
f 749/763/749 796/811/796 797/812/797
f 749/763/749 797/812/797 750/764/750
f 750/764/750 797/812/797 798/813/798
f 750/764/750 798/813/798 751/765/751
f 751/765/751 798/813/798 799/814/799
f 751/765/751 799/814/799 752/766/752
f 752/766/752 799/814/799 800/815/800
f 752/766/752 800/815/800 753/767/753
f 753/767/753 800/815/800 801/816/801
f 753/767/753 801/816/801 754/768/754
f 754/768/754 801/816/801 802/817/802
f 754/768/754 802/817/802 755/769/755
f 755/769/755 802/817/802 803/818/803
f 755/769/755 803/818/803 756/770/756
f 756/770/756 803/818/803 804/819/804
f 756/770/756 804/819/804 757/771/757
f 757/771/757 804/819/804 805/820/805
f 757/771/757 805/820/805 758/772/758
f 758/772/758 805/820/805 806/821/806
f 758/772/758 806/821/806 759/773/759
f 759/773/759 806/821/806 807/822/807
f 759/773/759 807/822/807 760/774/760
f 760/774/760 807/822/807 808/823/808
f 760/774/760 808/823/808 761/775/761
f 761/775/761 808/823/808 809/824/809
f 761/775/761 809/824/809 762/776/762
f 762/776/762 809/824/809 810/825/810
f 762/776/762 810/825/810 763/777/763
f 763/777/763 810/825/810 811/826/811
f 763/777/763 811/826/811 764/778/764
f 764/778/764 811/826/811 812/827/812
f 764/778/764 812/827/812 765/779/765
f 765/779/765 812/827/812 813/828/813
f 765/779/765 813/828/813 766/780/766
f 766/780/766 813/828/813 814/829/814
f 766/780/766 814/829/814 767/781/767
f 767/781/767 814/829/814 815/830/815
f 767/781/767 815/830/815 768/782/768
f 768/782/768 815/830/815 816/831/816
f 768/782/768 816/831/816 769/783/769
f 769/783/769 816/831/816 817/832/817
f 769/783/769 817/832/817 722/784/722
f 722/784/722 817/832/817 770/833/770
f 770/785/770 818/834/818 771/786/771
f 771/786/771 818/834/818 819/835/819
f 771/786/771 819/835/819 772/787/772
f 772/787/772 819/835/819 820/836/820
f 772/787/772 820/836/820 773/788/773
f 773/788/773 820/836/820 821/837/821
f 773/788/773 821/837/821 774/789/774
f 774/789/774 821/837/821 822/838/822
f 774/789/774 822/838/822 775/790/775
f 775/790/775 822/838/822 823/839/823
f 775/790/775 823/839/823 776/791/776
f 776/791/776 823/839/823 824/840/824
f 776/791/776 824/840/824 777/792/777
f 777/792/777 824/840/824 825/841/825
f 777/792/777 825/841/825 778/793/778
f 778/793/778 825/841/825 826/842/826
f 778/793/778 826/842/826 779/794/779
f 779/794/779 826/842/826 827/843/827
f 779/794/779 827/843/827 780/795/780
f 780/795/780 827/843/827 828/844/828
f 780/795/780 828/844/828 781/796/781
f 781/796/781 828/844/828 829/845/829
f 781/796/781 829/845/829 782/797/782
f 782/797/782 829/845/829 830/846/830
f 782/797/782 830/846/830 783/798/783
f 783/798/783 830/846/830 831/847/831
f 783/798/783 831/847/831 784/799/784
f 784/799/784 831/847/831 832/848/832
f 784/799/784 832/848/832 785/800/785
f 785/800/785 832/848/832 833/849/833
f 785/800/785 833/849/833 786/801/786
f 786/801/786 833/849/833 834/850/834
f 786/801/786 834/850/834 787/802/787
f 787/802/787 834/850/834 835/851/835
f 787/802/787 835/851/835 788/803/788
f 788/803/788 835/851/835 836/852/836
f 788/803/788 836/852/836 789/804/789
f 789/804/789 836/852/836 837/853/837
f 789/804/789 837/853/837 790/805/790
f 790/805/790 837/853/837 838/854/838
f 790/805/790 838/854/838 791/806/791
f 791/806/791 838/854/838 839/855/839
f 791/806/791 839/855/839 792/807/792
f 792/807/792 839/855/839 840/856/840
f 792/807/792 840/856/840 793/808/793
f 793/808/793 840/856/840 841/857/841
f 793/808/793 841/857/841 794/809/794
f 794/809/794 841/857/841 842/858/842
f 794/809/794 842/858/842 795/810/795
f 795/810/795 842/858/842 843/859/843
f 795/810/795 843/859/843 796/811/796
f 796/811/796 843/859/843 844/860/844
f 796/811/796 844/860/844 797/812/797
f 797/812/797 844/860/844 845/861/845
f 797/812/797 845/861/845 798/813/798
f 798/813/798 845/861/845 846/862/846
f 798/813/798 846/862/846 799/814/799
f 799/814/799 846/862/846 847/863/847
f 799/814/799 847/863/847 800/815/800
f 800/815/800 847/863/847 848/864/848
f 800/815/800 848/864/848 801/816/801
f 801/816/801 848/864/848 849/865/849
f 801/816/801 849/865/849 802/817/802
f 802/817/802 849/865/849 850/866/850
f 802/817/802 850/866/850 803/818/803
f 803/818/803 850/866/850 851/867/851
f 803/818/803 851/867/851 804/819/804
f 804/819/804 851/867/851 852/868/852
f 804/819/804 852/868/852 805/820/805
f 805/820/805 852/868/852 853/869/853
f 805/820/805 853/869/853 806/821/806
f 806/821/806 853/869/853 854/870/854
f 806/821/806 854/870/854 807/822/807
f 807/822/807 854/870/854 855/871/855
f 807/822/807 855/871/855 808/823/808
f 808/823/808 855/871/855 856/872/856
f 808/823/808 856/872/856 809/824/809
f 809/824/809 856/872/856 857/873/857
f 809/824/809 857/873/857 810/825/810
f 810/825/810 857/873/857 858/874/858
f 810/825/810 858/874/858 811/826/811
f 811/826/811 858/874/858 859/875/859
f 811/826/811 859/875/859 812/827/812
f 812/827/812 859/875/859 860/876/860
f 812/827/812 860/876/860 813/828/813
f 813/828/813 860/876/860 861/877/861
f 813/828/813 861/877/861 814/829/814
f 814/829/814 861/877/861 862/878/862
f 814/829/814 862/878/862 815/830/815
f 815/830/815 862/878/862 863/879/863
f 815/830/815 863/879/863 816/831/816
f 816/831/816 863/879/863 864/880/864
f 816/831/816 864/880/864 817/832/817
f 817/832/817 864/880/864 865/881/865
f 817/832/817 865/881/865 770/833/770
f 770/833/770 865/881/865 818/882/818
f 818/834/818 866/883/866 819/835/819
f 819/835/819 866/883/866 867/884/867
f 819/835/819 867/884/867 820/836/820
f 820/836/820 867/884/867 868/885/868
f 820/836/820 868/885/868 821/837/821
f 821/837/821 868/885/868 869/886/869
f 821/837/821 869/886/869 822/838/822
f 822/838/822 869/886/869 870/887/870
f 822/838/822 870/887/870 823/839/823
f 823/839/823 870/887/870 871/888/871
f 823/839/823 871/888/871 824/840/824
f 824/840/824 871/888/871 872/889/872
f 824/840/824 872/889/872 825/841/825
f 825/841/825 872/889/872 873/890/873
f 825/841/825 873/890/873 826/842/826
f 826/842/826 873/890/873 874/891/874
f 826/842/826 874/891/874 827/843/827
f 827/843/827 874/891/874 875/892/875
f 827/843/827 875/892/875 828/844/828
f 828/844/828 875/892/875 876/893/876
f 828/844/828 876/893/876 829/845/829
f 829/845/829 876/893/876 877/894/877
f 829/845/829 877/894/877 830/846/830
f 830/846/830 877/894/877 878/895/878
f 830/846/830 878/895/878 831/847/831
f 831/847/831 878/895/878 879/896/879
f 831/847/831 879/896/879 832/848/832
f 832/848/832 879/896/879 880/897/880
f 832/848/832 880/897/880 833/849/833
f 833/849/833 880/897/880 881/898/881
f 833/849/833 881/898/881 834/850/834
f 834/850/834 881/898/881 882/899/882
f 834/850/834 882/899/882 835/851/835
f 835/851/835 882/899/882 883/900/883
f 835/851/835 883/900/883 836/852/836
f 836/852/836 883/900/883 884/901/884
f 836/852/836 884/901/884 837/853/837
f 837/853/837 884/901/884 885/902/885
f 837/853/837 885/902/885 838/854/838
f 838/854/838 885/902/885 886/903/886
f 838/854/838 886/903/886 839/855/839
f 839/855/839 886/903/886 887/904/887
f 839/855/839 887/904/887 840/856/840
f 840/856/840 887/904/887 888/905/888
f 840/856/840 888/905/888 841/857/841
f 841/857/841 888/905/888 889/906/889
f 841/857/841 889/906/889 842/858/842
f 842/858/842 889/906/889 890/907/890
f 842/858/842 890/907/890 843/859/843
f 843/859/843 890/907/890 891/908/891
f 843/859/843 891/908/891 844/860/844
f 844/860/844 891/908/891 892/909/892
f 844/860/844 892/909/892 845/861/845
f 845/861/845 892/909/892 893/910/893
f 845/861/845 893/910/893 846/862/846
f 846/862/846 893/910/893 894/911/894
f 846/862/846 894/911/894 847/863/847
f 847/863/847 894/911/894 895/912/895
f 847/863/847 895/912/895 848/864/848
f 848/864/848 895/912/895 896/913/896
f 848/864/848 896/913/896 849/865/849
f 849/865/849 896/913/896 897/914/897
f 849/865/849 897/914/897 850/866/850
f 850/866/850 897/914/897 898/915/898
f 850/866/850 898/915/898 851/867/851
f 851/867/851 898/915/898 899/916/899
f 851/867/851 899/916/899 852/868/852
f 852/868/852 899/916/899 900/917/900
f 852/868/852 900/917/900 853/869/853
f 853/869/853 900/917/900 901/918/901
f 853/869/853 901/918/901 854/870/854
f 854/870/854 901/918/901 902/919/902
f 854/870/854 902/919/902 855/871/855
f 855/871/855 902/919/902 903/920/903
f 855/871/855 903/920/903 856/872/856
f 856/872/856 903/920/903 904/921/904
f 856/872/856 904/921/904 857/873/857
f 857/873/857 904/921/904 905/922/905
f 857/873/857 905/922/905 858/874/858
f 858/874/858 905/922/905 906/923/906
f 858/874/858 906/923/906 859/875/859
f 859/875/859 906/923/906 907/924/907
f 859/875/859 907/924/907 860/876/860
f 860/876/860 907/924/907 908/925/908
f 860/876/860 908/925/908 861/877/861
f 861/877/861 908/925/908 909/926/909
f 861/877/861 909/926/909 862/878/862
f 862/878/862 909/926/909 910/927/910
f 862/878/862 910/927/910 863/879/863
f 863/879/863 910/927/910 911/928/911
f 863/879/863 911/928/911 864/880/864
f 864/880/864 911/928/911 912/929/912
f 864/880/864 912/929/912 865/881/865
f 865/881/865 912/929/912 913/930/913
f 865/881/865 913/930/913 818/882/818
f 818/882/818 913/930/913 866/931/866
f 866/883/866 914/932/914 867/884/867
f 867/884/867 914/932/914 915/933/915
f 867/884/867 915/933/915 868/885/868
f 868/885/868 915/933/915 916/934/916
f 868/885/868 916/934/916 869/886/869
f 869/886/869 916/934/916 917/935/917
f 869/886/869 917/935/917 870/887/870
f 870/887/870 917/935/917 918/936/918
f 870/887/870 918/936/918 871/888/871
f 871/888/871 918/936/918 919/937/919
f 871/888/871 919/937/919 872/889/872
f 872/889/872 919/937/919 920/938/920
f 872/889/872 920/938/920 873/890/873
f 873/890/873 920/938/920 921/939/921
f 873/890/873 921/939/921 874/891/874
f 874/891/874 921/939/921 922/940/922
f 874/891/874 922/940/922 875/892/875
f 875/892/875 922/940/922 923/941/923
f 875/892/875 923/941/923 876/893/876
f 876/893/876 923/941/923 924/942/924
f 876/893/876 924/942/924 877/894/877
f 877/894/877 924/942/924 925/943/925
f 877/894/877 925/943/925 878/895/878
f 878/895/878 925/943/925 926/944/926
f 878/895/878 926/944/926 879/896/879
f 879/896/879 926/944/926 927/945/927
f 879/896/879 927/945/927 880/897/880
f 880/897/880 927/945/927 928/946/928
f 880/897/880 928/946/928 881/898/881
f 881/898/881 928/946/928 929/947/929
f 881/898/881 929/947/929 882/899/882
f 882/899/882 929/947/929 930/948/930
f 882/899/882 930/948/930 883/900/883
f 883/900/883 930/948/930 931/949/931
f 883/900/883 931/949/931 884/901/884
f 884/901/884 931/949/931 932/950/932
f 884/901/884 932/950/932 885/902/885
f 885/902/885 932/950/932 933/951/933
f 885/902/885 933/951/933 886/903/886
f 886/903/886 933/951/933 934/952/934
f 886/903/886 934/952/934 887/904/887
f 887/904/887 934/952/934 935/953/935
f 887/904/887 935/953/935 888/905/888
f 888/905/888 935/953/935 936/954/936
f 888/905/888 936/954/936 889/906/889
f 889/906/889 936/954/936 937/955/937
f 889/906/889 937/955/937 890/907/890
f 890/907/890 937/955/937 938/956/938
f 890/907/890 938/956/938 891/908/891
f 891/908/891 938/956/938 939/957/939
f 891/908/891 939/957/939 892/909/892
f 892/909/892 939/957/939 940/958/940
f 892/909/892 940/958/940 893/910/893
f 893/910/893 940/958/940 941/959/941
f 893/910/893 941/959/941 894/911/894
f 894/911/894 941/959/941 942/960/942
f 894/911/894 942/960/942 895/912/895
f 895/912/895 942/960/942 943/961/943
f 895/912/895 943/961/943 896/913/896
f 896/913/896 943/961/943 944/962/944
f 896/913/896 944/962/944 897/914/897
f 897/914/897 944/962/944 945/963/945
f 897/914/897 945/963/945 898/915/898
f 898/915/898 945/963/945 946/964/946
f 898/915/898 946/964/946 899/916/899
f 899/916/899 946/964/946 947/965/947
f 899/916/899 947/965/947 900/917/900
f 900/917/900 947/965/947 948/966/948
f 900/917/900 948/966/948 901/918/901
f 901/918/901 948/966/948 949/967/949
f 901/918/901 949/967/949 902/919/902
f 902/919/902 949/967/949 950/968/950
f 902/919/902 950/968/950 903/920/903
f 903/920/903 950/968/950 951/969/951
f 903/920/903 951/969/951 904/921/904
f 904/921/904 951/969/951 952/970/952
f 904/921/904 952/970/952 905/922/905
f 905/922/905 952/970/952 953/971/953
f 905/922/905 953/971/953 906/923/906
f 906/923/906 953/971/953 954/972/954
f 906/923/906 954/972/954 907/924/907
f 907/924/907 954/972/954 955/973/955
f 907/924/907 955/973/955 908/925/908
f 908/925/908 955/973/955 956/974/956
f 908/925/908 956/974/956 909/926/909
f 909/926/909 956/974/956 957/975/957
f 909/926/909 957/975/957 910/927/910
f 910/927/910 957/975/957 958/976/958
f 910/927/910 958/976/958 911/928/911
f 911/928/911 958/976/958 959/977/959
f 911/928/911 959/977/959 912/929/912
f 912/929/912 959/977/959 960/978/960
f 912/929/912 960/978/960 913/930/913
f 913/930/913 960/978/960 961/979/961
f 913/930/913 961/979/961 866/931/866
f 866/931/866 961/979/961 914/980/914
f 914/932/914 962/981/962 915/933/915
f 915/933/915 962/981/962 963/982/963
f 915/933/915 963/982/963 916/934/916
f 916/934/916 963/982/963 964/983/964
f 916/934/916 964/983/964 917/935/917
f 917/935/917 964/983/964 965/984/965
f 917/935/917 965/984/965 918/936/918
f 918/936/918 965/984/965 966/985/966
f 918/936/918 966/985/966 919/937/919
f 919/937/919 966/985/966 967/986/967
f 919/937/919 967/986/967 920/938/920
f 920/938/920 967/986/967 968/987/968
f 920/938/920 968/987/968 921/939/921
f 921/939/921 968/987/968 969/988/969
f 921/939/921 969/988/969 922/940/922
f 922/940/922 969/988/969 970/989/970
f 922/940/922 970/989/970 923/941/923
f 923/941/923 970/989/970 971/990/971
f 923/941/923 971/990/971 924/942/924
f 924/942/924 971/990/971 972/991/972
f 924/942/924 972/991/972 925/943/925
f 925/943/925 972/991/972 973/992/973
f 925/943/925 973/992/973 926/944/926
f 926/944/926 973/992/973 974/993/974
f 926/944/926 974/993/974 927/945/927
f 927/945/927 974/993/974 975/994/975
f 927/945/927 975/994/975 928/946/928
f 928/946/928 975/994/975 976/995/976
f 928/946/928 976/995/976 929/947/929
f 929/947/929 976/995/976 977/996/977
f 929/947/929 977/996/977 930/948/930
f 930/948/930 977/996/977 978/997/978
f 930/948/930 978/997/978 931/949/931
f 931/949/931 978/997/978 979/998/979
f 931/949/931 979/998/979 932/950/932
f 932/950/932 979/998/979 980/999/980
f 932/950/932 980/999/980 933/951/933
f 933/951/933 980/999/980 981/1000/981
f 933/951/933 981/1000/981 934/952/934
f 934/952/934 981/1000/981 982/1001/982
f 934/952/934 982/1001/982 935/953/935
f 935/953/935 982/1001/982 983/1002/983
f 935/953/935 983/1002/983 936/954/936
f 936/954/936 983/1002/983 984/1003/984
f 936/954/936 984/1003/984 937/955/937
f 937/955/937 984/1003/984 985/1004/985
f 937/955/937 985/1004/985 938/956/938
f 938/956/938 985/1004/985 986/1005/986
f 938/956/938 986/1005/986 939/957/939
f 939/957/939 986/1005/986 987/1006/987
f 939/957/939 987/1006/987 940/958/940
f 940/958/940 987/1006/987 988/1007/988
f 940/958/940 988/1007/988 941/959/941
f 941/959/941 988/1007/988 989/1008/989
f 941/959/941 989/1008/989 942/960/942
f 942/960/942 989/1008/989 990/1009/990
f 942/960/942 990/1009/990 943/961/943
f 943/961/943 990/1009/990 991/1010/991
f 943/961/943 991/1010/991 944/962/944
f 944/962/944 991/1010/991 992/1011/992
f 944/962/944 992/1011/992 945/963/945
f 945/963/945 992/1011/992 993/1012/993
f 945/963/945 993/1012/993 946/964/946
f 946/964/946 993/1012/993 994/1013/994
f 946/964/946 994/1013/994 947/965/947
f 947/965/947 994/1013/994 995/1014/995
f 947/965/947 995/1014/995 948/966/948
f 948/966/948 995/1014/995 996/1015/996
f 948/966/948 996/1015/996 949/967/949
f 949/967/949 996/1015/996 997/1016/997
f 949/967/949 997/1016/997 950/968/950
f 950/968/950 997/1016/997 998/1017/998
f 950/968/950 998/1017/998 951/969/951
f 951/969/951 998/1017/998 999/1018/999
f 951/969/951 999/1018/999 952/970/952
f 952/970/952 999/1018/999 1000/1019/1000
f 952/970/952 1000/1019/1000 953/971/953
f 953/971/953 1000/1019/1000 1001/1020/1001
f 953/971/953 1001/1020/1001 954/972/954
f 954/972/954 1001/1020/1001 1002/1021/1002
f 954/972/954 1002/1021/1002 955/973/955
f 955/973/955 1002/1021/1002 1003/1022/1003
f 955/973/955 1003/1022/1003 956/974/956
f 956/974/956 1003/1022/1003 1004/1023/1004
f 956/974/956 1004/1023/1004 957/975/957
f 957/975/957 1004/1023/1004 1005/1024/1005
f 957/975/957 1005/1024/1005 958/976/958
f 958/976/958 1005/1024/1005 1006/1025/1006
f 958/976/958 1006/1025/1006 959/977/959
f 959/977/959 1006/1025/1006 1007/1026/1007
f 959/977/959 1007/1026/1007 960/978/960
f 960/978/960 1007/1026/1007 1008/1027/1008
f 960/978/960 1008/1027/1008 961/979/961
f 961/979/961 1008/1027/1008 1009/1028/1009
f 961/979/961 1009/1028/1009 914/980/914
f 914/980/914 1009/1028/1009 962/1029/962
f 962/981/962 1010/1030/1010 963/982/963
f 963/982/963 1010/1030/1010 1011/1031/1011
f 963/982/963 1011/1031/1011 964/983/964
f 964/983/964 1011/1031/1011 1012/1032/1012
f 964/983/964 1012/1032/1012 965/984/965
f 965/984/965 1012/1032/1012 1013/1033/1013
f 965/984/965 1013/1033/1013 966/985/966
f 966/985/966 1013/1033/1013 1014/1034/1014
f 966/985/966 1014/1034/1014 967/986/967
f 967/986/967 1014/1034/1014 1015/1035/1015
f 967/986/967 1015/1035/1015 968/987/968
f 968/987/968 1015/1035/1015 1016/1036/1016
f 968/987/968 1016/1036/1016 969/988/969
f 969/988/969 1016/1036/1016 1017/1037/1017
f 969/988/969 1017/1037/1017 970/989/970
f 970/989/970 1017/1037/1017 1018/1038/1018
f 970/989/970 1018/1038/1018 971/990/971
f 971/990/971 1018/1038/1018 1019/1039/1019
f 971/990/971 1019/1039/1019 972/991/972
f 972/991/972 1019/1039/1019 1020/1040/1020
f 972/991/972 1020/1040/1020 973/992/973
f 973/992/973 1020/1040/1020 1021/1041/1021
f 973/992/973 1021/1041/1021 974/993/974
f 974/993/974 1021/1041/1021 1022/1042/1022
f 974/993/974 1022/1042/1022 975/994/975
f 975/994/975 1022/1042/1022 1023/1043/1023
f 975/994/975 1023/1043/1023 976/995/976
f 976/995/976 1023/1043/1023 1024/1044/1024
f 976/995/976 1024/1044/1024 977/996/977
f 977/996/977 1024/1044/1024 1025/1045/1025
f 977/996/977 1025/1045/1025 978/997/978
f 978/997/978 1025/1045/1025 1026/1046/1026
f 978/997/978 1026/1046/1026 979/998/979
f 979/998/979 1026/1046/1026 1027/1047/1027
f 979/998/979 1027/1047/1027 980/999/980
f 980/999/980 1027/1047/1027 1028/1048/1028
f 980/999/980 1028/1048/1028 981/1000/981
f 981/1000/981 1028/1048/1028 1029/1049/1029
f 981/1000/981 1029/1049/1029 982/1001/982
f 982/1001/982 1029/1049/1029 1030/1050/1030
f 982/1001/982 1030/1050/1030 983/1002/983
f 983/1002/983 1030/1050/1030 1031/1051/1031
f 983/1002/983 1031/1051/1031 984/1003/984
f 984/1003/984 1031/1051/1031 1032/1052/1032
f 984/1003/984 1032/1052/1032 985/1004/985
f 985/1004/985 1032/1052/1032 1033/1053/1033
f 985/1004/985 1033/1053/1033 986/1005/986
f 986/1005/986 1033/1053/1033 1034/1054/1034
f 986/1005/986 1034/1054/1034 987/1006/987
f 987/1006/987 1034/1054/1034 1035/1055/1035
f 987/1006/987 1035/1055/1035 988/1007/988
f 988/1007/988 1035/1055/1035 1036/1056/1036
f 988/1007/988 1036/1056/1036 989/1008/989
f 989/1008/989 1036/1056/1036 1037/1057/1037
f 989/1008/989 1037/1057/1037 990/1009/990
f 990/1009/990 1037/1057/1037 1038/1058/1038
f 990/1009/990 1038/1058/1038 991/1010/991
f 991/1010/991 1038/1058/1038 1039/1059/1039
f 991/1010/991 1039/1059/1039 992/1011/992
f 992/1011/992 1039/1059/1039 1040/1060/1040
f 992/1011/992 1040/1060/1040 993/1012/993
f 993/1012/993 1040/1060/1040 1041/1061/1041
f 993/1012/993 1041/1061/1041 994/1013/994
f 994/1013/994 1041/1061/1041 1042/1062/1042
f 994/1013/994 1042/1062/1042 995/1014/995
f 995/1014/995 1042/1062/1042 1043/1063/1043
f 995/1014/995 1043/1063/1043 996/1015/996
f 996/1015/996 1043/1063/1043 1044/1064/1044
f 996/1015/996 1044/1064/1044 997/1016/997
f 997/1016/997 1044/1064/1044 1045/1065/1045
f 997/1016/997 1045/1065/1045 998/1017/998
f 998/1017/998 1045/1065/1045 1046/1066/1046
f 998/1017/998 1046/1066/1046 999/1018/999
f 999/1018/999 1046/1066/1046 1047/1067/1047
f 999/1018/999 1047/1067/1047 1000/1019/1000
f 1000/1019/1000 1047/1067/1047 1048/1068/1048
f 1000/1019/1000 1048/1068/1048 1001/1020/1001
f 1001/1020/1001 1048/1068/1048 1049/1069/1049
f 1001/1020/1001 1049/1069/1049 1002/1021/1002
f 1002/1021/1002 1049/1069/1049 1050/1070/1050
f 1002/1021/1002 1050/1070/1050 1003/1022/1003
f 1003/1022/1003 1050/1070/1050 1051/1071/1051
f 1003/1022/1003 1051/1071/1051 1004/1023/1004
f 1004/1023/1004 1051/1071/1051 1052/1072/1052
f 1004/1023/1004 1052/1072/1052 1005/1024/1005
f 1005/1024/1005 1052/1072/1052 1053/1073/1053
f 1005/1024/1005 1053/1073/1053 1006/1025/1006
f 1006/1025/1006 1053/1073/1053 1054/1074/1054
f 1006/1025/1006 1054/1074/1054 1007/1026/1007
f 1007/1026/1007 1054/1074/1054 1055/1075/1055
f 1007/1026/1007 1055/1075/1055 1008/1027/1008
f 1008/1027/1008 1055/1075/1055 1056/1076/1056
f 1008/1027/1008 1056/1076/1056 1009/1028/1009
f 1009/1028/1009 1056/1076/1056 1057/1077/1057
f 1009/1028/1009 1057/1077/1057 962/1029/962
f 962/1029/962 1057/1077/1057 1010/1078/1010
f 1010/1030/1010 1058/1079/1058 1011/1031/1011
f 1011/1031/1011 1058/1079/1058 1059/1080/1059
f 1011/1031/1011 1059/1080/1059 1012/1032/1012
f 1012/1032/1012 1059/1080/1059 1060/1081/1060
f 1012/1032/1012 1060/1081/1060 1013/1033/1013
f 1013/1033/1013 1060/1081/1060 1061/1082/1061
f 1013/1033/1013 1061/1082/1061 1014/1034/1014
f 1014/1034/1014 1061/1082/1061 1062/1083/1062
f 1014/1034/1014 1062/1083/1062 1015/1035/1015
f 1015/1035/1015 1062/1083/1062 1063/1084/1063
f 1015/1035/1015 1063/1084/1063 1016/1036/1016
f 1016/1036/1016 1063/1084/1063 1064/1085/1064
f 1016/1036/1016 1064/1085/1064 1017/1037/1017
f 1017/1037/1017 1064/1085/1064 1065/1086/1065
f 1017/1037/1017 1065/1086/1065 1018/1038/1018
f 1018/1038/1018 1065/1086/1065 1066/1087/1066
f 1018/1038/1018 1066/1087/1066 1019/1039/1019
f 1019/1039/1019 1066/1087/1066 1067/1088/1067
f 1019/1039/1019 1067/1088/1067 1020/1040/1020
f 1020/1040/1020 1067/1088/1067 1068/1089/1068
f 1020/1040/1020 1068/1089/1068 1021/1041/1021
f 1021/1041/1021 1068/1089/1068 1069/1090/1069
f 1021/1041/1021 1069/1090/1069 1022/1042/1022
f 1022/1042/1022 1069/1090/1069 1070/1091/1070
f 1022/1042/1022 1070/1091/1070 1023/1043/1023
f 1023/1043/1023 1070/1091/1070 1071/1092/1071
f 1023/1043/1023 1071/1092/1071 1024/1044/1024
f 1024/1044/1024 1071/1092/1071 1072/1093/1072
f 1024/1044/1024 1072/1093/1072 1025/1045/1025
f 1025/1045/1025 1072/1093/1072 1073/1094/1073
f 1025/1045/1025 1073/1094/1073 1026/1046/1026
f 1026/1046/1026 1073/1094/1073 1074/1095/1074
f 1026/1046/1026 1074/1095/1074 1027/1047/1027
f 1027/1047/1027 1074/1095/1074 1075/1096/1075
f 1027/1047/1027 1075/1096/1075 1028/1048/1028
f 1028/1048/1028 1075/1096/1075 1076/1097/1076
f 1028/1048/1028 1076/1097/1076 1029/1049/1029
f 1029/1049/1029 1076/1097/1076 1077/1098/1077
f 1029/1049/1029 1077/1098/1077 1030/1050/1030
f 1030/1050/1030 1077/1098/1077 1078/1099/1078
f 1030/1050/1030 1078/1099/1078 1031/1051/1031
f 1031/1051/1031 1078/1099/1078 1079/1100/1079
f 1031/1051/1031 1079/1100/1079 1032/1052/1032
f 1032/1052/1032 1079/1100/1079 1080/1101/1080
f 1032/1052/1032 1080/1101/1080 1033/1053/1033
f 1033/1053/1033 1080/1101/1080 1081/1102/1081
f 1033/1053/1033 1081/1102/1081 1034/1054/1034
f 1034/1054/1034 1081/1102/1081 1082/1103/1082
f 1034/1054/1034 1082/1103/1082 1035/1055/1035
f 1035/1055/1035 1082/1103/1082 1083/1104/1083
f 1035/1055/1035 1083/1104/1083 1036/1056/1036
f 1036/1056/1036 1083/1104/1083 1084/1105/1084
f 1036/1056/1036 1084/1105/1084 1037/1057/1037
f 1037/1057/1037 1084/1105/1084 1085/1106/1085
f 1037/1057/1037 1085/1106/1085 1038/1058/1038
f 1038/1058/1038 1085/1106/1085 1086/1107/1086
f 1038/1058/1038 1086/1107/1086 1039/1059/1039
f 1039/1059/1039 1086/1107/1086 1087/1108/1087
f 1039/1059/1039 1087/1108/1087 1040/1060/1040
f 1040/1060/1040 1087/1108/1087 1088/1109/1088
f 1040/1060/1040 1088/1109/1088 1041/1061/1041
f 1041/1061/1041 1088/1109/1088 1089/1110/1089
f 1041/1061/1041 1089/1110/1089 1042/1062/1042
f 1042/1062/1042 1089/1110/1089 1090/1111/1090
f 1042/1062/1042 1090/1111/1090 1043/1063/1043
f 1043/1063/1043 1090/1111/1090 1091/1112/1091
f 1043/1063/1043 1091/1112/1091 1044/1064/1044
f 1044/1064/1044 1091/1112/1091 1092/1113/1092
f 1044/1064/1044 1092/1113/1092 1045/1065/1045
f 1045/1065/1045 1092/1113/1092 1093/1114/1093
f 1045/1065/1045 1093/1114/1093 1046/1066/1046
f 1046/1066/1046 1093/1114/1093 1094/1115/1094
f 1046/1066/1046 1094/1115/1094 1047/1067/1047
f 1047/1067/1047 1094/1115/1094 1095/1116/1095
f 1047/1067/1047 1095/1116/1095 1048/1068/1048
f 1048/1068/1048 1095/1116/1095 1096/1117/1096
f 1048/1068/1048 1096/1117/1096 1049/1069/1049
f 1049/1069/1049 1096/1117/1096 1097/1118/1097
f 1049/1069/1049 1097/1118/1097 1050/1070/1050
f 1050/1070/1050 1097/1118/1097 1098/1119/1098
f 1050/1070/1050 1098/1119/1098 1051/1071/1051
f 1051/1071/1051 1098/1119/1098 1099/1120/1099
f 1051/1071/1051 1099/1120/1099 1052/1072/1052
f 1052/1072/1052 1099/1120/1099 1100/1121/1100
f 1052/1072/1052 1100/1121/1100 1053/1073/1053
f 1053/1073/1053 1100/1121/1100 1101/1122/1101
f 1053/1073/1053 1101/1122/1101 1054/1074/1054
f 1054/1074/1054 1101/1122/1101 1102/1123/1102
f 1054/1074/1054 1102/1123/1102 1055/1075/1055
f 1055/1075/1055 1102/1123/1102 1103/1124/1103
f 1055/1075/1055 1103/1124/1103 1056/1076/1056
f 1056/1076/1056 1103/1124/1103 1104/1125/1104
f 1056/1076/1056 1104/1125/1104 1057/1077/1057
f 1057/1077/1057 1104/1125/1104 1105/1126/1105
f 1057/1077/1057 1105/1126/1105 1010/1078/1010
f 1010/1078/1010 1105/1126/1105 1058/1127/1058
f 1058/1079/1058 1106/1128/1106 1059/1080/1059
f 1059/1080/1059 1106/1128/1106 1107/1129/1107
f 1059/1080/1059 1107/1129/1107 1060/1081/1060
f 1060/1081/1060 1107/1129/1107 1108/1130/1108
f 1060/1081/1060 1108/1130/1108 1061/1082/1061
f 1061/1082/1061 1108/1130/1108 1109/1131/1109
f 1061/1082/1061 1109/1131/1109 1062/1083/1062
f 1062/1083/1062 1109/1131/1109 1110/1132/1110
f 1062/1083/1062 1110/1132/1110 1063/1084/1063
f 1063/1084/1063 1110/1132/1110 1111/1133/1111
f 1063/1084/1063 1111/1133/1111 1064/1085/1064
f 1064/1085/1064 1111/1133/1111 1112/1134/1112
f 1064/1085/1064 1112/1134/1112 1065/1086/1065
f 1065/1086/1065 1112/1134/1112 1113/1135/1113
f 1065/1086/1065 1113/1135/1113 1066/1087/1066
f 1066/1087/1066 1113/1135/1113 1114/1136/1114
f 1066/1087/1066 1114/1136/1114 1067/1088/1067
f 1067/1088/1067 1114/1136/1114 1115/1137/1115
f 1067/1088/1067 1115/1137/1115 1068/1089/1068
f 1068/1089/1068 1115/1137/1115 1116/1138/1116
f 1068/1089/1068 1116/1138/1116 1069/1090/1069
f 1069/1090/1069 1116/1138/1116 1117/1139/1117
f 1069/1090/1069 1117/1139/1117 1070/1091/1070
f 1070/1091/1070 1117/1139/1117 1118/1140/1118
f 1070/1091/1070 1118/1140/1118 1071/1092/1071
f 1071/1092/1071 1118/1140/1118 1119/1141/1119
f 1071/1092/1071 1119/1141/1119 1072/1093/1072
f 1072/1093/1072 1119/1141/1119 1120/1142/1120
f 1072/1093/1072 1120/1142/1120 1073/1094/1073
f 1073/1094/1073 1120/1142/1120 1121/1143/1121
f 1073/1094/1073 1121/1143/1121 1074/1095/1074
f 1074/1095/1074 1121/1143/1121 1122/1144/1122
f 1074/1095/1074 1122/1144/1122 1075/1096/1075
f 1075/1096/1075 1122/1144/1122 1123/1145/1123
f 1075/1096/1075 1123/1145/1123 1076/1097/1076
f 1076/1097/1076 1123/1145/1123 1124/1146/1124
f 1076/1097/1076 1124/1146/1124 1077/1098/1077
f 1077/1098/1077 1124/1146/1124 1125/1147/1125
f 1077/1098/1077 1125/1147/1125 1078/1099/1078
f 1078/1099/1078 1125/1147/1125 1126/1148/1126
f 1078/1099/1078 1126/1148/1126 1079/1100/1079
f 1079/1100/1079 1126/1148/1126 1127/1149/1127
f 1079/1100/1079 1127/1149/1127 1080/1101/1080
f 1080/1101/1080 1127/1149/1127 1128/1150/1128
f 1080/1101/1080 1128/1150/1128 1081/1102/1081
f 1081/1102/1081 1128/1150/1128 1129/1151/1129
f 1081/1102/1081 1129/1151/1129 1082/1103/1082
f 1082/1103/1082 1129/1151/1129 1130/1152/1130
f 1082/1103/1082 1130/1152/1130 1083/1104/1083
f 1083/1104/1083 1130/1152/1130 1131/1153/1131
f 1083/1104/1083 1131/1153/1131 1084/1105/1084
f 1084/1105/1084 1131/1153/1131 1132/1154/1132
f 1084/1105/1084 1132/1154/1132 1085/1106/1085
f 1085/1106/1085 1132/1154/1132 1133/1155/1133
f 1085/1106/1085 1133/1155/1133 1086/1107/1086
f 1086/1107/1086 1133/1155/1133 1134/1156/1134
f 1086/1107/1086 1134/1156/1134 1087/1108/1087
f 1087/1108/1087 1134/1156/1134 1135/1157/1135
f 1087/1108/1087 1135/1157/1135 1088/1109/1088
f 1088/1109/1088 1135/1157/1135 1136/1158/1136
f 1088/1109/1088 1136/1158/1136 1089/1110/1089
f 1089/1110/1089 1136/1158/1136 1137/1159/1137
f 1089/1110/1089 1137/1159/1137 1090/1111/1090
f 1090/1111/1090 1137/1159/1137 1138/1160/1138
f 1090/1111/1090 1138/1160/1138 1091/1112/1091
f 1091/1112/1091 1138/1160/1138 1139/1161/1139
f 1091/1112/1091 1139/1161/1139 1092/1113/1092
f 1092/1113/1092 1139/1161/1139 1140/1162/1140
f 1092/1113/1092 1140/1162/1140 1093/1114/1093
f 1093/1114/1093 1140/1162/1140 1141/1163/1141
f 1093/1114/1093 1141/1163/1141 1094/1115/1094
f 1094/1115/1094 1141/1163/1141 1142/1164/1142
f 1094/1115/1094 1142/1164/1142 1095/1116/1095
f 1095/1116/1095 1142/1164/1142 1143/1165/1143
f 1095/1116/1095 1143/1165/1143 1096/1117/1096
f 1096/1117/1096 1143/1165/1143 1144/1166/1144
f 1096/1117/1096 1144/1166/1144 1097/1118/1097
f 1097/1118/1097 1144/1166/1144 1145/1167/1145
f 1097/1118/1097 1145/1167/1145 1098/1119/1098
f 1098/1119/1098 1145/1167/1145 1146/1168/1146
f 1098/1119/1098 1146/1168/1146 1099/1120/1099
f 1099/1120/1099 1146/1168/1146 1147/1169/1147
f 1099/1120/1099 1147/1169/1147 1100/1121/1100
f 1100/1121/1100 1147/1169/1147 1148/1170/1148
f 1100/1121/1100 1148/1170/1148 1101/1122/1101
f 1101/1122/1101 1148/1170/1148 1149/1171/1149
f 1101/1122/1101 1149/1171/1149 1102/1123/1102
f 1102/1123/1102 1149/1171/1149 1150/1172/1150
f 1102/1123/1102 1150/1172/1150 1103/1124/1103
f 1103/1124/1103 1150/1172/1150 1151/1173/1151
f 1103/1124/1103 1151/1173/1151 1104/1125/1104
f 1104/1125/1104 1151/1173/1151 1152/1174/1152
f 1104/1125/1104 1152/1174/1152 1105/1126/1105
f 1105/1126/1105 1152/1174/1152 1153/1175/1153
f 1105/1126/1105 1153/1175/1153 1058/1127/1058
f 1058/1127/1058 1153/1175/1153 1106/1176/1106
f 1106/1128/1106 1154/1177/1154 1107/1129/1107
f 1107/1129/1107 1154/1177/1154 1155/1178/1155
f 1107/1129/1107 1155/1178/1155 1108/1130/1108
f 1108/1130/1108 1155/1178/1155 1156/1179/1156
f 1108/1130/1108 1156/1179/1156 1109/1131/1109
f 1109/1131/1109 1156/1179/1156 1157/1180/1157
f 1109/1131/1109 1157/1180/1157 1110/1132/1110
f 1110/1132/1110 1157/1180/1157 1158/1181/1158
f 1110/1132/1110 1158/1181/1158 1111/1133/1111
f 1111/1133/1111 1158/1181/1158 1159/1182/1159
f 1111/1133/1111 1159/1182/1159 1112/1134/1112
f 1112/1134/1112 1159/1182/1159 1160/1183/1160
f 1112/1134/1112 1160/1183/1160 1113/1135/1113
f 1113/1135/1113 1160/1183/1160 1161/1184/1161
f 1113/1135/1113 1161/1184/1161 1114/1136/1114
f 1114/1136/1114 1161/1184/1161 1162/1185/1162
f 1114/1136/1114 1162/1185/1162 1115/1137/1115
f 1115/1137/1115 1162/1185/1162 1163/1186/1163
f 1115/1137/1115 1163/1186/1163 1116/1138/1116
f 1116/1138/1116 1163/1186/1163 1164/1187/1164
f 1116/1138/1116 1164/1187/1164 1117/1139/1117
f 1117/1139/1117 1164/1187/1164 1165/1188/1165
f 1117/1139/1117 1165/1188/1165 1118/1140/1118
f 1118/1140/1118 1165/1188/1165 1166/1189/1166
f 1118/1140/1118 1166/1189/1166 1119/1141/1119
f 1119/1141/1119 1166/1189/1166 1167/1190/1167
f 1119/1141/1119 1167/1190/1167 1120/1142/1120
f 1120/1142/1120 1167/1190/1167 1168/1191/1168
f 1120/1142/1120 1168/1191/1168 1121/1143/1121
f 1121/1143/1121 1168/1191/1168 1169/1192/1169
f 1121/1143/1121 1169/1192/1169 1122/1144/1122
f 1122/1144/1122 1169/1192/1169 1170/1193/1170
f 1122/1144/1122 1170/1193/1170 1123/1145/1123
f 1123/1145/1123 1170/1193/1170 1171/1194/1171
f 1123/1145/1123 1171/1194/1171 1124/1146/1124
f 1124/1146/1124 1171/1194/1171 1172/1195/1172
f 1124/1146/1124 1172/1195/1172 1125/1147/1125
f 1125/1147/1125 1172/1195/1172 1173/1196/1173
f 1125/1147/1125 1173/1196/1173 1126/1148/1126
f 1126/1148/1126 1173/1196/1173 1174/1197/1174
f 1126/1148/1126 1174/1197/1174 1127/1149/1127
f 1127/1149/1127 1174/1197/1174 1175/1198/1175
f 1127/1149/1127 1175/1198/1175 1128/1150/1128
f 1128/1150/1128 1175/1198/1175 1176/1199/1176
f 1128/1150/1128 1176/1199/1176 1129/1151/1129
f 1129/1151/1129 1176/1199/1176 1177/1200/1177
f 1129/1151/1129 1177/1200/1177 1130/1152/1130
f 1130/1152/1130 1177/1200/1177 1178/1201/1178
f 1130/1152/1130 1178/1201/1178 1131/1153/1131
f 1131/1153/1131 1178/1201/1178 1179/1202/1179
f 1131/1153/1131 1179/1202/1179 1132/1154/1132
f 1132/1154/1132 1179/1202/1179 1180/1203/1180
f 1132/1154/1132 1180/1203/1180 1133/1155/1133
f 1133/1155/1133 1180/1203/1180 1181/1204/1181
f 1133/1155/1133 1181/1204/1181 1134/1156/1134
f 1134/1156/1134 1181/1204/1181 1182/1205/1182
f 1134/1156/1134 1182/1205/1182 1135/1157/1135
f 1135/1157/1135 1182/1205/1182 1183/1206/1183
f 1135/1157/1135 1183/1206/1183 1136/1158/1136
f 1136/1158/1136 1183/1206/1183 1184/1207/1184
f 1136/1158/1136 1184/1207/1184 1137/1159/1137
f 1137/1159/1137 1184/1207/1184 1185/1208/1185
f 1137/1159/1137 1185/1208/1185 1138/1160/1138
f 1138/1160/1138 1185/1208/1185 1186/1209/1186
f 1138/1160/1138 1186/1209/1186 1139/1161/1139
f 1139/1161/1139 1186/1209/1186 1187/1210/1187
f 1139/1161/1139 1187/1210/1187 1140/1162/1140
f 1140/1162/1140 1187/1210/1187 1188/1211/1188
f 1140/1162/1140 1188/1211/1188 1141/1163/1141
f 1141/1163/1141 1188/1211/1188 1189/1212/1189
f 1141/1163/1141 1189/1212/1189 1142/1164/1142
f 1142/1164/1142 1189/1212/1189 1190/1213/1190
f 1142/1164/1142 1190/1213/1190 1143/1165/1143
f 1143/1165/1143 1190/1213/1190 1191/1214/1191
f 1143/1165/1143 1191/1214/1191 1144/1166/1144
f 1144/1166/1144 1191/1214/1191 1192/1215/1192
f 1144/1166/1144 1192/1215/1192 1145/1167/1145
f 1145/1167/1145 1192/1215/1192 1193/1216/1193
f 1145/1167/1145 1193/1216/1193 1146/1168/1146
f 1146/1168/1146 1193/1216/1193 1194/1217/1194
f 1146/1168/1146 1194/1217/1194 1147/1169/1147
f 1147/1169/1147 1194/1217/1194 1195/1218/1195
f 1147/1169/1147 1195/1218/1195 1148/1170/1148
f 1148/1170/1148 1195/1218/1195 1196/1219/1196
f 1148/1170/1148 1196/1219/1196 1149/1171/1149
f 1149/1171/1149 1196/1219/1196 1197/1220/1197
f 1149/1171/1149 1197/1220/1197 1150/1172/1150
f 1150/1172/1150 1197/1220/1197 1198/1221/1198
f 1150/1172/1150 1198/1221/1198 1151/1173/1151
f 1151/1173/1151 1198/1221/1198 1199/1222/1199
f 1151/1173/1151 1199/1222/1199 1152/1174/1152
f 1152/1174/1152 1199/1222/1199 1200/1223/1200
f 1152/1174/1152 1200/1223/1200 1153/1175/1153
f 1153/1175/1153 1200/1223/1200 1201/1224/1201
f 1153/1175/1153 1201/1224/1201 1106/1176/1106
f 1106/1176/1106 1201/1224/1201 1154/1225/1154
f 1154/1177/1154 1202/1226/1202 1155/1178/1155
f 1155/1178/1155 1202/1226/1202 1203/1227/1203
f 1155/1178/1155 1203/1227/1203 1156/1179/1156
f 1156/1179/1156 1203/1227/1203 1204/1228/1204
f 1156/1179/1156 1204/1228/1204 1157/1180/1157
f 1157/1180/1157 1204/1228/1204 1205/1229/1205
f 1157/1180/1157 1205/1229/1205 1158/1181/1158
f 1158/1181/1158 1205/1229/1205 1206/1230/1206
f 1158/1181/1158 1206/1230/1206 1159/1182/1159
f 1159/1182/1159 1206/1230/1206 1207/1231/1207
f 1159/1182/1159 1207/1231/1207 1160/1183/1160
f 1160/1183/1160 1207/1231/1207 1208/1232/1208
f 1160/1183/1160 1208/1232/1208 1161/1184/1161
f 1161/1184/1161 1208/1232/1208 1209/1233/1209
f 1161/1184/1161 1209/1233/1209 1162/1185/1162
f 1162/1185/1162 1209/1233/1209 1210/1234/1210
f 1162/1185/1162 1210/1234/1210 1163/1186/1163
f 1163/1186/1163 1210/1234/1210 1211/1235/1211
f 1163/1186/1163 1211/1235/1211 1164/1187/1164
f 1164/1187/1164 1211/1235/1211 1212/1236/1212
f 1164/1187/1164 1212/1236/1212 1165/1188/1165
f 1165/1188/1165 1212/1236/1212 1213/1237/1213
f 1165/1188/1165 1213/1237/1213 1166/1189/1166
f 1166/1189/1166 1213/1237/1213 1214/1238/1214
f 1166/1189/1166 1214/1238/1214 1167/1190/1167
f 1167/1190/1167 1214/1238/1214 1215/1239/1215
f 1167/1190/1167 1215/1239/1215 1168/1191/1168
f 1168/1191/1168 1215/1239/1215 1216/1240/1216
f 1168/1191/1168 1216/1240/1216 1169/1192/1169
f 1169/1192/1169 1216/1240/1216 1217/1241/1217
f 1169/1192/1169 1217/1241/1217 1170/1193/1170
f 1170/1193/1170 1217/1241/1217 1218/1242/1218
f 1170/1193/1170 1218/1242/1218 1171/1194/1171
f 1171/1194/1171 1218/1242/1218 1219/1243/1219
f 1171/1194/1171 1219/1243/1219 1172/1195/1172
f 1172/1195/1172 1219/1243/1219 1220/1244/1220
f 1172/1195/1172 1220/1244/1220 1173/1196/1173
f 1173/1196/1173 1220/1244/1220 1221/1245/1221
f 1173/1196/1173 1221/1245/1221 1174/1197/1174
f 1174/1197/1174 1221/1245/1221 1222/1246/1222
f 1174/1197/1174 1222/1246/1222 1175/1198/1175
f 1175/1198/1175 1222/1246/1222 1223/1247/1223
f 1175/1198/1175 1223/1247/1223 1176/1199/1176
f 1176/1199/1176 1223/1247/1223 1224/1248/1224
f 1176/1199/1176 1224/1248/1224 1177/1200/1177
f 1177/1200/1177 1224/1248/1224 1225/1249/1225
f 1177/1200/1177 1225/1249/1225 1178/1201/1178
f 1178/1201/1178 1225/1249/1225 1226/1250/1226
f 1178/1201/1178 1226/1250/1226 1179/1202/1179
f 1179/1202/1179 1226/1250/1226 1227/1251/1227
f 1179/1202/1179 1227/1251/1227 1180/1203/1180
f 1180/1203/1180 1227/1251/1227 1228/1252/1228
f 1180/1203/1180 1228/1252/1228 1181/1204/1181
f 1181/1204/1181 1228/1252/1228 1229/1253/1229
f 1181/1204/1181 1229/1253/1229 1182/1205/1182
f 1182/1205/1182 1229/1253/1229 1230/1254/1230
f 1182/1205/1182 1230/1254/1230 1183/1206/1183
f 1183/1206/1183 1230/1254/1230 1231/1255/1231
f 1183/1206/1183 1231/1255/1231 1184/1207/1184
f 1184/1207/1184 1231/1255/1231 1232/1256/1232
f 1184/1207/1184 1232/1256/1232 1185/1208/1185
f 1185/1208/1185 1232/1256/1232 1233/1257/1233
f 1185/1208/1185 1233/1257/1233 1186/1209/1186
f 1186/1209/1186 1233/1257/1233 1234/1258/1234
f 1186/1209/1186 1234/1258/1234 1187/1210/1187
f 1187/1210/1187 1234/1258/1234 1235/1259/1235
f 1187/1210/1187 1235/1259/1235 1188/1211/1188
f 1188/1211/1188 1235/1259/1235 1236/1260/1236
f 1188/1211/1188 1236/1260/1236 1189/1212/1189
f 1189/1212/1189 1236/1260/1236 1237/1261/1237
f 1189/1212/1189 1237/1261/1237 1190/1213/1190
f 1190/1213/1190 1237/1261/1237 1238/1262/1238
f 1190/1213/1190 1238/1262/1238 1191/1214/1191
f 1191/1214/1191 1238/1262/1238 1239/1263/1239
f 1191/1214/1191 1239/1263/1239 1192/1215/1192
f 1192/1215/1192 1239/1263/1239 1240/1264/1240
f 1192/1215/1192 1240/1264/1240 1193/1216/1193
f 1193/1216/1193 1240/1264/1240 1241/1265/1241
f 1193/1216/1193 1241/1265/1241 1194/1217/1194
f 1194/1217/1194 1241/1265/1241 1242/1266/1242
f 1194/1217/1194 1242/1266/1242 1195/1218/1195
f 1195/1218/1195 1242/1266/1242 1243/1267/1243
f 1195/1218/1195 1243/1267/1243 1196/1219/1196
f 1196/1219/1196 1243/1267/1243 1244/1268/1244
f 1196/1219/1196 1244/1268/1244 1197/1220/1197
f 1197/1220/1197 1244/1268/1244 1245/1269/1245
f 1197/1220/1197 1245/1269/1245 1198/1221/1198
f 1198/1221/1198 1245/1269/1245 1246/1270/1246
f 1198/1221/1198 1246/1270/1246 1199/1222/1199
f 1199/1222/1199 1246/1270/1246 1247/1271/1247
f 1199/1222/1199 1247/1271/1247 1200/1223/1200
f 1200/1223/1200 1247/1271/1247 1248/1272/1248
f 1200/1223/1200 1248/1272/1248 1201/1224/1201
f 1201/1224/1201 1248/1272/1248 1249/1273/1249
f 1201/1224/1201 1249/1273/1249 1154/1225/1154
f 1154/1225/1154 1249/1273/1249 1202/1274/1202
f 1202/1226/1202 1250/1275/1250 1203/1227/1203
f 1203/1227/1203 1250/1275/1250 1251/1276/1251
f 1203/1227/1203 1251/1276/1251 1204/1228/1204
f 1204/1228/1204 1251/1276/1251 1252/1277/1252
f 1204/1228/1204 1252/1277/1252 1205/1229/1205
f 1205/1229/1205 1252/1277/1252 1253/1278/1253
f 1205/1229/1205 1253/1278/1253 1206/1230/1206
f 1206/1230/1206 1253/1278/1253 1254/1279/1254
f 1206/1230/1206 1254/1279/1254 1207/1231/1207
f 1207/1231/1207 1254/1279/1254 1255/1280/1255
f 1207/1231/1207 1255/1280/1255 1208/1232/1208
f 1208/1232/1208 1255/1280/1255 1256/1281/1256
f 1208/1232/1208 1256/1281/1256 1209/1233/1209
f 1209/1233/1209 1256/1281/1256 1257/1282/1257
f 1209/1233/1209 1257/1282/1257 1210/1234/1210
f 1210/1234/1210 1257/1282/1257 1258/1283/1258
f 1210/1234/1210 1258/1283/1258 1211/1235/1211
f 1211/1235/1211 1258/1283/1258 1259/1284/1259
f 1211/1235/1211 1259/1284/1259 1212/1236/1212
f 1212/1236/1212 1259/1284/1259 1260/1285/1260
f 1212/1236/1212 1260/1285/1260 1213/1237/1213
f 1213/1237/1213 1260/1285/1260 1261/1286/1261
f 1213/1237/1213 1261/1286/1261 1214/1238/1214
f 1214/1238/1214 1261/1286/1261 1262/1287/1262
f 1214/1238/1214 1262/1287/1262 1215/1239/1215
f 1215/1239/1215 1262/1287/1262 1263/1288/1263
f 1215/1239/1215 1263/1288/1263 1216/1240/1216
f 1216/1240/1216 1263/1288/1263 1264/1289/1264
f 1216/1240/1216 1264/1289/1264 1217/1241/1217
f 1217/1241/1217 1264/1289/1264 1265/1290/1265
f 1217/1241/1217 1265/1290/1265 1218/1242/1218
f 1218/1242/1218 1265/1290/1265 1266/1291/1266
f 1218/1242/1218 1266/1291/1266 1219/1243/1219
f 1219/1243/1219 1266/1291/1266 1267/1292/1267
f 1219/1243/1219 1267/1292/1267 1220/1244/1220
f 1220/1244/1220 1267/1292/1267 1268/1293/1268
f 1220/1244/1220 1268/1293/1268 1221/1245/1221
f 1221/1245/1221 1268/1293/1268 1269/1294/1269
f 1221/1245/1221 1269/1294/1269 1222/1246/1222
f 1222/1246/1222 1269/1294/1269 1270/1295/1270
f 1222/1246/1222 1270/1295/1270 1223/1247/1223
f 1223/1247/1223 1270/1295/1270 1271/1296/1271
f 1223/1247/1223 1271/1296/1271 1224/1248/1224
f 1224/1248/1224 1271/1296/1271 1272/1297/1272
f 1224/1248/1224 1272/1297/1272 1225/1249/1225
f 1225/1249/1225 1272/1297/1272 1273/1298/1273
f 1225/1249/1225 1273/1298/1273 1226/1250/1226
f 1226/1250/1226 1273/1298/1273 1274/1299/1274
f 1226/1250/1226 1274/1299/1274 1227/1251/1227
f 1227/1251/1227 1274/1299/1274 1275/1300/1275
f 1227/1251/1227 1275/1300/1275 1228/1252/1228
f 1228/1252/1228 1275/1300/1275 1276/1301/1276
f 1228/1252/1228 1276/1301/1276 1229/1253/1229
f 1229/1253/1229 1276/1301/1276 1277/1302/1277
f 1229/1253/1229 1277/1302/1277 1230/1254/1230
f 1230/1254/1230 1277/1302/1277 1278/1303/1278
f 1230/1254/1230 1278/1303/1278 1231/1255/1231
f 1231/1255/1231 1278/1303/1278 1279/1304/1279
f 1231/1255/1231 1279/1304/1279 1232/1256/1232
f 1232/1256/1232 1279/1304/1279 1280/1305/1280
f 1232/1256/1232 1280/1305/1280 1233/1257/1233
f 1233/1257/1233 1280/1305/1280 1281/1306/1281
f 1233/1257/1233 1281/1306/1281 1234/1258/1234
f 1234/1258/1234 1281/1306/1281 1282/1307/1282
f 1234/1258/1234 1282/1307/1282 1235/1259/1235
f 1235/1259/1235 1282/1307/1282 1283/1308/1283
f 1235/1259/1235 1283/1308/1283 1236/1260/1236
f 1236/1260/1236 1283/1308/1283 1284/1309/1284
f 1236/1260/1236 1284/1309/1284 1237/1261/1237
f 1237/1261/1237 1284/1309/1284 1285/1310/1285
f 1237/1261/1237 1285/1310/1285 1238/1262/1238
f 1238/1262/1238 1285/1310/1285 1286/1311/1286
f 1238/1262/1238 1286/1311/1286 1239/1263/1239
f 1239/1263/1239 1286/1311/1286 1287/1312/1287
f 1239/1263/1239 1287/1312/1287 1240/1264/1240
f 1240/1264/1240 1287/1312/1287 1288/1313/1288
f 1240/1264/1240 1288/1313/1288 1241/1265/1241
f 1241/1265/1241 1288/1313/1288 1289/1314/1289
f 1241/1265/1241 1289/1314/1289 1242/1266/1242
f 1242/1266/1242 1289/1314/1289 1290/1315/1290
f 1242/1266/1242 1290/1315/1290 1243/1267/1243
f 1243/1267/1243 1290/1315/1290 1291/1316/1291
f 1243/1267/1243 1291/1316/1291 1244/1268/1244
f 1244/1268/1244 1291/1316/1291 1292/1317/1292
f 1244/1268/1244 1292/1317/1292 1245/1269/1245
f 1245/1269/1245 1292/1317/1292 1293/1318/1293
f 1245/1269/1245 1293/1318/1293 1246/1270/1246
f 1246/1270/1246 1293/1318/1293 1294/1319/1294
f 1246/1270/1246 1294/1319/1294 1247/1271/1247
f 1247/1271/1247 1294/1319/1294 1295/1320/1295
f 1247/1271/1247 1295/1320/1295 1248/1272/1248
f 1248/1272/1248 1295/1320/1295 1296/1321/1296
f 1248/1272/1248 1296/1321/1296 1249/1273/1249
f 1249/1273/1249 1296/1321/1296 1297/1322/1297
f 1249/1273/1249 1297/1322/1297 1202/1274/1202
f 1202/1274/1202 1297/1322/1297 1250/1323/1250
f 1250/1275/1250 1298/1324/1298 1251/1276/1251
f 1251/1276/1251 1298/1324/1298 1299/1325/1299
f 1251/1276/1251 1299/1325/1299 1252/1277/1252
f 1252/1277/1252 1299/1325/1299 1300/1326/1300
f 1252/1277/1252 1300/1326/1300 1253/1278/1253
f 1253/1278/1253 1300/1326/1300 1301/1327/1301
f 1253/1278/1253 1301/1327/1301 1254/1279/1254
f 1254/1279/1254 1301/1327/1301 1302/1328/1302
f 1254/1279/1254 1302/1328/1302 1255/1280/1255
f 1255/1280/1255 1302/1328/1302 1303/1329/1303
f 1255/1280/1255 1303/1329/1303 1256/1281/1256
f 1256/1281/1256 1303/1329/1303 1304/1330/1304
f 1256/1281/1256 1304/1330/1304 1257/1282/1257
f 1257/1282/1257 1304/1330/1304 1305/1331/1305
f 1257/1282/1257 1305/1331/1305 1258/1283/1258
f 1258/1283/1258 1305/1331/1305 1306/1332/1306
f 1258/1283/1258 1306/1332/1306 1259/1284/1259
f 1259/1284/1259 1306/1332/1306 1307/1333/1307
f 1259/1284/1259 1307/1333/1307 1260/1285/1260
f 1260/1285/1260 1307/1333/1307 1308/1334/1308
f 1260/1285/1260 1308/1334/1308 1261/1286/1261
f 1261/1286/1261 1308/1334/1308 1309/1335/1309
f 1261/1286/1261 1309/1335/1309 1262/1287/1262
f 1262/1287/1262 1309/1335/1309 1310/1336/1310
f 1262/1287/1262 1310/1336/1310 1263/1288/1263
f 1263/1288/1263 1310/1336/1310 1311/1337/1311
f 1263/1288/1263 1311/1337/1311 1264/1289/1264
f 1264/1289/1264 1311/1337/1311 1312/1338/1312
f 1264/1289/1264 1312/1338/1312 1265/1290/1265
f 1265/1290/1265 1312/1338/1312 1313/1339/1313
f 1265/1290/1265 1313/1339/1313 1266/1291/1266
f 1266/1291/1266 1313/1339/1313 1314/1340/1314
f 1266/1291/1266 1314/1340/1314 1267/1292/1267
f 1267/1292/1267 1314/1340/1314 1315/1341/1315
f 1267/1292/1267 1315/1341/1315 1268/1293/1268
f 1268/1293/1268 1315/1341/1315 1316/1342/1316
f 1268/1293/1268 1316/1342/1316 1269/1294/1269
f 1269/1294/1269 1316/1342/1316 1317/1343/1317
f 1269/1294/1269 1317/1343/1317 1270/1295/1270
f 1270/1295/1270 1317/1343/1317 1318/1344/1318
f 1270/1295/1270 1318/1344/1318 1271/1296/1271
f 1271/1296/1271 1318/1344/1318 1319/1345/1319
f 1271/1296/1271 1319/1345/1319 1272/1297/1272
f 1272/1297/1272 1319/1345/1319 1320/1346/1320
f 1272/1297/1272 1320/1346/1320 1273/1298/1273
f 1273/1298/1273 1320/1346/1320 1321/1347/1321
f 1273/1298/1273 1321/1347/1321 1274/1299/1274
f 1274/1299/1274 1321/1347/1321 1322/1348/1322
f 1274/1299/1274 1322/1348/1322 1275/1300/1275
f 1275/1300/1275 1322/1348/1322 1323/1349/1323
f 1275/1300/1275 1323/1349/1323 1276/1301/1276
f 1276/1301/1276 1323/1349/1323 1324/1350/1324
f 1276/1301/1276 1324/1350/1324 1277/1302/1277
f 1277/1302/1277 1324/1350/1324 1325/1351/1325
f 1277/1302/1277 1325/1351/1325 1278/1303/1278
f 1278/1303/1278 1325/1351/1325 1326/1352/1326
f 1278/1303/1278 1326/1352/1326 1279/1304/1279
f 1279/1304/1279 1326/1352/1326 1327/1353/1327
f 1279/1304/1279 1327/1353/1327 1280/1305/1280
f 1280/1305/1280 1327/1353/1327 1328/1354/1328
f 1280/1305/1280 1328/1354/1328 1281/1306/1281
f 1281/1306/1281 1328/1354/1328 1329/1355/1329
f 1281/1306/1281 1329/1355/1329 1282/1307/1282
f 1282/1307/1282 1329/1355/1329 1330/1356/1330
f 1282/1307/1282 1330/1356/1330 1283/1308/1283
f 1283/1308/1283 1330/1356/1330 1331/1357/1331
f 1283/1308/1283 1331/1357/1331 1284/1309/1284
f 1284/1309/1284 1331/1357/1331 1332/1358/1332
f 1284/1309/1284 1332/1358/1332 1285/1310/1285
f 1285/1310/1285 1332/1358/1332 1333/1359/1333
f 1285/1310/1285 1333/1359/1333 1286/1311/1286
f 1286/1311/1286 1333/1359/1333 1334/1360/1334
f 1286/1311/1286 1334/1360/1334 1287/1312/1287
f 1287/1312/1287 1334/1360/1334 1335/1361/1335
f 1287/1312/1287 1335/1361/1335 1288/1313/1288
f 1288/1313/1288 1335/1361/1335 1336/1362/1336
f 1288/1313/1288 1336/1362/1336 1289/1314/1289
f 1289/1314/1289 1336/1362/1336 1337/1363/1337
f 1289/1314/1289 1337/1363/1337 1290/1315/1290
f 1290/1315/1290 1337/1363/1337 1338/1364/1338
f 1290/1315/1290 1338/1364/1338 1291/1316/1291
f 1291/1316/1291 1338/1364/1338 1339/1365/1339
f 1291/1316/1291 1339/1365/1339 1292/1317/1292
f 1292/1317/1292 1339/1365/1339 1340/1366/1340
f 1292/1317/1292 1340/1366/1340 1293/1318/1293
f 1293/1318/1293 1340/1366/1340 1341/1367/1341
f 1293/1318/1293 1341/1367/1341 1294/1319/1294
f 1294/1319/1294 1341/1367/1341 1342/1368/1342
f 1294/1319/1294 1342/1368/1342 1295/1320/1295
f 1295/1320/1295 1342/1368/1342 1343/1369/1343
f 1295/1320/1295 1343/1369/1343 1296/1321/1296
f 1296/1321/1296 1343/1369/1343 1344/1370/1344
f 1296/1321/1296 1344/1370/1344 1297/1322/1297
f 1297/1322/1297 1344/1370/1344 1345/1371/1345
f 1297/1322/1297 1345/1371/1345 1250/1323/1250
f 1250/1323/1250 1345/1371/1345 1298/1372/1298
f 1298/1324/1298 1346/1421/1346 1299/1325/1299
f 1299/1325/1299 1346/1422/1346 1300/1326/1300
f 1300/1326/1300 1346/1423/1346 1301/1327/1301
f 1301/1327/1301 1346/1424/1346 1302/1328/1302
f 1302/1328/1302 1346/1425/1346 1303/1329/1303
f 1303/1329/1303 1346/1426/1346 1304/1330/1304
f 1304/1330/1304 1346/1427/1346 1305/1331/1305
f 1305/1331/1305 1346/1428/1346 1306/1332/1306
f 1306/1332/1306 1346/1429/1346 1307/1333/1307
f 1307/1333/1307 1346/1430/1346 1308/1334/1308
f 1308/1334/1308 1346/1431/1346 1309/1335/1309
f 1309/1335/1309 1346/1432/1346 1310/1336/1310
f 1310/1336/1310 1346/1433/1346 1311/1337/1311
f 1311/1337/1311 1346/1434/1346 1312/1338/1312
f 1312/1338/1312 1346/1435/1346 1313/1339/1313
f 1313/1339/1313 1346/1436/1346 1314/1340/1314
f 1314/1340/1314 1346/1437/1346 1315/1341/1315
f 1315/1341/1315 1346/1438/1346 1316/1342/1316
f 1316/1342/1316 1346/1439/1346 1317/1343/1317
f 1317/1343/1317 1346/1440/1346 1318/1344/1318
f 1318/1344/1318 1346/1441/1346 1319/1345/1319
f 1319/1345/1319 1346/1442/1346 1320/1346/1320
f 1320/1346/1320 1346/1443/1346 1321/1347/1321
f 1321/1347/1321 1346/1444/1346 1322/1348/1322
f 1322/1348/1322 1346/1445/1346 1323/1349/1323
f 1323/1349/1323 1346/1446/1346 1324/1350/1324
f 1324/1350/1324 1346/1447/1346 1325/1351/1325
f 1325/1351/1325 1346/1448/1346 1326/1352/1326
f 1326/1352/1326 1346/1449/1346 1327/1353/1327
f 1327/1353/1327 1346/1450/1346 1328/1354/1328
f 1328/1354/1328 1346/1451/1346 1329/1355/1329
f 1329/1355/1329 1346/1452/1346 1330/1356/1330
f 1330/1356/1330 1346/1453/1346 1331/1357/1331
f 1331/1357/1331 1346/1454/1346 1332/1358/1332
f 1332/1358/1332 1346/1455/1346 1333/1359/1333
f 1333/1359/1333 1346/1456/1346 1334/1360/1334
f 1334/1360/1334 1346/1457/1346 1335/1361/1335
f 1335/1361/1335 1346/1458/1346 1336/1362/1336
f 1336/1362/1336 1346/1459/1346 1337/1363/1337
f 1337/1363/1337 1346/1460/1346 1338/1364/1338
f 1338/1364/1338 1346/1461/1346 1339/1365/1339
f 1339/1365/1339 1346/1462/1346 1340/1366/1340
f 1340/1366/1340 1346/1463/1346 1341/1367/1341
f 1341/1367/1341 1346/1464/1346 1342/1368/1342
f 1342/1368/1342 1346/1465/1346 1343/1369/1343
f 1343/1369/1343 1346/1466/1346 1344/1370/1344
f 1344/1370/1344 1346/1467/1346 1345/1371/1345
f 1345/1371/1345 1346/1468/1346 1298/1372/1298
