# Fitted 3DS content for bottle preview POC1
mtllib seahorse.mtl
o material3
usemtl material3
s 1
v -7.6640661 -6.5499625 -3.4819542
vt 0.9844060 0.8209870
vn 0.4595201 0.1289000 -0.8787284
v -6.5106957 -6.2742057 -2.8382735
vt 0.8754600 0.8209870
vn 0.3566852 0.1382000 -0.9239227
v -7.6519759 -6.8798818 -3.5240361
vt 0.9844060 0.8054230
vn 0.4605110 0.1268000 -0.8784871
f 1/1/1 2/2/2 3/3/3
v -7.6519759 -6.8798818 -3.5240361
vt 0.9844060 0.8054230
vn 0.4605110 0.1268000 -0.8784871
v -6.5106957 -6.2742057 -2.8382735
vt 0.8754600 0.8209870
vn 0.3566852 0.1382000 -0.9239227
v -6.6267737 -7.3941926 -3.0575901
vt 0.8910240 0.7742960
vn 0.4050440 0.1099000 -0.9076619
f 4/4/4 5/5/5 6/6/6
v -6.6267737 -7.3941926 -3.0575901
vt 0.8910240 0.7742960
vn 0.4050440 0.1099000 -0.9076619
v -6.5106957 -6.2742057 -2.8382735
vt 0.8754600 0.8209870
vn 0.3566852 0.1382000 -0.9239227
v -5.1459984 -7.6978997 -2.4946022
vt 0.7665140 0.7431680
vn -0.0281961 -0.1422000 -0.9894169
f 7/7/7 8/8/8 9/9/9
v -6.6267737 -7.3941926 -3.0575901
vt 0.8910240 0.7742960
vn 0.4050440 0.1099000 -0.9076619
v -5.1459984 -7.6978997 -2.4946022
vt 0.7665140 0.7431680
vn -0.0281961 -0.1422000 -0.9894169
v -5.8455011 -8.4349685 -2.7737026
vt 0.8754600 0.7431680
vn 0.3742224 0.0571000 -0.9255650
f 10/10/10 11/11/11 12/12/12
v -5.8455011 -8.4349685 -2.7737026
vt 0.8754600 0.7431680
vn 0.3742224 0.0571000 -0.9255650
v -5.1459984 -7.6978997 -2.4946022
vt 0.7665140 0.7431680
vn -0.0281961 -0.1422000 -0.9894169
v -4.3331414 -8.8597182 -2.1814653
vt 0.7509500 0.6964770
vn -0.0430137 -0.2638000 -0.9635561
f 13/13/13 14/14/14 15/15/15
v -5.8455011 -8.4349685 -2.7737026
vt 0.8754600 0.7431680
vn 0.3742224 0.0571000 -0.9255650
v -4.3331414 -8.8597182 -2.1814653
vt 0.7509500 0.6964770
vn -0.0430137 -0.2638000 -0.9635561
v -5.8950258 -8.7374946 -2.8392781
vt 0.8910240 0.7276050
vn 0.3639276 0.0869000 -0.9273864
f 16/16/16 17/17/17 18/18/18
v -4.3331414 -8.8597182 -2.1814653
vt 0.7509500 0.6964770
vn -0.0430137 -0.2638000 -0.9635561
v -5.1459984 -7.6978997 -2.4946022
vt 0.7665140 0.7431680
vn -0.0281961 -0.1422000 -0.9894169
v -3.6561527 -8.6406503 -2.6760744
vt 0.6731310 0.6964770
vn -0.2760452 -0.4017000 -0.8731711
f 19/19/19 20/20/20 21/21/21
v -4.3331414 -8.8597182 -2.1814653
vt 0.7509500 0.6964770
vn -0.0430137 -0.2638000 -0.9635561
v -4.5996299 -10.5142101 -2.2625788
vt 0.8598960 0.6497860
vn 0.3660050 0.0355000 -0.9299485
v -5.8950258 -8.7374946 -2.8392781
vt 0.8910240 0.7276050
vn 0.3639276 0.0869000 -0.9273864
f 22/22/22 23/23/23 24/24/24
v -4.3331414 -8.8597182 -2.1814653
vt 0.7509500 0.6964770
vn -0.0430137 -0.2638000 -0.9635561
v -3.6561527 -8.6406503 -2.6760744
vt 0.6731310 0.6964770
vn -0.2760452 -0.4017000 -0.8731711
v -3.5780883 -10.2663674 -1.8853761
vt 0.7042590 0.6342220
vn -0.0971459 -0.2074000 -0.9733510
f 25/25/25 26/26/26 27/27/27
v -4.3331414 -8.8597182 -2.1814653
vt 0.7509500 0.6964770
vn -0.0430137 -0.2638000 -0.9635561
v -3.5780883 -10.2663674 -1.8853761
vt 0.7042590 0.6342220
vn -0.0971459 -0.2074000 -0.9733510
v -4.5996299 -10.5142101 -2.2625788
vt 0.8598960 0.6497860
vn 0.3660050 0.0355000 -0.9299485
f 28/28/28 29/29/29 30/30/30
v -4.5996299 -10.5142101 -2.2625788
vt 0.8598960 0.6497860
vn 0.3660050 0.0355000 -0.9299485
v -5.7368622 -9.7298733 -2.8888785
vt 0.9065870 0.6964770
vn 0.4502147 0.1160000 -0.8852744
v -5.8950258 -8.7374946 -2.8392781
vt 0.8910240 0.7276050
vn 0.3639276 0.0869000 -0.9273864
f 31/31/31 32/32/32 33/33/33
v -5.7368622 -9.7298733 -2.8888785
vt 0.9065870 0.6964770
vn 0.4502147 0.1160000 -0.8852744
v -6.8261387 -9.3640565 -3.1316862
vt 0.9844060 0.7120410
vn 0.2500697 0.0788000 -0.9650320
v -5.8950258 -8.7374946 -2.8392781
vt 0.8910240 0.7276050
vn 0.3639276 0.0869000 -0.9273864
f 34/34/34 35/35/35 36/36/36
v -5.8950258 -8.7374946 -2.8392781
vt 0.8910240 0.7276050
vn 0.3639276 0.0869000 -0.9273864
v -6.8261387 -9.3640565 -3.1316862
vt 0.9844060 0.7120410
vn 0.2500697 0.0788000 -0.9650320
v -6.9110952 -8.9877292 -3.1257714
vt 0.9844060 0.7276050
vn 0.2541115 0.0725000 -0.9644713
f 37/37/37 38/38/38 39/39/39
v -4.5996299 -10.5142101 -2.2625788
vt 0.8598960 0.6497860
vn 0.3660050 0.0355000 -0.9299485
v -3.5780883 -10.2663674 -1.8853761
vt 0.7042590 0.6342220
vn -0.0971459 -0.2074000 -0.9733510
v -4.6162009 -10.8345185 -2.2921698
vt 0.8754600 0.6342220
vn 0.5455429 0.1040000 -0.8315537
f 40/40/40 41/41/41 42/42/42
v -5.1459984 -7.6978997 -2.4946022
vt 0.7665140 0.7431680
vn -0.0281961 -0.1422000 -0.9894169
v -6.5106957 -6.2742057 -2.8382735
vt 0.8754600 0.8209870
vn 0.3566852 0.1382000 -0.9239227
v -5.5215200 -6.1193941 -2.5194739
vt 0.7820780 0.8132050
vn -0.1162831 0.0871000 -0.9893365
f 43/43/43 44/44/44 45/45/45
v -6.5106957 -6.2742057 -2.8382735
vt 0.8754600 0.8209870
vn 0.3566852 0.1382000 -0.9239227
v -6.4278922 -5.9870351 -2.7471961
vt 0.8598960 0.8287690
vn 0.2561180 0.0996000 -0.9614392
v -5.5215200 -6.1193941 -2.5194739
vt 0.7820780 0.8132050
vn -0.1162831 0.0871000 -0.9893365
f 46/46/46 47/47/47 48/48/48
v -6.4278922 -5.9870351 -2.7471961
vt 0.8598960 0.8287690
vn 0.2561180 0.0996000 -0.9614392
v -6.8193539 -5.2671133 -2.8437417
vt 0.8910240 0.8676780
vn 0.3871916 0.1520000 -0.9093663
v -5.5215200 -6.1193941 -2.5194739
vt 0.7820780 0.8132050
vn -0.1162831 0.0871000 -0.9893365
f 49/49/49 50/50/50 51/51/51
v -5.1459984 -7.6978997 -2.4946022
vt 0.7665140 0.7431680
vn -0.0281961 -0.1422000 -0.9894169
v -4.0224171 -7.2562902 -3.3572443
vt 0.6886950 0.7509500
vn -0.2284040 -0.2749000 -0.9339296
v -3.6561527 -8.6406503 -2.6760744
vt 0.6731310 0.6964770
vn -0.2760452 -0.4017000 -0.8731711
f 52/52/52 53/53/53 54/54/54
v -5.1459984 -7.6978997 -2.4946022
vt 0.7665140 0.7431680
vn -0.0281961 -0.1422000 -0.9894169
v -5.5215200 -6.1193941 -2.5194739
vt 0.7820780 0.8132050
vn -0.1162831 0.0871000 -0.9893365
v -4.0224171 -7.2562902 -3.3572443
vt 0.6886950 0.7509500
vn -0.2284040 -0.2749000 -0.9339296
f 55/55/55 56/56/56 57/57/57
v -3.5780883 -10.2663674 -1.8853761
vt 0.7042590 0.6342220
vn -0.0971459 -0.2074000 -0.9733510
v -3.0763152 -11.7344856 -1.6688053
vt 0.7042590 0.5719670
vn -0.0929615 -0.1720000 -0.9806682
v -4.6162009 -10.8345185 -2.2921698
vt 0.8754600 0.6342220
vn 0.5455429 0.1040000 -0.8315537
f 58/58/58 59/59/59 60/60/60
v -3.5780883 -10.2663674 -1.8853761
vt 0.7042590 0.6342220
vn -0.0971459 -0.2074000 -0.9733510
v -3.6561527 -8.6406503 -2.6760744
vt 0.6731310 0.6964770
vn -0.2760452 -0.4017000 -0.8731711
v -2.6659135 -9.8900383 -2.6196181
vt 0.6108770 0.6342220
vn 0.0465992 -0.1092000 -0.9929368
f 61/61/61 62/62/62 63/63/63
v -3.5780883 -10.2663674 -1.8853761
vt 0.7042590 0.6342220
vn -0.0971459 -0.2074000 -0.9733510
v -2.6659135 -9.8900383 -2.6196181
vt 0.6108770 0.6342220
vn 0.0465992 -0.1092000 -0.9929368
v -3.0763152 -11.7344856 -1.6688053
vt 0.7042590 0.5719670
vn -0.0929615 -0.1720000 -0.9806682
f 64/64/64 65/65/65 66/66/66
v -3.6561527 -8.6406503 -2.6760744
vt 0.6731310 0.6964770
vn -0.2760452 -0.4017000 -0.8731711
v -4.0224171 -7.2562902 -3.3572443
vt 0.6886950 0.7509500
vn -0.2284040 -0.2749000 -0.9339296
v -3.0024882 -8.5038644 -2.7519033
vt 0.6108770 0.6964770
vn 0.3321174 -0.2184000 -0.9176144
f 67/67/67 68/68/68 69/69/69
v -3.6561527 -8.6406503 -2.6760744
vt 0.6731310 0.6964770
vn -0.2760452 -0.4017000 -0.8731711
v -3.0024882 -8.5038644 -2.7519033
vt 0.6108770 0.6964770
vn 0.3321174 -0.2184000 -0.9176144
v -2.6659135 -9.8900383 -2.6196181
vt 0.6108770 0.6342220
vn 0.0465992 -0.1092000 -0.9929368
f 70/70/70 71/71/71 72/72/72
v -5.5215200 -6.1193941 -2.5194739
vt 0.7820780 0.8132050
vn -0.1162831 0.0871000 -0.9893365
v -6.8193539 -5.2671133 -2.8437417
vt 0.8910240 0.8676780
vn 0.3871916 0.1520000 -0.9093663
v -5.4296599 -4.6418815 -2.1662590
vt 0.7509500 0.8754600
vn -0.0345662 0.3987000 -0.9163645
f 73/73/73 74/74/74 75/75/75
v -5.5215200 -6.1193941 -2.5194739
vt 0.7820780 0.8132050
vn -0.1162831 0.0871000 -0.9893365
v -4.1097206 -5.8592915 -3.5167139
vt 0.6886950 0.8132050
vn -0.2456001 0.1014000 -0.9640159
v -4.0224171 -7.2562902 -3.3572443
vt 0.6886950 0.7509500
vn -0.2284040 -0.2749000 -0.9339296
f 76/76/76 77/77/77 78/78/78
v -5.5215200 -6.1193941 -2.5194739
vt 0.7820780 0.8132050
vn -0.1162831 0.0871000 -0.9893365
v -5.4296599 -4.6418815 -2.1662590
vt 0.7509500 0.8754600
vn -0.0345662 0.3987000 -0.9163645
v -4.1097206 -5.8592915 -3.5167139
vt 0.6886950 0.8132050
vn -0.2456001 0.1014000 -0.9640159
f 79/79/79 80/80/80 81/81/81
v -4.0224171 -7.2562902 -3.3572443
vt 0.6886950 0.7509500
vn -0.2284040 -0.2749000 -0.9339296
v -2.8235918 -7.1979185 -3.2298002
vt 0.6108770 0.7431680
vn 0.4420677 -0.2680000 -0.8559720
v -3.0024882 -8.5038644 -2.7519033
vt 0.6108770 0.6964770
vn 0.3321174 -0.2184000 -0.9176144
f 82/82/82 83/83/83 84/84/84
v -4.0224171 -7.2562902 -3.3572443
vt 0.6886950 0.7509500
vn -0.2284040 -0.2749000 -0.9339296
v -4.1097206 -5.8592915 -3.5167139
vt 0.6886950 0.8132050
vn -0.2456001 0.1014000 -0.9640159
v -2.6858793 -6.4250219 -3.3273494
vt 0.6108770 0.7820780
vn 0.4788108 -0.0699000 -0.8751396
f 85/85/85 86/86/86 87/87/87
v -4.0224171 -7.2562902 -3.3572443
vt 0.6886950 0.7509500
vn -0.2284040 -0.2749000 -0.9339296
v -2.6858793 -6.4250219 -3.3273494
vt 0.6108770 0.7820780
vn 0.4788108 -0.0699000 -0.8751396
v -2.8235918 -7.1979185 -3.2298002
vt 0.6108770 0.7431680
vn 0.4420677 -0.2680000 -0.8559720
f 88/88/88 89/89/89 90/90/90
v -3.0024882 -8.5038644 -2.7519033
vt 0.6108770 0.6964770
vn 0.3321174 -0.2184000 -0.9176144
v -2.2304185 -8.5002201 -2.0814531
vt 0.5330580 0.6809130
vn 0.8270286 -0.0260000 -0.5616002
v -2.6659135 -9.8900383 -2.6196181
vt 0.6108770 0.6342220
vn 0.0465992 -0.1092000 -0.9929368
f 91/91/91 92/92/92 93/93/93
v -3.0024882 -8.5038644 -2.7519033
vt 0.6108770 0.6964770
vn 0.3321174 -0.2184000 -0.9176144
v -2.8235918 -7.1979185 -3.2298002
vt 0.6108770 0.7431680
vn 0.4420677 -0.2680000 -0.8559720
v -2.0877476 -7.6512928 -2.1354848
vt 0.5174940 0.7198230
vn 0.7768377 -0.2818000 -0.5630473
f 94/94/94 95/95/95 96/96/96
v -3.0024882 -8.5038644 -2.7519033
vt 0.6108770 0.6964770
vn 0.3321174 -0.2184000 -0.9176144
v -2.0877476 -7.6512928 -2.1354848
vt 0.5174940 0.7198230
vn 0.7768377 -0.2818000 -0.5630473
v -2.2304185 -8.5002201 -2.0814531
vt 0.5330580 0.6809130
vn 0.8270286 -0.0260000 -0.5616002
f 97/97/97 98/98/98 99/99/99
v -2.8235918 -7.1979185 -3.2298002
vt 0.6108770 0.7431680
vn 0.4420677 -0.2680000 -0.8559720
v -2.6858793 -6.4250219 -3.3273494
vt 0.6108770 0.7820780
vn 0.4788108 -0.0699000 -0.8751396
v -1.4782565 -6.7843698 -1.7653759
vt 0.4669120 0.7742960
vn 0.7928063 -0.1936000 -0.5778893
f 100/100/100 101/101/101 102/102/102
v -2.8235918 -7.1979185 -3.2298002
vt 0.6108770 0.7431680
vn 0.4420677 -0.2680000 -0.8559720
v -1.4782565 -6.7843698 -1.7653759
vt 0.4669120 0.7742960
vn 0.7928063 -0.1936000 -0.5778893
v -2.0877476 -7.6512928 -2.1354848
vt 0.5174940 0.7198230
vn 0.7768377 -0.2818000 -0.5630473
f 103/103/103 104/104/104 105/105/105
v -2.6659135 -9.8900383 -2.6196181
vt 0.6108770 0.6342220
vn 0.0465992 -0.1092000 -0.9929368
v -1.7803880 -11.2434878 -2.5566851
vt 0.6108770 0.5719670
vn 0.0009623 0.0621000 -0.9979979
v -3.0763152 -11.7344856 -1.6688053
vt 0.7042590 0.5719670
vn -0.0929615 -0.1720000 -0.9806682
f 106/106/106 107/107/107 108/108/108
v -2.6659135 -9.8900383 -2.6196181
vt 0.6108770 0.6342220
vn 0.0465992 -0.1092000 -0.9929368
v -2.2304185 -8.5002201 -2.0814531
vt 0.5330580 0.6809130
vn 0.8270286 -0.0260000 -0.5616002
v -1.8783439 -9.7585086 -1.9893468
vt 0.5330580 0.6264400
vn 0.6976592 0.3725000 -0.6118854
f 109/109/109 110/110/110 111/111/111
v -2.6659135 -9.8900383 -2.6196181
vt 0.6108770 0.6342220
vn 0.0465992 -0.1092000 -0.9929368
v -1.8783439 -9.7585086 -1.9893468
vt 0.5330580 0.6264400
vn 0.6976592 0.3725000 -0.6118854
v -1.7803880 -11.2434878 -2.5566851
vt 0.6108770 0.5719670
vn 0.0009623 0.0621000 -0.9979979
f 112/112/112 113/113/113 114/114/114
v -2.6858793 -6.4250219 -3.3273494
vt 0.6108770 0.7820780
vn 0.4788108 -0.0699000 -0.8751396
v -4.1097206 -5.8592915 -3.5167139
vt 0.6886950 0.8132050
vn -0.2456001 0.1014000 -0.9640159
v -2.6271593 -5.7437598 -3.2430417
vt 0.5953130 0.8054230
vn 0.5002270 0.1406000 -0.8543399
f 115/115/115 116/116/116 117/117/117
v -2.6858793 -6.4250219 -3.3273494
vt 0.6108770 0.7820780
vn 0.4788108 -0.0699000 -0.8751396
v -1.5501734 -6.2412481 -1.9340759
vt 0.4669120 0.7976410
vn 0.8094231 0.0173000 -0.5870225
v -1.4782565 -6.7843698 -1.7653759
vt 0.4669120 0.7742960
vn 0.7928063 -0.1936000 -0.5778893
f 118/118/118 119/119/119 120/120/120
v -2.6858793 -6.4250219 -3.3273494
vt 0.6108770 0.7820780
vn 0.4788108 -0.0699000 -0.8751396
v -2.6271593 -5.7437598 -3.2430417
vt 0.5953130 0.8054230
vn 0.5002270 0.1406000 -0.8543399
v -1.5501734 -6.2412481 -1.9340759
vt 0.4669120 0.7976410
vn 0.8094231 0.0173000 -0.5870225
f 121/121/121 122/122/122 123/123/123
v -3.0763152 -11.7344856 -1.6688053
vt 0.7042590 0.5719670
vn -0.0929615 -0.1720000 -0.9806682
v -3.8314173 -12.3808478 -1.9034714
vt 0.8443330 0.5641850
vn 0.4119722 -0.0095000 -0.9111618
v -4.6162009 -10.8345185 -2.2921698
vt 0.8754600 0.6342220
vn 0.5455429 0.1040000 -0.8315537
f 124/124/124 125/125/125 126/126/126
v -3.0763152 -11.7344856 -1.6688053
vt 0.7042590 0.5719670
vn -0.0929615 -0.1720000 -0.9806682
v -1.7803880 -11.2434878 -2.5566851
vt 0.6108770 0.5719670
vn 0.0009623 0.0621000 -0.9979979
v -2.6892581 -13.4439271 -1.4590057
vt 0.7198230 0.5174940
vn -0.2070063 -0.0661000 -0.9760312
f 127/127/127 128/128/128 129/129/129
v -3.0763152 -11.7344856 -1.6688053
vt 0.7042590 0.5719670
vn -0.0929615 -0.1720000 -0.9806682
v -2.6892581 -13.4439271 -1.4590057
vt 0.7198230 0.5174940
vn -0.2070063 -0.0661000 -0.9760312
v -3.8314173 -12.3808478 -1.9034714
vt 0.8443330 0.5641850
vn 0.4119722 -0.0095000 -0.9111618
f 130/130/130 131/131/131 132/132/132
v -3.8314173 -12.3808478 -1.9034714
vt 0.8443330 0.5641850
vn 0.4119722 -0.0095000 -0.9111618
v -4.8226921 -11.5303940 -2.9281581
vt 0.9377150 0.6186580
vn 0.8177059 0.2368000 -0.5245708
v -4.6162009 -10.8345185 -2.2921698
vt 0.8754600 0.6342220
vn 0.5455429 0.1040000 -0.8315537
f 133/133/133 134/134/134 135/135/135
v -4.6162009 -10.8345185 -2.2921698
vt 0.8754600 0.6342220
vn 0.5455429 0.1040000 -0.8315537
v -4.8226921 -11.5303940 -2.9281581
vt 0.9377150 0.6186580
vn 0.8177059 0.2368000 -0.5245708
v -4.9020381 -11.2234392 -2.9454821
vt 0.9377150 0.6342220
vn 0.8516504 0.1926000 -0.4873366
f 136/136/136 137/137/137 138/138/138
v -3.8314173 -12.3808478 -1.9034714
vt 0.8443330 0.5641850
vn 0.4119722 -0.0095000 -0.9111618
v -2.6892581 -13.4439271 -1.4590057
vt 0.7198230 0.5174940
vn -0.2070063 -0.0661000 -0.9760312
v -3.1600565 -13.7527322 -1.5536111
vt 0.7976410 0.5097120
vn 0.2492724 -0.0845000 -0.9647417
f 139/139/139 140/140/140 141/141/141
v -3.1600565 -13.7527322 -1.5536111
vt 0.7976410 0.5097120
vn 0.2492724 -0.0845000 -0.9647417
v -2.6892581 -13.4439271 -1.4590057
vt 0.7198230 0.5174940
vn -0.2070063 -0.0661000 -0.9760312
v -3.0133057 -15.4065720 -1.4099131
vt 0.7665140 0.4513480
vn 0.2363004 -0.0633000 -0.9695769
f 142/142/142 143/143/143 144/144/144
v -2.2304185 -8.5002201 -2.0814531
vt 0.5330580 0.6809130
vn 0.8270286 -0.0260000 -0.5616002
v -2.0877476 -7.6512928 -2.1354848
vt 0.5174940 0.7198230
vn 0.7768377 -0.2818000 -0.5630473
v -1.7984624 -7.8950464 -1.2937146
vt 0.4513480 0.7042590
vn 0.8218220 -0.4891000 -0.2920454
f 145/145/145 146/146/146 147/147/147
v -2.2304185 -8.5002201 -2.0814531
vt 0.5330580 0.6809130
vn 0.8270286 -0.0260000 -0.5616002
v -1.9180897 -8.6552396 -0.7755022
vt 0.4357850 0.6653500
vn 0.8922219 0.0283000 0.4506960
v -1.8783439 -9.7585086 -1.9893468
vt 0.5330580 0.6264400
vn 0.6976592 0.3725000 -0.6118854
f 148/148/148 149/149/149 150/150/150
v -2.2304185 -8.5002201 -2.0814531
vt 0.5330580 0.6809130
vn 0.8270286 -0.0260000 -0.5616002
v -1.7984624 -7.8950464 -1.2937146
vt 0.4513480 0.7042590
vn 0.8218220 -0.4891000 -0.2920454
v -1.9180897 -8.6552396 -0.7755022
vt 0.4357850 0.6653500
vn 0.8922219 0.0283000 0.4506960
f 151/151/151 152/152/152 153/153/153
v -4.1097206 -5.8592915 -3.5167139
vt 0.6886950 0.8132050
vn -0.2456001 0.1014000 -0.9640159
v -5.4296599 -4.6418815 -2.1662590
vt 0.7509500 0.8754600
vn -0.0345662 0.3987000 -0.9163645
v -3.9318058 -4.3653361 -3.0178439
vt 0.6420040 0.8754600
vn -0.1795323 0.5479000 -0.8170222
f 154/154/154 155/155/155 156/156/156
v -4.1097206 -5.8592915 -3.5167139
vt 0.6886950 0.8132050
vn -0.2456001 0.1014000 -0.9640159
v -2.8185172 -4.8218379 -3.0718591
vt 0.5953130 0.8443330
vn 0.3007912 0.3547000 -0.8852182
v -2.6271593 -5.7437598 -3.2430417
vt 0.5953130 0.8054230
vn 0.5002270 0.1406000 -0.8543399
f 157/157/157 158/158/158 159/159/159
v -4.1097206 -5.8592915 -3.5167139
vt 0.6886950 0.8132050
vn -0.2456001 0.1014000 -0.9640159
v -3.9318058 -4.3653361 -3.0178439
vt 0.6420040 0.8754600
vn -0.1795323 0.5479000 -0.8170222
v -2.8185172 -4.8218379 -3.0718591
vt 0.5953130 0.8443330
vn 0.3007912 0.3547000 -0.8852182
f 160/160/160 161/161/161 162/162/162
v -2.0877476 -7.6512928 -2.1354848
vt 0.5174940 0.7198230
vn 0.7768377 -0.2818000 -0.5630473
v -1.4782565 -6.7843698 -1.7653759
vt 0.4669120 0.7742960
vn 0.7928063 -0.1936000 -0.5778893
v -1.3508397 -7.1201930 -1.3716154
vt 0.4513480 0.7509500
vn 0.7846564 -0.3411000 -0.5175834
f 163/163/163 164/164/164 165/165/165
v -2.0877476 -7.6512928 -2.1354848
vt 0.5174940 0.7198230
vn 0.7768377 -0.2818000 -0.5630473
v -1.1185402 -7.4759134 -0.7996818
vt 0.4046570 0.7276050
vn 0.8657809 -0.3984000 -0.3025519
v -1.7984624 -7.8950464 -1.2937146
vt 0.4513480 0.7042590
vn 0.8218220 -0.4891000 -0.2920454
f 166/166/166 167/167/167 168/168/168
v -2.0877476 -7.6512928 -2.1354848
vt 0.5174940 0.7198230
vn 0.7768377 -0.2818000 -0.5630473
v -1.3508397 -7.1201930 -1.3716154
vt 0.4513480 0.7509500
vn 0.7846564 -0.3411000 -0.5175834
v -1.1185402 -7.4759134 -0.7996818
vt 0.4046570 0.7276050
vn 0.8657809 -0.3984000 -0.3025519
f 169/169/169 170/170/170 171/171/171
v -1.8783439 -9.7585086 -1.9893468
vt 0.5330580 0.6264400
vn 0.6976592 0.3725000 -0.6118854
v -0.4847731 -10.9908493 -1.7610520
vt 0.5174940 0.5641850
vn 0.6171617 0.5020000 -0.6058386
v -1.7803880 -11.2434878 -2.5566851
vt 0.6108770 0.5719670
vn 0.0009623 0.0621000 -0.9979979
f 172/172/172 173/173/173 174/174/174
v -1.8783439 -9.7585086 -1.9893468
vt 0.5330580 0.6264400
vn 0.6976592 0.3725000 -0.6118854
v -1.9180897 -8.6552396 -0.7755022
vt 0.4357850 0.6653500
vn 0.8922219 0.0283000 0.4506960
v -1.1213818 -9.7931321 -0.5461660
vt 0.4357850 0.6108770
vn 0.5767479 0.7589000 0.3023743
f 175/175/175 176/176/176 177/177/177
v -1.8783439 -9.7585086 -1.9893468
vt 0.5330580 0.6264400
vn 0.6976592 0.3725000 -0.6118854
v -1.1213818 -9.7931321 -0.5461660
vt 0.4357850 0.6108770
vn 0.5767479 0.7589000 0.3023743
v -0.4847731 -10.9908493 -1.7610520
vt 0.5174940 0.5641850
vn 0.6171617 0.5020000 -0.6058386
f 178/178/178 179/179/179 180/180/180
v -1.4782565 -6.7843698 -1.7653759
vt 0.4669120 0.7742960
vn 0.7928063 -0.1936000 -0.5778893
v -1.5501734 -6.2412481 -1.9340759
vt 0.4669120 0.7976410
vn 0.8094231 0.0173000 -0.5870225
v -0.3563482 -6.1807178 -0.1901113
vt 0.3112750 0.7976410
vn 0.7251782 0.1625000 -0.6690072
f 181/181/181 182/182/182 183/183/183
v -1.4782565 -6.7843698 -1.7653759
vt 0.4669120 0.7742960
vn 0.7928063 -0.1936000 -0.5778893
v -0.2963833 -6.7539916 -0.1059763
vt 0.3112750 0.7742960
vn 0.7137257 -0.3583000 -0.6018557
v -1.3508397 -7.1201930 -1.3716154
vt 0.4513480 0.7509500
vn 0.7846564 -0.3411000 -0.5175834
f 184/184/184 185/185/185 186/186/186
v -1.4782565 -6.7843698 -1.7653759
vt 0.4669120 0.7742960
vn 0.7928063 -0.1936000 -0.5778893
v -0.3563482 -6.1807178 -0.1901113
vt 0.3112750 0.7976410
vn 0.7251782 0.1625000 -0.6690072
v -0.2963833 -6.7539916 -0.1059763
vt 0.3112750 0.7742960
vn 0.7137257 -0.3583000 -0.6018557
f 187/187/187 188/188/188 189/189/189
v -1.3508397 -7.1201930 -1.3716154
vt 0.4513480 0.7509500
vn 0.7846564 -0.3411000 -0.5175834
v -1.0580238 -7.3135103 -0.6045711
vt 0.3890930 0.7431680
vn 0.8577411 -0.4183000 -0.2987980
v -1.1185402 -7.4759134 -0.7996818
vt 0.4046570 0.7276050
vn 0.8657809 -0.3984000 -0.3025519
f 190/190/190 191/191/191 192/192/192
v -1.3508397 -7.1201930 -1.3716154
vt 0.4513480 0.7509500
vn 0.7846564 -0.3411000 -0.5175834
v -0.2963833 -6.7539916 -0.1059763
vt 0.3112750 0.7742960
vn 0.7137257 -0.3583000 -0.6018557
v -1.0580238 -7.3135103 -0.6045711
vt 0.3890930 0.7431680
vn 0.8577411 -0.4183000 -0.2987980
f 193/193/193 194/194/194 195/195/195
v -1.7984624 -7.8950464 -1.2937146
vt 0.4513480 0.7042590
vn 0.8218220 -0.4891000 -0.2920454
v -1.8288361 -8.0608414 -0.6189248
vt 0.4046570 0.6964770
vn 0.7006998 -0.6581000 0.2755449
v -1.9180897 -8.6552396 -0.7755022
vt 0.4357850 0.6653500
vn 0.8922219 0.0283000 0.4506960
f 196/196/196 197/197/197 198/198/198
v -1.7984624 -7.8950464 -1.2937146
vt 0.4513480 0.7042590
vn 0.8218220 -0.4891000 -0.2920454
v -1.1185402 -7.4759134 -0.7996818
vt 0.4046570 0.7276050
vn 0.8657809 -0.3984000 -0.3025519
v -1.1567953 -7.6582761 -0.1572437
vt 0.3424020 0.7276050
vn 0.6286735 -0.7444000 0.2248562
f 199/199/199 200/200/200 201/201/201
v -1.7984624 -7.8950464 -1.2937146
vt 0.4513480 0.7042590
vn 0.8218220 -0.4891000 -0.2920454
v -1.1567953 -7.6582761 -0.1572437
vt 0.3424020 0.7276050
vn 0.6286735 -0.7444000 0.2248562
v -1.8288361 -8.0608414 -0.6189248
vt 0.4046570 0.6964770
vn 0.7006998 -0.6581000 0.2755449
f 202/202/202 203/203/203 204/204/204
v -1.8288361 -8.0608414 -0.6189248
vt 0.4046570 0.6964770
vn 0.7006998 -0.6581000 0.2755449
v -2.3848958 -8.0530816 -0.1965605
vt 0.4513480 0.7042590
vn 0.2750242 -0.6711000 0.6884308
v -1.9180897 -8.6552396 -0.7755022
vt 0.4357850 0.6653500
vn 0.8922219 0.0283000 0.4506960
f 205/205/205 206/206/206 207/207/207
v -1.8288361 -8.0608414 -0.6189248
vt 0.4046570 0.6964770
vn 0.7006998 -0.6581000 0.2755449
v -1.1567953 -7.6582761 -0.1572437
vt 0.3424020 0.7276050
vn 0.6286735 -0.7444000 0.2248562
v -2.3848958 -8.0530816 -0.1965605
vt 0.4513480 0.7042590
vn 0.2750242 -0.6711000 0.6884308
f 208/208/208 209/209/209 210/210/210
v -1.1185402 -7.4759134 -0.7996818
vt 0.4046570 0.7276050
vn 0.8657809 -0.3984000 -0.3025519
v -1.0580238 -7.3135103 -0.6045711
vt 0.3890930 0.7431680
vn 0.8577411 -0.4183000 -0.2987980
v -1.0146876 -7.4299339 -0.0434624
vt 0.3424020 0.7431680
vn 0.5472201 -0.8206000 0.1648063
f 211/211/211 212/212/212 213/213/213
v -1.1185402 -7.4759134 -0.7996818
vt 0.4046570 0.7276050
vn 0.8657809 -0.3984000 -0.3025519
v -1.0146876 -7.4299339 -0.0434624
vt 0.3424020 0.7431680
vn 0.5472201 -0.8206000 0.1648063
v -1.1567953 -7.6582761 -0.1572437
vt 0.3424020 0.7276050
vn 0.6286735 -0.7444000 0.2248562
f 214/214/214 215/215/215 216/216/216
v -1.1567953 -7.6582761 -0.1572437
vt 0.3424020 0.7276050
vn 0.6286735 -0.7444000 0.2248562
v -1.6875903 -7.6446219 0.2495910
vt 0.4046570 0.7276050
vn 0.2748710 -0.5849000 0.7630581
v -2.3848958 -8.0530816 -0.1965605
vt 0.4513480 0.7042590
vn 0.2750242 -0.6711000 0.6884308
f 217/217/217 218/218/218 219/219/219
v -1.1567953 -7.6582761 -0.1572437
vt 0.3424020 0.7276050
vn 0.6286735 -0.7444000 0.2248562
v -1.0146876 -7.4299339 -0.0434624
vt 0.3424020 0.7431680
vn 0.5472201 -0.8206000 0.1648063
v -1.6875903 -7.6446219 0.2495910
vt 0.4046570 0.7276050
vn 0.2748710 -0.5849000 0.7630581
f 220/220/220 221/221/221 222/222/222
v -1.0580238 -7.3135103 -0.6045711
vt 0.3890930 0.7431680
vn 0.8577411 -0.4183000 -0.2987980
v -0.2963833 -6.7539916 -0.1059763
vt 0.3112750 0.7742960
vn 0.7137257 -0.3583000 -0.6018557
v -0.2983875 -7.1057624 0.3971305
vt 0.2801470 0.7665140
vn 0.3420702 -0.9390000 0.0344972
f 223/223/223 224/224/224 225/225/225
v -1.0580238 -7.3135103 -0.6045711
vt 0.3890930 0.7431680
vn 0.8577411 -0.4183000 -0.2987980
v -0.2983875 -7.1057624 0.3971305
vt 0.2801470 0.7665140
vn 0.3420702 -0.9390000 0.0344972
v -1.0146876 -7.4299339 -0.0434624
vt 0.3424020 0.7431680
vn 0.5472201 -0.8206000 0.1648063
f 226/226/226 227/227/227 228/228/228
v -1.0146876 -7.4299339 -0.0434624
vt 0.3424020 0.7431680
vn 0.5472201 -0.8206000 0.1648063
v -1.5151716 -7.4490426 0.2383661
vt 0.3890930 0.7431680
vn 0.2852601 -0.5880000 0.7568688
v -1.6875903 -7.6446219 0.2495910
vt 0.4046570 0.7276050
vn 0.2748710 -0.5849000 0.7630581
f 229/229/229 230/230/230 231/231/231
v -1.0146876 -7.4299339 -0.0434624
vt 0.3424020 0.7431680
vn 0.5472201 -0.8206000 0.1648063
v -0.2983875 -7.1057624 0.3971305
vt 0.2801470 0.7665140
vn 0.3420702 -0.9390000 0.0344972
v -1.5151716 -7.4490426 0.2383661
vt 0.3890930 0.7431680
vn 0.2852601 -0.5880000 0.7568688
f 232/232/232 233/233/233 234/234/234
v -1.7803880 -11.2434878 -2.5566851
vt 0.6108770 0.5719670
vn 0.0009623 0.0621000 -0.9979979
v -0.6522473 -12.9431454 -2.8899730
vt 0.6108770 0.5174940
vn 0.0765545 0.2602000 -0.9625281
v -2.6892581 -13.4439271 -1.4590057
vt 0.7198230 0.5174940
vn -0.2070063 -0.0661000 -0.9760312
f 235/235/235 236/236/236 237/237/237
v -2.6892581 -13.4439271 -1.4590057
vt 0.7198230 0.5174940
vn -0.2070063 -0.0661000 -0.9760312
v -0.6522473 -12.9431454 -2.8899730
vt 0.6108770 0.5174940
vn 0.0765545 0.2602000 -0.9625281
v -3.0241248 -15.3826531 -1.4149814
vt 0.7665140 0.4513480
vn -0.6132500 0.1419000 -0.7770767
f 238/238/238 239/239/239 240/240/240
v -1.7803880 -11.2434878 -2.5566851
vt 0.6108770 0.5719670
vn 0.0009623 0.0621000 -0.9979979
v -0.4847731 -10.9908493 -1.7610520
vt 0.5174940 0.5641850
vn 0.6171617 0.5020000 -0.6058386
v 0.9794750 -12.7419625 -1.5221677
vt 0.4824760 0.5097120
vn 0.8200789 0.3302000 -0.4671919
f 241/241/241 242/242/242 243/243/243
v -1.7803880 -11.2434878 -2.5566851
vt 0.6108770 0.5719670
vn 0.0009623 0.0621000 -0.9979979
v 0.9794750 -12.7419625 -1.5221677
vt 0.4824760 0.5097120
vn 0.8200789 0.3302000 -0.4671919
v -0.6522473 -12.9431454 -2.8899730
vt 0.6108770 0.5174940
vn 0.0765545 0.2602000 -0.9625281
f 244/244/244 245/245/245 246/246/246
v -0.6522473 -12.9431454 -2.8899730
vt 0.6108770 0.5174940
vn 0.0765545 0.2602000 -0.9625281
v -0.4045669 -15.3207285 -3.5210429
vt 0.6108770 0.4513480
vn 0.0951973 0.1485000 -0.9842880
v -3.0241248 -15.3826531 -1.4149814
vt 0.7665140 0.4513480
vn -0.6132500 0.1419000 -0.7770767
f 247/247/247 248/248/248 249/249/249
v -0.6522473 -12.9431454 -2.8899730
vt 0.6108770 0.5174940
vn 0.0765545 0.2602000 -0.9625281
v 0.9794750 -12.7419625 -1.5221677
vt 0.4824760 0.5097120
vn 0.8200789 0.3302000 -0.4671919
v -0.4045669 -15.3207285 -3.5210429
vt 0.6108770 0.4513480
vn 0.0951973 0.1485000 -0.9842880
f 250/250/250 251/251/251 252/252/252
v -3.0241248 -15.3826531 -1.4149814
vt 0.7665140 0.4513480
vn -0.6132500 0.1419000 -0.7770767
v -0.4045669 -15.3207285 -3.5210429
vt 0.6108770 0.4513480
vn 0.0951973 0.1485000 -0.9842880
v -3.1775972 -17.1623362 -1.6833965
vt 0.7820780 0.4124390
vn -0.6371411 0.0169000 -0.7705632
f 253/253/253 254/254/254 255/255/255
v -0.4847731 -10.9908493 -1.7610520
vt 0.5174940 0.5641850
vn 0.6171617 0.5020000 -0.6058386
v -1.1213818 -9.7931321 -0.5461660
vt 0.4357850 0.6108770
vn 0.5767479 0.7589000 0.3023743
v 0.4159503 -11.0625963 0.1313651
vt 0.4046570 0.5564030
vn 0.6568868 0.6875000 0.3094008
f 256/256/256 257/257/257 258/258/258
v -0.4847731 -10.9908493 -1.7610520
vt 0.5174940 0.5641850
vn 0.6171617 0.5020000 -0.6058386
v 0.4159503 -11.0625963 0.1313651
vt 0.4046570 0.5564030
vn 0.6568868 0.6875000 0.3094008
v 0.9794750 -12.7419625 -1.5221677
vt 0.4824760 0.5097120
vn 0.8200789 0.3302000 -0.4671919
f 259/259/259 260/260/260 261/261/261
v -1.5501734 -6.2412481 -1.9340759
vt 0.4669120 0.7976410
vn 0.8094231 0.0173000 -0.5870225
v -2.6271593 -5.7437598 -3.2430417
vt 0.5953130 0.8054230
vn 0.5002270 0.1406000 -0.8543399
v -1.6323093 -5.6749600 -1.9462687
vt 0.4513480 0.8132050
vn 0.8246974 0.1713000 -0.5388543
f 262/262/262 263/263/263 264/264/264
v -2.6271593 -5.7437598 -3.2430417
vt 0.5953130 0.8054230
vn 0.5002270 0.1406000 -0.8543399
v -2.5376558 -5.1704283 -2.9158843
vt 0.5641850 0.8287690
vn 0.7310768 0.1686000 -0.6610708
v -1.6323093 -5.6749600 -1.9462687
vt 0.4513480 0.8132050
vn 0.8246974 0.1713000 -0.5388543
f 265/265/265 266/266/266 267/267/267
v -2.5376558 -5.1704283 -2.9158843
vt 0.5641850 0.8287690
vn 0.7310768 0.1686000 -0.6610708
v -2.8185172 -4.8218379 -3.0718591
vt 0.5953130 0.8443330
vn 0.3007912 0.3547000 -0.8852182
v -2.3464344 -4.2663433 -2.5500427
vt 0.5330580 0.8754600
vn 0.5606526 0.4634000 -0.6862547
f 268/268/268 269/269/269 270/270/270
v -2.5376558 -5.1704283 -2.9158843
vt 0.5641850 0.8287690
vn 0.7310768 0.1686000 -0.6610708
v -2.3464344 -4.2663433 -2.5500427
vt 0.5330580 0.8754600
vn 0.5606526 0.4634000 -0.6862547
v -1.6323093 -5.6749600 -1.9462687
vt 0.4513480 0.8132050
vn 0.8246974 0.1713000 -0.5388543
f 271/271/271 272/272/272 273/273/273
v -2.8185172 -4.8218379 -3.0718591
vt 0.5953130 0.8443330
vn 0.3007912 0.3547000 -0.8852182
v -3.9318058 -4.3653361 -3.0178439
vt 0.6420040 0.8754600
vn -0.1795323 0.5479000 -0.8170222
v -2.3464344 -4.2663433 -2.5500427
vt 0.5330580 0.8754600
vn 0.5606526 0.4634000 -0.6862547
f 274/274/274 275/275/275 276/276/276
v -1.5501734 -6.2412481 -1.9340759
vt 0.4669120 0.7976410
vn 0.8094231 0.0173000 -0.5870225
v -0.3764911 -5.6548153 0.0828059
vt 0.3112750 0.8209870
vn 0.6446460 0.5462000 -0.5348744
v -0.3563482 -6.1807178 -0.1901113
vt 0.3112750 0.7976410
vn 0.7251782 0.1625000 -0.6690072
f 277/277/277 278/278/278 279/279/279
v -1.5501734 -6.2412481 -1.9340759
vt 0.4669120 0.7976410
vn 0.8094231 0.0173000 -0.5870225
v -1.6323093 -5.6749600 -1.9462687
vt 0.4513480 0.8132050
vn 0.8246974 0.1713000 -0.5388543
v -0.3764911 -5.6548153 0.0828059
vt 0.3112750 0.8209870
vn 0.6446460 0.5462000 -0.5348744
f 280/280/280 281/281/281 282/282/282
v -0.3563482 -6.1807178 -0.1901113
vt 0.3112750 0.7976410
vn 0.7251782 0.1625000 -0.6690072
v 1.3496870 -5.9098697 1.1421028
vt 0.1245100 0.8132050
vn 0.7500355 0.3273000 -0.5746627
v -0.2963833 -6.7539916 -0.1059763
vt 0.3112750 0.7742960
vn 0.7137257 -0.3583000 -0.6018557
f 283/283/283 284/284/284 285/285/285
v -0.3563482 -6.1807178 -0.1901113
vt 0.3112750 0.7976410
vn 0.7251782 0.1625000 -0.6690072
v -0.3764911 -5.6548153 0.0828059
vt 0.3112750 0.8209870
vn 0.6446460 0.5462000 -0.5348744
v 1.3496870 -5.9098697 1.1421028
vt 0.1245100 0.8132050
vn 0.7500355 0.3273000 -0.5746627
f 286/286/286 287/287/287 288/288/288
v -0.2963833 -6.7539916 -0.1059763
vt 0.3112750 0.7742960
vn 0.7137257 -0.3583000 -0.6018557
v 1.3436380 -6.7383350 1.3467249
vt 0.1245100 0.7742960
vn 0.6405701 -0.7327000 0.2296313
v -0.2983875 -7.1057624 0.3971305
vt 0.2801470 0.7665140
vn 0.3420702 -0.9390000 0.0344972
f 289/289/289 290/290/290 291/291/291
v -0.2963833 -6.7539916 -0.1059763
vt 0.3112750 0.7742960
vn 0.7137257 -0.3583000 -0.6018557
v 1.3496870 -5.9098697 1.1421028
vt 0.1245100 0.8132050
vn 0.7500355 0.3273000 -0.5746627
v 1.3436380 -6.7383350 1.3467249
vt 0.1245100 0.7742960
vn 0.6405701 -0.7327000 0.2296313
f 292/292/292 293/293/293 294/294/294
v -0.2983875 -7.1057624 0.3971305
vt 0.2801470 0.7665140
vn 0.3420702 -0.9390000 0.0344972
v -0.7571684 -6.8906032 0.7436690
vt 0.3112750 0.7742960
vn -0.0515286 -0.5852000 0.8092428
v -1.5151716 -7.4490426 0.2383661
vt 0.3890930 0.7431680
vn 0.2852601 -0.5880000 0.7568688
f 295/295/295 296/296/296 297/297/297
v -0.2983875 -7.1057624 0.3971305
vt 0.2801470 0.7665140
vn 0.3420702 -0.9390000 0.0344972
v 1.3436380 -6.7383350 1.3467249
vt 0.1245100 0.7742960
vn 0.6405701 -0.7327000 0.2296313
v -0.7571684 -6.8906032 0.7436690
vt 0.3112750 0.7742960
vn -0.0515286 -0.5852000 0.8092428
f 298/298/298 299/299/299 300/300/300
v -1.5151716 -7.4490426 0.2383661
vt 0.3890930 0.7431680
vn 0.2852601 -0.5880000 0.7568688
v -2.3333380 -7.4114791 0.4400145
vt 0.4513480 0.7509500
vn 0.0444508 -0.5735000 0.8180287
v -1.6875903 -7.6446219 0.2495910
vt 0.4046570 0.7276050
vn 0.2748710 -0.5849000 0.7630581
f 301/301/301 302/302/302 303/303/303
v -1.5151716 -7.4490426 0.2383661
vt 0.3890930 0.7431680
vn 0.2852601 -0.5880000 0.7568688
v -0.7571684 -6.8906032 0.7436690
vt 0.3112750 0.7742960
vn -0.0515286 -0.5852000 0.8092428
v -2.3333380 -7.4114791 0.4400145
vt 0.4513480 0.7509500
vn 0.0444508 -0.5735000 0.8180287
f 304/304/304 305/305/305 306/306/306
v -1.6875903 -7.6446219 0.2495910
vt 0.4046570 0.7276050
vn 0.2748710 -0.5849000 0.7630581
v -3.2683514 -7.9694497 0.0732996
vt 0.5174940 0.7198230
vn 0.0064546 -0.5289000 0.8486386
v -2.3848958 -8.0530816 -0.1965605
vt 0.4513480 0.7042590
vn 0.2750242 -0.6711000 0.6884308
f 307/307/307 308/308/308 309/309/309
v -1.6875903 -7.6446219 0.2495910
vt 0.4046570 0.7276050
vn 0.2748710 -0.5849000 0.7630581
v -2.3333380 -7.4114791 0.4400145
vt 0.4513480 0.7509500
vn 0.0444508 -0.5735000 0.8180287
v -3.2683514 -7.9694497 0.0732996
vt 0.5174940 0.7198230
vn 0.0064546 -0.5289000 0.8486386
f 310/310/310 311/311/311 312/312/312
v -2.3333380 -7.4114791 0.4400145
vt 0.4513480 0.7509500
vn 0.0444508 -0.5735000 0.8180287
v -0.7571684 -6.8906032 0.7436690
vt 0.3112750 0.7742960
vn -0.0515286 -0.5852000 0.8092428
v -2.7719064 -7.1679034 0.6199851
vt 0.4669120 0.7742960
vn -0.0155822 -0.4454000 0.8951867
f 313/313/313 314/314/314 315/315/315
v -2.3333380 -7.4114791 0.4400145
vt 0.4513480 0.7509500
vn 0.0444508 -0.5735000 0.8180287
v -2.7719064 -7.1679034 0.6199851
vt 0.4669120 0.7742960
vn -0.0155822 -0.4454000 0.8951867
v -3.2683514 -7.9694497 0.0732996
vt 0.5174940 0.7198230
vn 0.0064546 -0.5289000 0.8486386
f 316/316/316 317/317/317 318/318/318
v -0.4045669 -15.3207285 -3.5210429
vt 0.6108770 0.4513480
vn 0.0951973 0.1485000 -0.9842880
v 1.1986804 -15.3265219 -1.7507944
vt 0.4357850 0.4357850
vn 0.8988529 0.0092000 -0.4380723
v -0.4992866 -18.2005110 -3.7357883
vt 0.5953130 0.3735300
vn 0.1116653 -0.1257000 -0.9857669
f 319/319/319 320/320/320 321/321/321
v -0.4045669 -15.3207285 -3.5210429
vt 0.6108770 0.4513480
vn 0.0951973 0.1485000 -0.9842880
v -0.4992866 -18.2005110 -3.7357883
vt 0.5953130 0.3735300
vn 0.1116653 -0.1257000 -0.9857669
v -3.1775972 -17.1623362 -1.6833965
vt 0.7820780 0.4124390
vn -0.6371411 0.0169000 -0.7705632
f 322/322/322 323/323/323 324/324/324
v -0.4045669 -15.3207285 -3.5210429
vt 0.6108770 0.4513480
vn 0.0951973 0.1485000 -0.9842880
v 0.9794750 -12.7419625 -1.5221677
vt 0.4824760 0.5097120
vn 0.8200789 0.3302000 -0.4671919
v 1.1986804 -15.3265219 -1.7507944
vt 0.4357850 0.4357850
vn 0.8988529 0.0092000 -0.4380723
f 325/325/325 326/326/326 327/327/327
v 0.9794750 -12.7419625 -1.5221677
vt 0.4824760 0.5097120
vn 0.8200789 0.3302000 -0.4671919
v 0.4159503 -11.0625963 0.1313651
vt 0.4046570 0.5564030
vn 0.6568868 0.6875000 0.3094008
v 1.4809364 -13.1152651 0.6862625
vt 0.3424020 0.4824760
vn 0.8691050 0.2927000 0.3987604
f 328/328/328 329/329/329 330/330/330
v 0.9794750 -12.7419625 -1.5221677
vt 0.4824760 0.5097120
vn 0.8200789 0.3302000 -0.4671919
v 1.4809364 -13.1152651 0.6862625
vt 0.3424020 0.4824760
vn 0.8691050 0.2927000 0.3987604
v 1.1986804 -15.3265219 -1.7507944
vt 0.4357850 0.4357850
vn 0.8988529 0.0092000 -0.4380723
f 331/331/331 332/332/332 333/333/333
v 1.3496870 -5.9098697 1.1421028
vt 0.1245100 0.8132050
vn 0.7500355 0.3273000 -0.5746627
v -0.3764911 -5.6548153 0.0828059
vt 0.3112750 0.8209870
vn 0.6446460 0.5462000 -0.5348744
v 1.2611697 -5.6666906 1.4743026
vt 0.1245100 0.8365510
vn 0.3426459 0.8806000 0.3273815
f 334/334/334 335/335/335 336/336/336
v 1.3496870 -5.9098697 1.1421028
vt 0.1245100 0.8132050
vn 0.7500355 0.3273000 -0.5746627
v 1.5073732 -5.9415532 1.5636327
vt 0.0778190 0.8132050
vn 0.8502957 0.1882000 0.4913899
v 1.3436380 -6.7383350 1.3467249
vt 0.1245100 0.7742960
vn 0.6405701 -0.7327000 0.2296313
f 337/337/337 338/338/338 339/339/339
v 1.3496870 -5.9098697 1.1421028
vt 0.1245100 0.8132050
vn 0.7500355 0.3273000 -0.5746627
v 1.2611697 -5.6666906 1.4743026
vt 0.1245100 0.8365510
vn 0.3426459 0.8806000 0.3273815
v 1.5073732 -5.9415532 1.5636327
vt 0.0778190 0.8132050
vn 0.8502957 0.1882000 0.4913899
f 340/340/340 341/341/341 342/342/342
v 1.5073732 -5.9415532 1.5636327
vt 0.0778190 0.8132050
vn 0.8502957 0.1882000 0.4913899
v 1.0693901 -5.9929727 1.6589433
vt 0.1245100 0.8132050
vn -0.0996353 0.0754000 0.9921489
v 1.3436380 -6.7383350 1.3467249
vt 0.1245100 0.7742960
vn 0.6405701 -0.7327000 0.2296313
f 343/343/343 344/344/344 345/345/345
v 1.3436380 -6.7383350 1.3467249
vt 0.1245100 0.7742960
vn 0.6405701 -0.7327000 0.2296313
v 1.0693901 -5.9929727 1.6589433
vt 0.1245100 0.8132050
vn -0.0996353 0.0754000 0.9921489
v -0.7571684 -6.8906032 0.7436690
vt 0.3112750 0.7742960
vn -0.0515286 -0.5852000 0.8092428
f 346/346/346 347/347/347 348/348/348
v 1.5073732 -5.9415532 1.5636327
vt 0.0778190 0.8132050
vn 0.8502957 0.1882000 0.4913899
v 1.2611697 -5.6666906 1.4743026
vt 0.1245100 0.8365510
vn 0.3426459 0.8806000 0.3273815
v 1.0693901 -5.9929727 1.6589433
vt 0.1245100 0.8132050
vn -0.0996353 0.0754000 0.9921489
f 349/349/349 350/350/350 351/351/351
v -0.7571684 -6.8906032 0.7436690
vt 0.3112750 0.7742960
vn -0.0515286 -0.5852000 0.8092428
v -0.9352890 -6.3523567 0.8773973
vt 0.3112750 0.7976410
vn -0.1692156 -0.1026000 0.9802259
v -2.7719064 -7.1679034 0.6199851
vt 0.4669120 0.7742960
vn -0.0155822 -0.4454000 0.8951867
f 352/352/352 353/353/353 354/354/354
v -0.7571684 -6.8906032 0.7436690
vt 0.3112750 0.7742960
vn -0.0515286 -0.5852000 0.8092428
v 1.0693901 -5.9929727 1.6589433
vt 0.1245100 0.8132050
vn -0.0996353 0.0754000 0.9921489
v -0.9352890 -6.3523567 0.8773973
vt 0.3112750 0.7976410
vn -0.1692156 -0.1026000 0.9802259
f 355/355/355 356/356/356 357/357/357
v 1.0693901 -5.9929727 1.6589433
vt 0.1245100 0.8132050
vn -0.0996353 0.0754000 0.9921489
v 1.2611697 -5.6666906 1.4743026
vt 0.1245100 0.8365510
vn 0.3426459 0.8806000 0.3273815
v -0.7916769 -5.7779193 0.8483659
vt 0.3112750 0.8209870
vn -0.1543001 0.3093000 0.9383015
f 358/358/358 359/359/359 360/360/360
v 1.0693901 -5.9929727 1.6589433
vt 0.1245100 0.8132050
vn -0.0996353 0.0754000 0.9921489
v -0.7916769 -5.7779193 0.8483659
vt 0.3112750 0.8209870
vn -0.1543001 0.3093000 0.9383015
v -0.9352890 -6.3523567 0.8773973
vt 0.3112750 0.7976410
vn -0.1692156 -0.1026000 0.9802259
f 361/361/361 362/362/362 363/363/363
v -0.9352890 -6.3523567 0.8773973
vt 0.3112750 0.7976410
vn -0.1692156 -0.1026000 0.9802259
v -3.0221604 -6.6776436 0.7801198
vt 0.4669120 0.7976410
vn -0.0359487 -0.2333000 0.9717531
v -2.7719064 -7.1679034 0.6199851
vt 0.4669120 0.7742960
vn -0.0155822 -0.4454000 0.8951867
f 364/364/364 365/365/365 366/366/366
v -0.9352890 -6.3523567 0.8773973
vt 0.3112750 0.7976410
vn -0.1692156 -0.1026000 0.9802259
v -0.7916769 -5.7779193 0.8483659
vt 0.3112750 0.8209870
vn -0.1543001 0.3093000 0.9383015
v -3.0221604 -6.6776436 0.7801198
vt 0.4669120 0.7976410
vn -0.0359487 -0.2333000 0.9717531
f 367/367/367 368/368/368 369/369/369
v 1.2611697 -5.6666906 1.4743026
vt 0.1245100 0.8365510
vn 0.3426459 0.8806000 0.3273815
v -0.3764911 -5.6548153 0.0828059
vt 0.3112750 0.8209870
vn 0.6446460 0.5462000 -0.5348744
v -0.3647591 -5.3582214 0.6421171
vt 0.2334560 0.8443330
vn 0.2468069 0.9268000 0.2828014
f 370/370/370 371/371/371 372/372/372
v 1.2611697 -5.6666906 1.4743026
vt 0.1245100 0.8365510
vn 0.3426459 0.8806000 0.3273815
v -0.3647591 -5.3582214 0.6421171
vt 0.2334560 0.8443330
vn 0.2468069 0.9268000 0.2828014
v -0.7916769 -5.7779193 0.8483659
vt 0.3112750 0.8209870
vn -0.1543001 0.3093000 0.9383015
f 373/373/373 374/374/374 375/375/375
v -0.3764911 -5.6548153 0.0828059
vt 0.3112750 0.8209870
vn 0.6446460 0.5462000 -0.5348744
v -1.6323093 -5.6749600 -1.9462687
vt 0.4513480 0.8132050
vn 0.8246974 0.1713000 -0.5388543
v -0.7329393 -5.3852413 -0.1702805
vt 0.3112750 0.8287690
vn 0.7320094 0.5743000 -0.3665857
f 376/376/376 377/377/377 378/378/378
v -0.3764911 -5.6548153 0.0828059
vt 0.3112750 0.8209870
vn 0.6446460 0.5462000 -0.5348744
v -0.7329393 -5.3852413 -0.1702805
vt 0.3112750 0.8287690
vn 0.7320094 0.5743000 -0.3665857
v -0.3647591 -5.3582214 0.6421171
vt 0.2334560 0.8443330
vn 0.2468069 0.9268000 0.2828014
f 379/379/379 380/380/380 381/381/381
v 1.1986804 -15.3265219 -1.7507944
vt 0.4357850 0.4357850
vn 0.8988529 0.0092000 -0.4380723
v 0.7941286 -17.6775173 -1.8664853
vt 0.4202210 0.3657480
vn 0.9227435 -0.1257000 -0.3643704
v -0.4992866 -18.2005110 -3.7357883
vt 0.5953130 0.3735300
vn 0.1116653 -0.1257000 -0.9857669
f 382/382/382 383/383/383 384/384/384
v 1.1986804 -15.3265219 -1.7507944
vt 0.4357850 0.4357850
vn 0.8988529 0.0092000 -0.4380723
v 1.4809364 -13.1152651 0.6862625
vt 0.3424020 0.4824760
vn 0.8691050 0.2927000 0.3987604
v 1.7451079 -15.5317921 0.8023710
vt 0.3268380 0.3968750
vn 0.9124018 -0.1002000 0.3967721
f 385/385/385 386/386/386 387/387/387
v 1.1986804 -15.3265219 -1.7507944
vt 0.4357850 0.4357850
vn 0.8988529 0.0092000 -0.4380723
v 1.7451079 -15.5317921 0.8023710
vt 0.3268380 0.3968750
vn 0.9124018 -0.1002000 0.3967721
v 0.7941286 -17.6775173 -1.8664853
vt 0.4202210 0.3657480
vn 0.9227435 -0.1257000 -0.3643704
f 388/388/388 389/389/389 390/390/390
v -2.7719064 -7.1679034 0.6199851
vt 0.4669120 0.7742960
vn -0.0155822 -0.4454000 0.8951867
v -4.6371003 -7.6866398 0.1631061
vt 0.6108770 0.7431680
vn -0.4028727 -0.5498000 0.7316925
v -3.2683514 -7.9694497 0.0732996
vt 0.5174940 0.7198230
vn 0.0064546 -0.5289000 0.8486386
f 391/391/391 392/392/392 393/393/393
v -2.7719064 -7.1679034 0.6199851
vt 0.4669120 0.7742960
vn -0.0155822 -0.4454000 0.8951867
v -3.0221604 -6.6776436 0.7801198
vt 0.4669120 0.7976410
vn -0.0359487 -0.2333000 0.9717531
v -4.7723369 -7.0436070 0.5199005
vt 0.6108770 0.7820780
vn -0.4425316 -0.3645000 0.8193442
f 394/394/394 395/395/395 396/396/396
v -2.7719064 -7.1679034 0.6199851
vt 0.4669120 0.7742960
vn -0.0155822 -0.4454000 0.8951867
v -4.7723369 -7.0436070 0.5199005
vt 0.6108770 0.7820780
vn -0.4425316 -0.3645000 0.8193442
v -4.6371003 -7.6866398 0.1631061
vt 0.6108770 0.7431680
vn -0.4028727 -0.5498000 0.7316925
f 397/397/397 398/398/398 399/399/399
v -0.7916769 -5.7779193 0.8483659
vt 0.3112750 0.8209870
vn -0.1543001 0.3093000 0.9383015
v -3.1525334 -6.1256443 0.8568669
vt 0.4513480 0.8132050
vn -0.0082362 -0.0757000 0.9970335
v -3.0221604 -6.6776436 0.7801198
vt 0.4669120 0.7976410
vn -0.0359487 -0.2333000 0.9717531
f 400/400/400 401/401/401 402/402/402
v -3.0221604 -6.6776436 0.7801198
vt 0.4669120 0.7976410
vn -0.0359487 -0.2333000 0.9717531
v -4.7605189 -6.3762515 0.6906834
vt 0.5953130 0.8054230
vn -0.4433639 -0.1391000 0.8854898
v -4.7723369 -7.0436070 0.5199005
vt 0.6108770 0.7820780
vn -0.4425316 -0.3645000 0.8193442
f 403/403/403 404/404/404 405/405/405
v -3.0221604 -6.6776436 0.7801198
vt 0.4669120 0.7976410
vn -0.0359487 -0.2333000 0.9717531
v -3.1525334 -6.1256443 0.8568669
vt 0.4513480 0.8132050
vn -0.0082362 -0.0757000 0.9970335
v -4.7605189 -6.3762515 0.6906834
vt 0.5953130 0.8054230
vn -0.4433639 -0.1391000 0.8854898
f 406/406/406 407/407/407 408/408/408
v -0.7916769 -5.7779193 0.8483659
vt 0.3112750 0.8209870
vn -0.1543001 0.3093000 0.9383015
v -0.3647591 -5.3582214 0.6421171
vt 0.2334560 0.8443330
vn 0.2468069 0.9268000 0.2828014
v -1.2328590 -5.5334421 0.7515263
vt 0.3112750 0.8287690
vn 0.0287284 0.3657000 0.9303033
f 409/409/409 410/410/410 411/411/411
v -0.7916769 -5.7779193 0.8483659
vt 0.3112750 0.8209870
vn -0.1543001 0.3093000 0.9383015
v -1.2328590 -5.5334421 0.7515263
vt 0.3112750 0.8287690
vn 0.0287284 0.3657000 0.9303033
v -3.1525334 -6.1256443 0.8568669
vt 0.4513480 0.8132050
vn -0.0082362 -0.0757000 0.9970335
f 412/412/412 413/413/413 414/414/414
v -0.3647591 -5.3582214 0.6421171
vt 0.2334560 0.8443330
vn 0.2468069 0.9268000 0.2828014
v -0.7329393 -5.3852413 -0.1702805
vt 0.3112750 0.8287690
vn 0.7320094 0.5743000 -0.3665857
v -0.7686646 -5.1003304 0.4645311
vt 0.2801470 0.8598960
vn 0.4798716 0.7874000 0.3868471
f 415/415/415 416/416/416 417/417/417
v -0.3647591 -5.3582214 0.6421171
vt 0.2334560 0.8443330
vn 0.2468069 0.9268000 0.2828014
v -0.7686646 -5.1003304 0.4645311
vt 0.2801470 0.8598960
vn 0.4798716 0.7874000 0.3868471
v -1.2328590 -5.5334421 0.7515263
vt 0.3112750 0.8287690
vn 0.0287284 0.3657000 0.9303033
f 418/418/418 419/419/419 420/420/420
v -1.2328590 -5.5334421 0.7515263
vt 0.3112750 0.8287690
vn 0.0287284 0.3657000 0.9303033
v -1.9130257 -5.1117970 0.6613399
vt 0.3424020 0.8365510
vn 0.1832962 0.2055000 0.9613338
v -3.1525334 -6.1256443 0.8568669
vt 0.4513480 0.8132050
vn -0.0082362 -0.0757000 0.9970335
f 421/421/421 422/422/422 423/423/423
v -1.2328590 -5.5334421 0.7515263
vt 0.3112750 0.8287690
vn 0.0287284 0.3657000 0.9303033
v -0.7686646 -5.1003304 0.4645311
vt 0.2801470 0.8598960
vn 0.4798716 0.7874000 0.3868471
v -1.9130257 -5.1117970 0.6613399
vt 0.3424020 0.8365510
vn 0.1832962 0.2055000 0.9613338
f 424/424/424 425/425/425 426/426/426
v -0.7329393 -5.3852413 -0.1702805
vt 0.3112750 0.8287690
vn 0.7320094 0.5743000 -0.3665857
v -1.6323093 -5.6749600 -1.9462687
vt 0.4513480 0.8132050
vn 0.8246974 0.1713000 -0.5388543
v -1.2398095 -4.9122007 -0.5800046
vt 0.3424020 0.8365510
vn 0.8644784 0.4074000 -0.2945530
f 427/427/427 428/428/428 429/429/429
v -0.7329393 -5.3852413 -0.1702805
vt 0.3112750 0.8287690
vn 0.7320094 0.5743000 -0.3665857
v -1.2398095 -4.9122007 -0.5800046
vt 0.3424020 0.8365510
vn 0.8644784 0.4074000 -0.2945530
v -0.7686646 -5.1003304 0.4645311
vt 0.2801470 0.8598960
vn 0.4798716 0.7874000 0.3868471
f 430/430/430 431/431/431 432/432/432
v -0.7686646 -5.1003304 0.4645311
vt 0.2801470 0.8598960
vn 0.4798716 0.7874000 0.3868471
v -1.2470115 -4.6507759 0.2773907
vt 0.2957110 0.8754600
vn 0.6570560 0.6024000 0.4531395
v -1.9130257 -5.1117970 0.6613399
vt 0.3424020 0.8365510
vn 0.1832962 0.2055000 0.9613338
f 433/433/433 434/434/434 435/435/435
v -0.7686646 -5.1003304 0.4645311
vt 0.2801470 0.8598960
vn 0.4798716 0.7874000 0.3868471
v -1.2398095 -4.9122007 -0.5800046
vt 0.3424020 0.8365510
vn 0.8644784 0.4074000 -0.2945530
v -1.2470115 -4.6507759 0.2773907
vt 0.2957110 0.8754600
vn 0.6570560 0.6024000 0.4531395
f 436/436/436 437/437/437 438/438/438
v -1.2398095 -4.9122007 -0.5800046
vt 0.3424020 0.8365510
vn 0.8644784 0.4074000 -0.2945530
v -1.6323093 -5.6749600 -1.9462687
vt 0.4513480 0.8132050
vn 0.8246974 0.1713000 -0.5388543
v -1.6348844 -4.0725404 -1.1767515
vt 0.4046570 0.8832420
vn 0.8676678 0.4270000 -0.2547785
f 439/439/439 440/440/440 441/441/441
v -1.2398095 -4.9122007 -0.5800046
vt 0.3424020 0.8365510
vn 0.8644784 0.4074000 -0.2945530
v -1.6348844 -4.0725404 -1.1767515
vt 0.4046570 0.8832420
vn 0.8676678 0.4270000 -0.2547785
v -1.2470115 -4.6507759 0.2773907
vt 0.2957110 0.8754600
vn 0.6570560 0.6024000 0.4531395
f 442/442/442 443/443/443 444/444/444
v -1.6323093 -5.6749600 -1.9462687
vt 0.4513480 0.8132050
vn 0.8246974 0.1713000 -0.5388543
v -2.3464344 -4.2663433 -2.5500427
vt 0.5330580 0.8754600
vn 0.5606526 0.4634000 -0.6862547
v -1.6348844 -4.0725404 -1.1767515
vt 0.4046570 0.8832420
vn 0.8676678 0.4270000 -0.2547785
f 445/445/445 446/446/446 447/447/447
v -1.9130257 -5.1117970 0.6613399
vt 0.3424020 0.8365510
vn 0.1832962 0.2055000 0.9613338
v -2.7333400 -4.3981975 0.8486928
vt 0.4046570 0.8832420
vn 0.2152383 0.2336000 0.9482029
v -3.1525334 -6.1256443 0.8568669
vt 0.4513480 0.8132050
vn -0.0082362 -0.0757000 0.9970335
f 448/448/448 449/449/449 450/450/450
v -1.9130257 -5.1117970 0.6613399
vt 0.3424020 0.8365510
vn 0.1832962 0.2055000 0.9613338
v -1.2470115 -4.6507759 0.2773907
vt 0.2957110 0.8754600
vn 0.6570560 0.6024000 0.4531395
v -2.7333400 -4.3981975 0.8486928
vt 0.4046570 0.8832420
vn 0.2152383 0.2336000 0.9482029
f 451/451/451 452/452/452 453/453/453
v -1.2470115 -4.6507759 0.2773907
vt 0.2957110 0.8754600
vn 0.6570560 0.6024000 0.4531395
v -1.6348844 -4.0725404 -1.1767515
vt 0.4046570 0.8832420
vn 0.8676678 0.4270000 -0.2547785
v -1.7395375 -3.8719344 0.1355091
vt 0.3112750 0.8910240
vn 0.6090053 0.6621000 0.4366913
f 454/454/454 455/455/455 456/456/456
v -1.2470115 -4.6507759 0.2773907
vt 0.2957110 0.8754600
vn 0.6570560 0.6024000 0.4531395
v -1.7395375 -3.8719344 0.1355091
vt 0.3112750 0.8910240
vn 0.6090053 0.6621000 0.4366913
v -2.7333400 -4.3981975 0.8486928
vt 0.4046570 0.8832420
vn 0.2152383 0.2336000 0.9482029
f 457/457/457 458/458/458 459/459/459
v -1.6348844 -4.0725404 -1.1767515
vt 0.4046570 0.8832420
vn 0.8676678 0.4270000 -0.2547785
v -2.3464344 -4.2663433 -2.5500427
vt 0.5330580 0.8754600
vn 0.5606526 0.4634000 -0.6862547
v -2.1523920 -3.4575492 -1.4909524
vt 0.4357850 0.9065870
vn 0.5299313 0.7921000 -0.3025919
f 460/460/460 461/461/461 462/462/462
v -1.6348844 -4.0725404 -1.1767515
vt 0.4046570 0.8832420
vn 0.8676678 0.4270000 -0.2547785
v -2.1523920 -3.4575492 -1.4909524
vt 0.4357850 0.9065870
vn 0.5299313 0.7921000 -0.3025919
v -1.7395375 -3.8719344 0.1355091
vt 0.3112750 0.8910240
vn 0.6090053 0.6621000 0.4366913
f 463/463/463 464/464/464 465/465/465
v 0.7941286 -17.6775173 -1.8664853
vt 0.4202210 0.3657480
vn 0.9227435 -0.1257000 -0.3643704
v 0.7930794 -18.9356501 -1.5890623
vt 0.4513480 0.3190570
vn 0.9493017 -0.0958000 -0.2994653
v -0.4992866 -18.2005110 -3.7357883
vt 0.5953130 0.3735300
vn 0.1116653 -0.1257000 -0.9857669
f 466/466/466 467/467/467 468/468/468
v 0.7941286 -17.6775173 -1.8664853
vt 0.4202210 0.3657480
vn 0.9227435 -0.1257000 -0.3643704
v 1.7451079 -15.5317921 0.8023710
vt 0.3268380 0.3968750
vn 0.9124018 -0.1002000 0.3967721
v 1.0255524 -17.5321056 0.4592177
vt 0.3424020 0.3346200
vn 0.8769783 -0.2243000 0.4249407
f 469/469/469 470/470/470 471/471/471
v 0.7941286 -17.6775173 -1.8664853
vt 0.4202210 0.3657480
vn 0.9227435 -0.1257000 -0.3643704
v 1.0255524 -17.5321056 0.4592177
vt 0.3424020 0.3346200
vn 0.8769783 -0.2243000 0.4249407
v 0.7930794 -18.9356501 -1.5890623
vt 0.4513480 0.3190570
vn 0.9493017 -0.0958000 -0.2994653
f 472/472/472 473/473/473 474/474/474
v -4.6371003 -7.6866398 0.1631061
vt 0.6108770 0.7431680
vn -0.4028727 -0.5498000 0.7316925
v -4.1768709 -8.7879797 -0.5223883
vt 0.6108770 0.6964770
vn -0.5320904 -0.4379000 0.7246201
v -3.2683514 -7.9694497 0.0732996
vt 0.5174940 0.7198230
vn 0.0064546 -0.5289000 0.8486386
f 475/475/475 476/476/476 477/477/477
v -4.6371003 -7.6866398 0.1631061
vt 0.6108770 0.7431680
vn -0.4028727 -0.5498000 0.7316925
v -4.7723369 -7.0436070 0.5199005
vt 0.6108770 0.7820780
vn -0.4425316 -0.3645000 0.8193442
v -5.4137028 -7.6312274 -0.7542733
vt 0.6886950 0.7509500
vn -0.8499237 -0.4702000 0.2377854
f 478/478/478 479/479/479 480/480/480
v -4.6371003 -7.6866398 0.1631061
vt 0.6108770 0.7431680
vn -0.4028727 -0.5498000 0.7316925
v -5.4137028 -7.6312274 -0.7542733
vt 0.6886950 0.7509500
vn -0.8499237 -0.4702000 0.2377854
v -4.1768709 -8.7879797 -0.5223883
vt 0.6108770 0.6964770
vn -0.5320904 -0.4379000 0.7246201
f 481/481/481 482/482/482 483/483/483
v -4.7723369 -7.0436070 0.5199005
vt 0.6108770 0.7820780
vn -0.4425316 -0.3645000 0.8193442
v -4.7605189 -6.3762515 0.6906834
vt 0.5953130 0.8054230
vn -0.4433639 -0.1391000 0.8854898
v -5.7920037 -6.3580539 -0.4147192
vt 0.6886950 0.8132050
vn -0.9418416 -0.1117000 0.3170673
f 484/484/484 485/485/485 486/486/486
v -4.7723369 -7.0436070 0.5199005
vt 0.6108770 0.7820780
vn -0.4425316 -0.3645000 0.8193442
v -5.7920037 -6.3580539 -0.4147192
vt 0.6886950 0.8132050
vn -0.9418416 -0.1117000 0.3170673
v -5.4137028 -7.6312274 -0.7542733
vt 0.6886950 0.7509500
vn -0.8499237 -0.4702000 0.2377854
f 487/487/487 488/488/488 489/489/489
v -4.7605189 -6.3762515 0.6906834
vt 0.5953130 0.8054230
vn -0.4433639 -0.1391000 0.8854898
v -3.1525334 -6.1256443 0.8568669
vt 0.4513480 0.8132050
vn -0.0082362 -0.0757000 0.9970335
v -4.5178140 -5.7575101 0.7353732
vt 0.5641850 0.8287690
vn -0.1602075 -0.0957000 0.9824404
f 490/490/490 491/491/491 492/492/492
v -3.1525334 -6.1256443 0.8568669
vt 0.4513480 0.8132050
vn -0.0082362 -0.0757000 0.9970335
v -2.7333400 -4.3981975 0.8486928
vt 0.4046570 0.8832420
vn 0.2152383 0.2336000 0.9482029
v -4.2306349 -4.8249870 0.9242716
vt 0.5330580 0.8754600
vn -0.3143655 0.2040000 0.9271060
f 493/493/493 494/494/494 495/495/495
v -3.1525334 -6.1256443 0.8568669
vt 0.4513480 0.8132050
vn -0.0082362 -0.0757000 0.9970335
v -4.2306349 -4.8249870 0.9242716
vt 0.5330580 0.8754600
vn -0.3143655 0.2040000 0.9271060
v -4.5178140 -5.7575101 0.7353732
vt 0.5641850 0.8287690
vn -0.1602075 -0.0957000 0.9824404
f 496/496/496 497/497/497 498/498/498
v -4.5178140 -5.7575101 0.7353732
vt 0.5641850 0.8287690
vn -0.1602075 -0.0957000 0.9824404
v -4.2306349 -4.8249870 0.9242716
vt 0.5330580 0.8754600
vn -0.3143655 0.2040000 0.9271060
v -4.8477488 -5.4234634 0.6698475
vt 0.5953130 0.8443330
vn -0.6075322 0.0854000 0.7896278
f 499/499/499 500/500/500 501/501/501
v -4.7605189 -6.3762515 0.6906834
vt 0.5953130 0.8054230
vn -0.4433639 -0.1391000 0.8854898
v -4.8477488 -5.4234634 0.6698475
vt 0.5953130 0.8443330
vn -0.6075322 0.0854000 0.7896278
v -5.7920037 -6.3580539 -0.4147192
vt 0.6886950 0.8132050
vn -0.9418416 -0.1117000 0.3170673
f 502/502/502 503/503/503 504/504/504
v -4.8477488 -5.4234634 0.6698475
vt 0.5953130 0.8443330
vn -0.6075322 0.0854000 0.7896278
v -4.2306349 -4.8249870 0.9242716
vt 0.5330580 0.8754600
vn -0.3143655 0.2040000 0.9271060
v -5.4808310 -4.8245783 -0.1615787
vt 0.6420040 0.8754600
vn -0.8432889 0.3511000 0.4069376
f 505/505/505 506/506/506 507/507/507
v -4.8477488 -5.4234634 0.6698475
vt 0.5953130 0.8443330
vn -0.6075322 0.0854000 0.7896278
v -5.4808310 -4.8245783 -0.1615787
vt 0.6420040 0.8754600
vn -0.8432889 0.3511000 0.4069376
v -5.7920037 -6.3580539 -0.4147192
vt 0.6886950 0.8132050
vn -0.9418416 -0.1117000 0.3170673
f 508/508/508 509/509/509 510/510/510
v -2.7333400 -4.3981975 0.8486928
vt 0.4046570 0.8832420
vn 0.2152383 0.2336000 0.9482029
v -1.7395375 -3.8719344 0.1355091
vt 0.3112750 0.8910240
vn 0.6090053 0.6621000 0.4366913
v -3.3596570 -3.8154907 0.7351334
vt 0.4357850 0.9065870
vn -0.0595889 0.6174000 0.7844097
f 511/511/511 512/512/512 513/513/513
v -2.7333400 -4.3981975 0.8486928
vt 0.4046570 0.8832420
vn 0.2152383 0.2336000 0.9482029
v -3.3596570 -3.8154907 0.7351334
vt 0.4357850 0.9065870
vn -0.0595889 0.6174000 0.7844097
v -4.2306349 -4.8249870 0.9242716
vt 0.5330580 0.8754600
vn -0.3143655 0.2040000 0.9271060
f 514/514/514 515/515/515 516/516/516
v -4.2306349 -4.8249870 0.9242716
vt 0.5330580 0.8754600
vn -0.3143655 0.2040000 0.9271060
v -4.3699101 -3.6744295 0.0137096
vt 0.5486220 0.9065870
vn -0.4735929 0.7385000 0.4799153
v -5.4808310 -4.8245783 -0.1615787
vt 0.6420040 0.8754600
vn -0.8432889 0.3511000 0.4069376
f 517/517/517 518/518/518 519/519/519
v -4.2306349 -4.8249870 0.9242716
vt 0.5330580 0.8754600
vn -0.3143655 0.2040000 0.9271060
v -3.3596570 -3.8154907 0.7351334
vt 0.4357850 0.9065870
vn -0.0595889 0.6174000 0.7844097
v -4.3699101 -3.6744295 0.0137096
vt 0.5486220 0.9065870
vn -0.4735929 0.7385000 0.4799153
f 520/520/520 521/521/521 522/522/522
v -1.7395375 -3.8719344 0.1355091
vt 0.3112750 0.8910240
vn 0.6090053 0.6621000 0.4366913
v -2.1523920 -3.4575492 -1.4909524
vt 0.4357850 0.9065870
vn 0.5299313 0.7921000 -0.3025919
v -2.5385446 -3.3347096 -0.2114358
vt 0.3735300 0.9299330
vn 0.5950909 0.6778000 0.4317477
f 523/523/523 524/524/524 525/525/525
v -1.7395375 -3.8719344 0.1355091
vt 0.3112750 0.8910240
vn 0.6090053 0.6621000 0.4366913
v -2.5385446 -3.3347096 -0.2114358
vt 0.3735300 0.9299330
vn 0.5950909 0.6778000 0.4317477
v -3.3596570 -3.8154907 0.7351334
vt 0.4357850 0.9065870
vn -0.0595889 0.6174000 0.7844097
f 526/526/526 527/527/527 528/528/528
v -3.3596570 -3.8154907 0.7351334
vt 0.4357850 0.9065870
vn -0.0595889 0.6174000 0.7844097
v -3.1801292 -3.3761048 -0.1112293
vt 0.4513480 0.9299330
vn -0.2666453 0.6583000 0.7038567
v -4.3699101 -3.6744295 0.0137096
vt 0.5486220 0.9065870
vn -0.4735929 0.7385000 0.4799153
f 529/529/529 530/530/530 531/531/531
v -3.3596570 -3.8154907 0.7351334
vt 0.4357850 0.9065870
vn -0.0595889 0.6174000 0.7844097
v -2.5385446 -3.3347096 -0.2114358
vt 0.3735300 0.9299330
vn 0.5950909 0.6778000 0.4317477
v -3.1801292 -3.3761048 -0.1112293
vt 0.4513480 0.9299330
vn -0.2666453 0.6583000 0.7038567
f 532/532/532 533/533/533 534/534/534
v -5.7920037 -6.3580539 -0.4147192
vt 0.6886950 0.8132050
vn -0.9418416 -0.1117000 0.3170673
v -5.7208224 -6.1784821 -2.1519645
vt 0.7820780 0.8132050
vn -0.8874771 -0.1412000 0.4385221
v -5.4137028 -7.6312274 -0.7542733
vt 0.6886950 0.7509500
vn -0.8499237 -0.4702000 0.2377854
f 535/535/535 536/536/536 537/537/537
v -5.7920037 -6.3580539 -0.4147192
vt 0.6886950 0.8132050
vn -0.9418416 -0.1117000 0.3170673
v -5.4808310 -4.8245783 -0.1615787
vt 0.6420040 0.8754600
vn -0.8432889 0.3511000 0.4069376
v -5.5748622 -4.6849354 -1.8984982
vt 0.7509500 0.8754600
vn -0.8248659 0.1644000 0.5408721
f 538/538/538 539/539/539 540/540/540
v -5.7920037 -6.3580539 -0.4147192
vt 0.6886950 0.8132050
vn -0.9418416 -0.1117000 0.3170673
v -5.5748622 -4.6849354 -1.8984982
vt 0.7509500 0.8754600
vn -0.8248659 0.1644000 0.5408721
v -5.7208224 -6.1784821 -2.1519645
vt 0.7820780 0.8132050
vn -0.8874771 -0.1412000 0.4385221
f 541/541/541 542/542/542 543/543/543
v -5.4808310 -4.8245783 -0.1615787
vt 0.6420040 0.8754600
vn -0.8432889 0.3511000 0.4069376
v -4.3699101 -3.6744295 0.0137096
vt 0.5486220 0.9065870
vn -0.4735929 0.7385000 0.4799153
v -4.8130311 -3.7095740 -0.8514366
vt 0.6108770 0.9143690
vn -0.7810727 0.4625000 0.4195092
f 544/544/544 545/545/545 546/546/546
v -5.4808310 -4.8245783 -0.1615787
vt 0.6420040 0.8754600
vn -0.8432889 0.3511000 0.4069376
v -4.8130311 -3.7095740 -0.8514366
vt 0.6108770 0.9143690
vn -0.7810727 0.4625000 0.4195092
v -5.5748622 -4.6849354 -1.8984982
vt 0.7509500 0.8754600
vn -0.8248659 0.1644000 0.5408721
f 547/547/547 548/548/548 549/549/549
v -2.1523920 -3.4575492 -1.4909524
vt 0.4357850 0.9065870
vn 0.5299313 0.7921000 -0.3025919
v -2.3464344 -4.2663433 -2.5500427
vt 0.5330580 0.8754600
vn 0.5606526 0.4634000 -0.6862547
v -3.3238791 -3.3643016 -1.9150714
vt 0.5486220 0.9065870
vn 0.0341916 0.8891000 -0.4564123
f 550/550/550 551/551/551 552/552/552
v -2.3464344 -4.2663433 -2.5500427
vt 0.5330580 0.8754600
vn 0.5606526 0.4634000 -0.6862547
v -3.9318058 -4.3653361 -3.0178439
vt 0.6420040 0.8754600
vn -0.1795323 0.5479000 -0.8170222
v -3.3238791 -3.3643016 -1.9150714
vt 0.5486220 0.9065870
vn 0.0341916 0.8891000 -0.4564123
f 553/553/553 554/554/554 555/555/555
v -2.1523920 -3.4575492 -1.4909524
vt 0.4357850 0.9065870
vn 0.5299313 0.7921000 -0.3025919
v -2.8064014 -3.2653082 -0.8003506
vt 0.4513480 0.9299330
vn 0.3435729 0.8393000 -0.4213798
v -2.5385446 -3.3347096 -0.2114358
vt 0.3735300 0.9299330
vn 0.5950909 0.6778000 0.4317477
f 556/556/556 557/557/557 558/558/558
v -2.1523920 -3.4575492 -1.4909524
vt 0.4357850 0.9065870
vn 0.5299313 0.7921000 -0.3025919
v -3.3238791 -3.3643016 -1.9150714
vt 0.5486220 0.9065870
vn 0.0341916 0.8891000 -0.4564123
v -2.8064014 -3.2653082 -0.8003506
vt 0.4513480 0.9299330
vn 0.3435729 0.8393000 -0.4213798
f 559/559/559 560/560/560 561/561/561
v -5.4137028 -7.6312274 -0.7542733
vt 0.6886950 0.7509500
vn -0.8499237 -0.4702000 0.2377854
v -4.4779434 -8.8394629 -1.1159514
vt 0.6731310 0.6964770
vn -0.8202972 -0.5436000 0.1775638
v -4.1768709 -8.7879797 -0.5223883
vt 0.6108770 0.6964770
vn -0.5320904 -0.4379000 0.7246201
f 562/562/562 563/563/563 564/564/564
v -5.4137028 -7.6312274 -0.7542733
vt 0.6886950 0.7509500
vn -0.8499237 -0.4702000 0.2377854
v -5.7208224 -6.1784821 -2.1519645
vt 0.7820780 0.8132050
vn -0.8874771 -0.1412000 0.4385221
v -5.2896960 -7.7366242 -2.2257452
vt 0.7665140 0.7431680
vn -0.8022334 -0.3457000 0.4866575
f 565/565/565 566/566/566 567/567/567
v -5.4137028 -7.6312274 -0.7542733
vt 0.6886950 0.7509500
vn -0.8499237 -0.4702000 0.2377854
v -5.2896960 -7.7366242 -2.2257452
vt 0.7665140 0.7431680
vn -0.8022334 -0.3457000 0.4866575
v -4.4779434 -8.8394629 -1.1159514
vt 0.6731310 0.6964770
vn -0.8202972 -0.5436000 0.1775638
f 568/568/568 569/569/569 570/570/570
v -4.3699101 -3.6744295 0.0137096
vt 0.5486220 0.9065870
vn -0.4735929 0.7385000 0.4799153
v -3.1801292 -3.3761048 -0.1112293
vt 0.4513480 0.9299330
vn -0.2666453 0.6583000 0.7038567
v -3.3868818 -3.1635028 -0.6439860
vt 0.5019300 0.9299330
vn -0.4724637 0.8737000 -0.1157132
f 571/571/571 572/572/572 573/573/573
v -3.3868818 -3.1635028 -0.6439860
vt 0.5019300 0.9299330
vn -0.4724637 0.8737000 -0.1157132
v -2.8064014 -3.2653082 -0.8003506
vt 0.4513480 0.9299330
vn 0.3435729 0.8393000 -0.4213798
v -3.3238791 -3.3643016 -1.9150714
vt 0.5486220 0.9065870
vn 0.0341916 0.8891000 -0.4564123
f 574/574/574 575/575/575 576/576/576
v -3.3868818 -3.1635028 -0.6439860
vt 0.5019300 0.9299330
vn -0.4724637 0.8737000 -0.1157132
v -3.9158295 -3.2423034 -0.9435169
vt 0.5486220 0.9299330
vn 0.1800721 0.9512000 0.2505791
v -4.3699101 -3.6744295 0.0137096
vt 0.5486220 0.9065870
vn -0.4735929 0.7385000 0.4799153
f 577/577/577 578/578/578 579/579/579
v -4.3699101 -3.6744295 0.0137096
vt 0.5486220 0.9065870
vn -0.4735929 0.7385000 0.4799153
v -3.9158295 -3.2423034 -0.9435169
vt 0.5486220 0.9299330
vn 0.1800721 0.9512000 0.2505791
v -4.8130311 -3.7095740 -0.8514366
vt 0.6108770 0.9143690
vn -0.7810727 0.4625000 0.4195092
f 580/580/580 581/581/581 582/582/582
v -3.3238791 -3.3643016 -1.9150714
vt 0.5486220 0.9065870
vn 0.0341916 0.8891000 -0.4564123
v -3.9318058 -4.3653361 -3.0178439
vt 0.6420040 0.8754600
vn -0.1795323 0.5479000 -0.8170222
v -4.2757772 -3.5502918 -1.8420385
vt 0.6108770 0.9143690
vn -0.1494319 0.6498000 -0.7452795
f 583/583/583 584/584/584 585/585/585
v -3.3238791 -3.3643016 -1.9150714
vt 0.5486220 0.9065870
vn 0.0341916 0.8891000 -0.4564123
v -3.9158295 -3.2423034 -0.9435169
vt 0.5486220 0.9299330
vn 0.1800721 0.9512000 0.2505791
v -3.3868818 -3.1635028 -0.6439860
vt 0.5019300 0.9299330
vn -0.4724637 0.8737000 -0.1157132
f 586/586/586 587/587/587 588/588/588
v -3.3238791 -3.3643016 -1.9150714
vt 0.5486220 0.9065870
vn 0.0341916 0.8891000 -0.4564123
v -4.2757772 -3.5502918 -1.8420385
vt 0.6108770 0.9143690
vn -0.1494319 0.6498000 -0.7452795
v -3.9158295 -3.2423034 -0.9435169
vt 0.5486220 0.9299330
vn 0.1800721 0.9512000 0.2505791
f 589/589/589 590/590/590 591/591/591
v -3.3868818 -3.1635028 -0.6439860
vt 0.5019300 0.9299330
vn -0.4724637 0.8737000 -0.1157132
v -3.1801292 -3.3761048 -0.1112293
vt 0.4513480 0.9299330
vn -0.2666453 0.6583000 0.7038567
v -3.3736236 -2.4079317 -0.5153124
vt 0.5019300 0.9766240
vn -0.8471467 0.3450000 -0.4039683
f 592/592/592 593/593/593 594/594/594
v -3.3868818 -3.1635028 -0.6439860
vt 0.5019300 0.9299330
vn -0.4724637 0.8737000 -0.1157132
v -3.3736236 -2.4079317 -0.5153124
vt 0.5019300 0.9766240
vn -0.8471467 0.3450000 -0.4039683
v -2.8064014 -3.2653082 -0.8003506
vt 0.4513480 0.9299330
vn 0.3435729 0.8393000 -0.4213798
f 595/595/595 596/596/596 597/597/597
v -2.8064014 -3.2653082 -0.8003506
vt 0.4513480 0.9299330
vn 0.3435729 0.8393000 -0.4213798
v -2.7600468 -2.0920591 -0.5865702
vt 0.4513480 0.9688420
vn 0.2967340 0.6355000 -0.7127764
v -2.5385446 -3.3347096 -0.2114358
vt 0.3735300 0.9299330
vn 0.5950909 0.6778000 0.4317477
f 598/598/598 599/599/599 600/600/600
v -2.8064014 -3.2653082 -0.8003506
vt 0.4513480 0.9299330
vn 0.3435729 0.8393000 -0.4213798
v -3.3736236 -2.4079317 -0.5153124
vt 0.5019300 0.9766240
vn -0.8471467 0.3450000 -0.4039683
v -2.7600468 -2.0920591 -0.5865702
vt 0.4513480 0.9688420
vn 0.2967340 0.6355000 -0.7127764
f 601/601/601 602/602/602 603/603/603
v -3.1801292 -3.3761048 -0.1112293
vt 0.4513480 0.9299330
vn -0.2666453 0.6583000 0.7038567
v -3.1337746 -2.2028545 0.1025512
vt 0.4513480 0.9688420
vn -0.5051948 0.3977000 0.7658496
v -3.3736236 -2.4079317 -0.5153124
vt 0.5019300 0.9766240
vn -0.8471467 0.3450000 -0.4039683
f 604/604/604 605/605/605 606/606/606
v -3.1801292 -3.3761048 -0.1112293
vt 0.4513480 0.9299330
vn -0.2666453 0.6583000 0.7038567
v -2.5385446 -3.3347096 -0.2114358
vt 0.3735300 0.9299330
vn 0.5950909 0.6778000 0.4317477
v -3.1337746 -2.2028545 0.1025512
vt 0.4513480 0.9688420
vn -0.5051948 0.3977000 0.7658496
f 607/607/607 608/608/608 609/609/609
v -2.5385446 -3.3347096 -0.2114358
vt 0.3735300 0.9299330
vn 0.5950909 0.6778000 0.4317477
v -2.7600468 -2.0920591 -0.5865702
vt 0.4513480 0.9688420
vn 0.2967340 0.6355000 -0.7127764
v -2.4199832 -2.0514325 0.0591973
vt 0.3735300 0.9766240
vn 0.7111057 0.5232000 0.4697369
f 610/610/610 611/611/611 612/612/612
v -2.5385446 -3.3347096 -0.2114358
vt 0.3735300 0.9299330
vn 0.5950909 0.6778000 0.4317477
v -2.4199832 -2.0514325 0.0591973
vt 0.3735300 0.9766240
vn 0.7111057 0.5232000 0.4697369
v -3.1337746 -2.2028545 0.1025512
vt 0.4513480 0.9688420
vn -0.5051948 0.3977000 0.7658496
f 613/613/613 614/614/614 615/615/615
v -3.1337746 -2.2028545 0.1025512
vt 0.4513480 0.9688420
vn -0.5051948 0.3977000 0.7658496
v -2.9943641 -2.0505190 -0.2521591
vt 0.4513480 0.9921880
vn -0.3546261 0.9340000 -0.0421175
v -3.3736236 -2.4079317 -0.5153124
vt 0.5019300 0.9766240
vn -0.8471467 0.3450000 -0.4039683
f 616/616/616 617/617/617 618/618/618
v -2.9943641 -2.0505190 -0.2521591
vt 0.4513480 0.9921880
vn -0.3546261 0.9340000 -0.0421175
v -2.4199832 -2.0514325 0.0591973
vt 0.3735300 0.9766240
vn 0.7111057 0.5232000 0.4697369
v -2.7600468 -2.0920591 -0.5865702
vt 0.4513480 0.9688420
vn 0.2967340 0.6355000 -0.7127764
f 619/619/619 620/620/620 621/621/621
v -2.9943641 -2.0505190 -0.2521591
vt 0.4513480 0.9921880
vn -0.3546261 0.9340000 -0.0421175
v -3.1337746 -2.2028545 0.1025512
vt 0.4513480 0.9688420
vn -0.5051948 0.3977000 0.7658496
v -2.4199832 -2.0514325 0.0591973
vt 0.3735300 0.9766240
vn 0.7111057 0.5232000 0.4697369
f 622/622/622 623/623/623 624/624/624
v -2.9943641 -2.0505190 -0.2521591
vt 0.4513480 0.9921880
vn -0.3546261 0.9340000 -0.0421175
v -2.7600468 -2.0920591 -0.5865702
vt 0.4513480 0.9688420
vn 0.2967340 0.6355000 -0.7127764
v -3.3736236 -2.4079317 -0.5153124
vt 0.5019300 0.9766240
vn -0.8471467 0.3450000 -0.4039683
f 625/625/625 626/626/626 627/627/627
v -3.9318058 -4.3653361 -3.0178439
vt 0.6420040 0.8754600
vn -0.1795323 0.5479000 -0.8170222
v -5.4296599 -4.6418815 -2.1662590
vt 0.7509500 0.8754600
vn -0.0345662 0.3987000 -0.9163645
v -4.2757772 -3.5502918 -1.8420385
vt 0.6108770 0.9143690
vn -0.1494319 0.6498000 -0.7452795
f 628/628/628 629/629/629 630/630/630
v -4.8130311 -3.7095740 -0.8514366
vt 0.6108770 0.9143690
vn -0.7810727 0.4625000 0.4195092
v -5.0031508 -3.7745522 -1.6187780
vt 0.6731310 0.9221510
vn -0.8008570 0.4808000 -0.3570054
v -5.5748622 -4.6849354 -1.8984982
vt 0.7509500 0.8754600
vn -0.8248659 0.1644000 0.5408721
f 631/631/631 632/632/632 633/633/633
v -4.2757772 -3.5502918 -1.8420385
vt 0.6108770 0.9143690
vn -0.1494319 0.6498000 -0.7452795
v -4.4314820 -1.2268213 -1.4631922
vt 0.6108770 0.9766240
vn 0.2814678 0.0395000 -0.9587765
v -3.9158295 -3.2423034 -0.9435169
vt 0.5486220 0.9299330
vn 0.1800721 0.9512000 0.2505791
f 634/634/634 635/635/635 636/636/636
v -4.2757772 -3.5502918 -1.8420385
vt 0.6108770 0.9143690
vn -0.1494319 0.6498000 -0.7452795
v -5.4296599 -4.6418815 -2.1662590
vt 0.7509500 0.8754600
vn -0.0345662 0.3987000 -0.9163645
v -5.0031508 -3.7745522 -1.6187780
vt 0.6731310 0.9221510
vn -0.8008570 0.4808000 -0.3570054
f 637/637/637 638/638/638 639/639/639
v -4.2757772 -3.5502918 -1.8420385
vt 0.6108770 0.9143690
vn -0.1494319 0.6498000 -0.7452795
v -5.0031508 -3.7745522 -1.6187780
vt 0.6731310 0.9221510
vn -0.8008570 0.4808000 -0.3570054
v -4.4314820 -1.2268213 -1.4631922
vt 0.6108770 0.9766240
vn 0.2814678 0.0395000 -0.9587765
f 640/640/640 641/641/641 642/642/642
v -4.8130311 -3.7095740 -0.8514366
vt 0.6108770 0.9143690
vn -0.7810727 0.4625000 0.4195092
v -4.8950127 -1.3642519 -0.6085065
vt 0.6108770 0.9766240
vn -0.6370355 -0.2328000 0.7348245
v -5.0031508 -3.7745522 -1.6187780
vt 0.6731310 0.9221510
vn -0.8008570 0.4808000 -0.3570054
f 643/643/643 644/644/644 645/645/645
v -4.8130311 -3.7095740 -0.8514366
vt 0.6108770 0.9143690
vn -0.7810727 0.4625000 0.4195092
v -3.9158295 -3.2423034 -0.9435169
vt 0.5486220 0.9299330
vn 0.1800721 0.9512000 0.2505791
v -4.8950127 -1.3642519 -0.6085065
vt 0.6108770 0.9766240
vn -0.6370355 -0.2328000 0.7348245
f 646/646/646 647/647/647 648/648/648
v -3.9158295 -3.2423034 -0.9435169
vt 0.5486220 0.9299330
vn 0.1800721 0.9512000 0.2505791
v -4.4314820 -1.2268213 -1.4631922
vt 0.6108770 0.9766240
vn 0.2814678 0.0395000 -0.9587765
v -4.2529331 -1.6901735 -0.8767780
vt 0.5486220 0.9766240
vn 0.8773448 0.0216000 0.4792874
f 649/649/649 650/650/650 651/651/651
v -3.9158295 -3.2423034 -0.9435169
vt 0.5486220 0.9299330
vn 0.1800721 0.9512000 0.2505791
v -4.2529331 -1.6901735 -0.8767780
vt 0.5486220 0.9766240
vn 0.8773448 0.0216000 0.4792874
v -4.8950127 -1.3642519 -0.6085065
vt 0.6108770 0.9766240
vn -0.6370355 -0.2328000 0.7348245
f 652/652/652 653/653/653 654/654/654
v -4.2529331 -1.6901735 -0.8767780
vt 0.5486220 0.9766240
vn 0.8773448 0.0216000 0.4792874
v -4.4314820 -1.2268213 -1.4631922
vt 0.6108770 0.9766240
vn 0.2814678 0.0395000 -0.9587765
v -4.2004629 -1.4285570 -0.8062569
vt 0.5486220 0.9921880
vn 0.8424812 -0.3624000 0.3985930
f 655/655/655 656/656/656 657/657/657
v -4.2529331 -1.6901735 -0.8767780
vt 0.5486220 0.9766240
vn 0.8773448 0.0216000 0.4792874
v -4.2004629 -1.4285570 -0.8062569
vt 0.5486220 0.9921880
vn 0.8424812 -0.3624000 0.3985930
v -4.8950127 -1.3642519 -0.6085065
vt 0.6108770 0.9766240
vn -0.6370355 -0.2328000 0.7348245
f 658/658/658 659/659/659 660/660/660
v -4.2004629 -1.4285570 -0.8062569
vt 0.5486220 0.9921880
vn 0.8424812 -0.3624000 0.3985930
v -4.4314820 -1.2268213 -1.4631922
vt 0.6108770 0.9766240
vn 0.2814678 0.0395000 -0.9587765
v -4.3061470 -0.9262597 -1.4546210
vt 0.6108770 0.9921880
vn 0.1206104 -0.0220000 -0.9924088
f 661/661/661 662/662/662 663/663/663
v -4.3061470 -0.9262597 -1.4546210
vt 0.6108770 0.9921880
vn 0.1206104 -0.0220000 -0.9924088
v -4.4314820 -1.2268213 -1.4631922
vt 0.6108770 0.9766240
vn 0.2814678 0.0395000 -0.9587765
v -4.9635949 -0.5900506 -1.0853051
vt 0.6731310 0.9921880
vn -0.8811877 0.1043000 -0.4611082
f 664/664/664 665/665/665 666/666/666
v -4.4314820 -1.2268213 -1.4631922
vt 0.6108770 0.9766240
vn 0.2814678 0.0395000 -0.9587765
v -5.0031508 -3.7745522 -1.6187780
vt 0.6731310 0.9221510
vn -0.8008570 0.4808000 -0.3570054
v -4.9635949 -0.5900506 -1.0853051
vt 0.6731310 0.9921880
vn -0.8811877 0.1043000 -0.4611082
f 667/667/667 668/668/668 669/669/669
v -4.9635949 -0.5900506 -1.0853051
vt 0.6731310 0.9921880
vn -0.8811877 0.1043000 -0.4611082
v -4.8950127 -1.3642519 -0.6085065
vt 0.6108770 0.9766240
vn -0.6370355 -0.2328000 0.7348245
v -4.8582056 -1.0899182 -0.4367071
vt 0.6108770 0.9921880
vn -0.7457614 -0.2788000 0.6050126
f 670/670/670 671/671/671 672/672/672
v -4.8950127 -1.3642519 -0.6085065
vt 0.6108770 0.9766240
vn -0.6370355 -0.2328000 0.7348245
v -4.2004629 -1.4285570 -0.8062569
vt 0.5486220 0.9921880
vn 0.8424812 -0.3624000 0.3985930
v -4.8582056 -1.0899182 -0.4367071
vt 0.6108770 0.9921880
vn -0.7457614 -0.2788000 0.6050126
f 673/673/673 674/674/674 675/675/675
v -4.8950127 -1.3642519 -0.6085065
vt 0.6108770 0.9766240
vn -0.6370355 -0.2328000 0.7348245
v -4.9635949 -0.5900506 -1.0853051
vt 0.6731310 0.9921880
vn -0.8811877 0.1043000 -0.4611082
v -5.0031508 -3.7745522 -1.6187780
vt 0.6731310 0.9221510
vn -0.8008570 0.4808000 -0.3570054
f 676/676/676 677/677/677 678/678/678
v -5.0031508 -3.7745522 -1.6187780
vt 0.6731310 0.9221510
vn -0.8008570 0.4808000 -0.3570054
v -6.2957057 -4.2280731 -2.3926906
vt 0.8132050 0.9143690
vn -0.5428103 -0.0519000 0.8382345
v -5.5748622 -4.6849354 -1.8984982
vt 0.7509500 0.8754600
vn -0.8248659 0.1644000 0.5408721
f 679/679/679 680/680/680 681/681/681
v -5.5748622 -4.6849354 -1.8984982
vt 0.7509500 0.8754600
vn -0.8248659 0.1644000 0.5408721
v -6.8193539 -5.2671133 -2.8437417
vt 0.8910240 0.8676780
vn -0.5526920 -0.1267000 0.8236962
v -5.7208224 -6.1784821 -2.1519645
vt 0.7820780 0.8132050
vn -0.8874771 -0.1412000 0.4385221
f 682/682/682 683/683/683 684/684/684
v -5.5748622 -4.6849354 -1.8984982
vt 0.7509500 0.8754600
vn -0.8248659 0.1644000 0.5408721
v -6.2957057 -4.2280731 -2.3926906
vt 0.8132050 0.9143690
vn -0.5428103 -0.0519000 0.8382345
v -6.8193539 -5.2671133 -2.8437417
vt 0.8910240 0.8676780
vn -0.5526920 -0.1267000 0.8236962
f 685/685/685 686/686/686 687/687/687
v -6.8193539 -5.2671133 -2.8437417
vt 0.8910240 0.8676780
vn -0.5526920 -0.1267000 0.8236962
v -6.4278922 -5.9870351 -2.7471961
vt 0.8598960 0.8287690
vn -0.6611897 -0.1723000 0.7300711
v -5.7208224 -6.1784821 -2.1519645
vt 0.7820780 0.8132050
vn -0.8874771 -0.1412000 0.4385221
f 688/688/688 689/689/689 690/690/690
v -5.7208224 -6.1784821 -2.1519645
vt 0.7820780 0.8132050
vn -0.8874771 -0.1412000 0.4385221
v -6.5106957 -6.2742057 -2.8382735
vt 0.8754600 0.8209870
vn -0.5706801 -0.1216000 0.8121084
v -5.2896960 -7.7366242 -2.2257452
vt 0.7665140 0.7431680
vn -0.8022334 -0.3457000 0.4866575
f 691/691/691 692/692/692 693/693/693
v -5.7208224 -6.1784821 -2.1519645
vt 0.7820780 0.8132050
vn -0.8874771 -0.1412000 0.4385221
v -6.4278922 -5.9870351 -2.7471961
vt 0.8598960 0.8287690
vn -0.6611897 -0.1723000 0.7300711
v -6.5106957 -6.2742057 -2.8382735
vt 0.8754600 0.8209870
vn -0.5706801 -0.1216000 0.8121084
f 694/694/694 695/695/695 696/696/696
v -6.8193539 -5.2671133 -2.8437417
vt 0.8910240 0.8676780
vn -0.5526920 -0.1267000 0.8236962
v -6.2957057 -4.2280731 -2.3926906
vt 0.8132050 0.9143690
vn -0.5428103 -0.0519000 0.8382345
v -7.6916078 -4.4160585 -3.1799526
vt 0.9844060 0.8988050
vn -0.4719615 -0.1399000 0.8703892
f 697/697/697 698/698/698 699/699/699
v -7.6916078 -4.4160585 -3.1799526
vt 0.9844060 0.8988050
vn -0.4719615 -0.1399000 0.8703892
v -6.2957057 -4.2280731 -2.3926906
vt 0.8132050 0.9143690
vn -0.5428103 -0.0519000 0.8382345
v -7.6159500 -4.1354266 -3.0937994
vt 0.9844060 0.9143690
vn -0.4719615 -0.1399000 0.8703892
f 700/700/700 701/701/701 702/702/702
v -5.0031508 -3.7745522 -1.6187780
vt 0.6731310 0.9221510
vn -0.8008570 0.4808000 -0.3570054
v -5.4296599 -4.6418815 -2.1662590
vt 0.7509500 0.8754600
vn -0.0345662 0.3987000 -0.9163645
v -6.2957057 -4.2280731 -2.3926906
vt 0.8132050 0.9143690
vn 0.3947306 0.2260000 -0.8905139
f 703/703/703 704/704/704 705/705/705
v -5.4296599 -4.6418815 -2.1662590
vt 0.7509500 0.8754600
vn -0.0345662 0.3987000 -0.9163645
v -6.8193539 -5.2671133 -2.8437417
vt 0.8910240 0.8676780
vn 0.3871916 0.1520000 -0.9093663
v -6.2957057 -4.2280731 -2.3926906
vt 0.8132050 0.9143690
vn 0.3947306 0.2260000 -0.8905139
f 706/706/706 707/707/707 708/708/708
v -6.8193539 -5.2671133 -2.8437417
vt 0.8910240 0.8676780
vn 0.3871916 0.1520000 -0.9093663
v -7.6916078 -4.4160585 -3.1799526
vt 0.9844060 0.8988050
vn 0.4719615 0.1399000 -0.8703892
v -6.2957057 -4.2280731 -2.3926906
vt 0.8132050 0.9143690
vn 0.3947306 0.2260000 -0.8905139
f 709/709/709 710/710/710 711/711/711
v -6.2957057 -4.2280731 -2.3926906
vt 0.8132050 0.9143690
vn 0.3947306 0.2260000 -0.8905139
v -7.6916078 -4.4160585 -3.1799526
vt 0.9844060 0.8988050
vn 0.4719615 0.1399000 -0.8703892
v -7.6159500 -4.1354266 -3.0937994
vt 0.9844060 0.9143690
vn 0.4719615 0.1399000 -0.8703892
f 712/712/712 713/713/713 714/714/714
v -6.5106957 -6.2742057 -2.8382735
vt 0.8754600 0.8209870
vn -0.5706801 -0.1216000 0.8121084
v -6.6267737 -7.3941926 -3.0575901
vt 0.8910240 0.7742960
vn -0.5171449 -0.1303000 0.8458993
v -5.2896960 -7.7366242 -2.2257452
vt 0.7665140 0.7431680
vn -0.8022334 -0.3457000 0.4866575
f 715/715/715 716/716/716 717/717/717
v -6.6267737 -7.3941926 -3.0575901
vt 0.8910240 0.7742960
vn -0.5171449 -0.1303000 0.8458993
v -6.5106957 -6.2742057 -2.8382735
vt 0.8754600 0.8209870
vn -0.5706801 -0.1216000 0.8121084
v -7.6519759 -6.8798818 -3.5240361
vt 0.9844060 0.8054230
vn -0.4605110 -0.1268000 0.8784871
f 718/718/718 719/719/719 720/720/720
v -7.6519759 -6.8798818 -3.5240361
vt 0.9844060 0.8054230
vn -0.4605110 -0.1268000 0.8784871
v -6.5106957 -6.2742057 -2.8382735
vt 0.8754600 0.8209870
vn -0.5706801 -0.1216000 0.8121084
v -7.6640661 -6.5499625 -3.4819542
vt 0.9844060 0.8209870
vn -0.4595201 -0.1289000 0.8787284
f 721/721/721 722/722/722 723/723/723
v -6.6267737 -7.3941926 -3.0575901
vt 0.8910240 0.7742960
vn -0.5171449 -0.1303000 0.8458993
v -5.8455011 -8.4349685 -2.7737026
vt 0.8754600 0.7431680
vn -0.5348387 -0.1644000 0.8287112
v -5.2896960 -7.7366242 -2.2257452
vt 0.7665140 0.7431680
vn -0.8022334 -0.3457000 0.4866575
f 724/724/724 725/725/725 726/726/726
v -5.2896960 -7.7366242 -2.2257452
vt 0.7665140 0.7431680
vn -0.8022334 -0.3457000 0.4866575
v -5.8455011 -8.4349685 -2.7737026
vt 0.8754600 0.7431680
vn -0.5348387 -0.1644000 0.8287112
v -4.4412491 -8.8858763 -1.9761924
vt 0.7509500 0.6964770
vn -0.7881905 -0.3892000 0.4766552
f 727/727/727 728/728/728 729/729/729
v -5.8455011 -8.4349685 -2.7737026
vt 0.8754600 0.7431680
vn -0.5348387 -0.1644000 0.8287112
v -5.8950258 -8.7374946 -2.8392781
vt 0.8910240 0.7276050
vn -0.4306558 -0.0991000 0.8970429
v -4.4412491 -8.8858763 -1.9761924
vt 0.7509500 0.6964770
vn -0.7881905 -0.3892000 0.4766552
f 730/730/730 731/731/731 732/732/732
v -5.2896960 -7.7366242 -2.2257452
vt 0.7665140 0.7431680
vn -0.8022334 -0.3457000 0.4866575
v -4.4412491 -8.8858763 -1.9761924
vt 0.7509500 0.6964770
vn -0.7881905 -0.3892000 0.4766552
v -4.4779434 -8.8394629 -1.1159514
vt 0.6731310 0.6964770
vn -0.8202972 -0.5436000 0.1775638
f 733/733/733 734/734/734 735/735/735
v -4.4412491 -8.8858763 -1.9761924
vt 0.7509500 0.6964770
vn -0.7881905 -0.3892000 0.4766552
v -5.8950258 -8.7374946 -2.8392781
vt 0.8910240 0.7276050
vn -0.4306558 -0.0991000 0.8970429
v -4.5996299 -10.5142101 -2.2625788
vt 0.8598960 0.6497860
vn -0.5241159 -0.0805000 0.8478345
f 736/736/736 737/737/737 738/738/738
v -4.4412491 -8.8858763 -1.9761924
vt 0.7509500 0.6964770
vn -0.7881905 -0.3892000 0.4766552
v -3.6816235 -10.2793701 -1.6767681
vt 0.7042590 0.6342220
vn -0.8263062 -0.2750000 0.4914312
v -4.4779434 -8.8394629 -1.1159514
vt 0.6731310 0.6964770
vn -0.8202972 -0.5436000 0.1775638
f 739/739/739 740/740/740 741/741/741
v -4.4412491 -8.8858763 -1.9761924
vt 0.7509500 0.6964770
vn -0.7881905 -0.3892000 0.4766552
v -4.5996299 -10.5142101 -2.2625788
vt 0.8598960 0.6497860
vn -0.5241159 -0.0805000 0.8478345
v -3.6816235 -10.2793701 -1.6767681
vt 0.7042590 0.6342220
vn -0.8263062 -0.2750000 0.4914312
f 742/742/742 743/743/743 744/744/744
v -4.5996299 -10.5142101 -2.2625788
vt 0.8598960 0.6497860
vn -0.5241159 -0.0805000 0.8478345
v -5.8950258 -8.7374946 -2.8392781
vt 0.8910240 0.7276050
vn -0.4306558 -0.0991000 0.8970429
v -5.7368622 -9.7298733 -2.8888785
vt 0.9065870 0.6964770
vn -0.4502147 -0.1160000 0.8852744
f 745/745/745 746/746/746 747/747/747
v -5.7368622 -9.7298733 -2.8888785
vt 0.9065870 0.6964770
vn -0.4502147 -0.1160000 0.8852744
v -5.8950258 -8.7374946 -2.8392781
vt 0.8910240 0.7276050
vn -0.4306558 -0.0991000 0.8970429
v -6.8261387 -9.3640565 -3.1316862
vt 0.9844060 0.7120410
vn -0.2500697 -0.0788000 0.9650320
f 748/748/748 749/749/749 750/750/750
v -6.8261387 -9.3640565 -3.1316862
vt 0.9844060 0.7120410
vn -0.2500697 -0.0788000 0.9650320
v -5.8950258 -8.7374946 -2.8392781
vt 0.8910240 0.7276050
vn -0.4306558 -0.0991000 0.8970429
v -6.9110952 -8.9877292 -3.1257714
vt 0.9844060 0.7276050
vn -0.2541115 -0.0725000 0.9644713
f 751/751/751 752/752/752 753/753/753
v -4.5996299 -10.5142101 -2.2625788
vt 0.8598960 0.6497860
vn -0.5241159 -0.0805000 0.8478345
v -4.6162009 -10.8345185 -2.2921698
vt 0.8754600 0.6342220
vn -0.6502495 -0.1271000 0.7489648
v -3.6816235 -10.2793701 -1.6767681
vt 0.7042590 0.6342220
vn -0.8263062 -0.2750000 0.4914312
f 754/754/754 755/755/755 756/756/756
v -3.6816235 -10.2793701 -1.6767681
vt 0.7042590 0.6342220
vn -0.8263062 -0.2750000 0.4914312
v -3.7260876 -10.0231834 -0.4835493
vt 0.6108770 0.6342220
vn -0.7467276 -0.2218000 0.6269606
v -4.4779434 -8.8394629 -1.1159514
vt 0.6731310 0.6964770
vn -0.8202972 -0.5436000 0.1775638
f 757/757/757 758/758/758 759/759/759
v -4.4779434 -8.8394629 -1.1159514
vt 0.6731310 0.6964770
vn -0.8202972 -0.5436000 0.1775638
v -3.7260876 -10.0231834 -0.4835493
vt 0.6108770 0.6342220
vn -0.7467276 -0.2218000 0.6269606
v -4.1768709 -8.7879797 -0.5223883
vt 0.6108770 0.6964770
vn -0.5320904 -0.4379000 0.7246201
f 760/760/760 761/761/761 762/762/762
v -3.6816235 -10.2793701 -1.6767681
vt 0.7042590 0.6342220
vn -0.8263062 -0.2750000 0.4914312
v -4.6162009 -10.8345185 -2.2921698
vt 0.8754600 0.6342220
vn -0.6502495 -0.1271000 0.7489648
v -3.1883306 -11.7415771 -1.4361528
vt 0.7042590 0.5719670
vn -0.8365087 -0.1843000 0.5159132
f 763/763/763 764/764/764 765/765/765
v -3.6816235 -10.2793701 -1.6767681
vt 0.7042590 0.6342220
vn -0.8263062 -0.2750000 0.4914312
v -3.1883306 -11.7415771 -1.4361528
vt 0.7042590 0.5719670
vn -0.8365087 -0.1843000 0.5159132
v -3.7260876 -10.0231834 -0.4835493
vt 0.6108770 0.6342220
vn -0.7467276 -0.2218000 0.6269606
f 766/766/766 767/767/767 768/768/768
v -3.7260876 -10.0231834 -0.4835493
vt 0.6108770 0.6342220
vn -0.7467276 -0.2218000 0.6269606
v -3.1829208 -8.7306573 -0.2731561
vt 0.5330580 0.6809130
vn 0.0339127 -0.2224000 0.9743182
v -4.1768709 -8.7879797 -0.5223883
vt 0.6108770 0.6964770
vn -0.5320904 -0.4379000 0.7246201
f 769/769/769 770/770/770 771/771/771
v -4.1768709 -8.7879797 -0.5223883
vt 0.6108770 0.6964770
vn -0.5320904 -0.4379000 0.7246201
v -3.1829208 -8.7306573 -0.2731561
vt 0.5330580 0.6809130
vn 0.0339127 -0.2224000 0.9743182
v -3.2683514 -7.9694497 0.0732996
vt 0.5174940 0.7198230
vn 0.0064546 -0.5289000 0.8486386
f 772/772/772 773/773/773 774/774/774
v -3.2683514 -7.9694497 0.0732996
vt 0.5174940 0.7198230
vn 0.0064546 -0.5289000 0.8486386
v -3.1829208 -8.7306573 -0.2731561
vt 0.5330580 0.6809130
vn 0.0339127 -0.2224000 0.9743182
v -2.3848958 -8.0530816 -0.1965605
vt 0.4513480 0.7042590
vn 0.2750242 -0.6711000 0.6884308
f 775/775/775 776/776/776 777/777/777
v -2.3848958 -8.0530816 -0.1965605
vt 0.4513480 0.7042590
vn 0.2750242 -0.6711000 0.6884308
v -3.1829208 -8.7306573 -0.2731561
vt 0.5330580 0.6809130
vn 0.0339127 -0.2224000 0.9743182
v -1.9180897 -8.6552396 -0.7755022
vt 0.4357850 0.6653500
vn 0.8922219 0.0283000 0.4506960
f 778/778/778 779/779/779 780/780/780
v -3.1829208 -8.7306573 -0.2731561
vt 0.5330580 0.6809130
vn 0.0339127 -0.2224000 0.9743182
v -3.7260876 -10.0231834 -0.4835493
vt 0.6108770 0.6342220
vn -0.7467276 -0.2218000 0.6269606
v -2.7438994 -9.8672108 -0.2454407
vt 0.5330580 0.6264400
vn -0.0601965 0.2835000 0.9570257
f 781/781/781 782/782/782 783/783/783
v -3.1829208 -8.7306573 -0.2731561
vt 0.5330580 0.6809130
vn 0.0339127 -0.2224000 0.9743182
v -2.7438994 -9.8672108 -0.2454407
vt 0.5330580 0.6264400
vn -0.0601965 0.2835000 0.9570257
v -1.9180897 -8.6552396 -0.7755022
vt 0.4357850 0.6653500
vn 0.8922219 0.0283000 0.4506960
f 784/784/784 785/785/785 786/786/786
v -1.9180897 -8.6552396 -0.7755022
vt 0.4357850 0.6653500
vn 0.8922219 0.0283000 0.4506960
v -2.7438994 -9.8672108 -0.2454407
vt 0.5330580 0.6264400
vn -0.0601965 0.2835000 0.9570257
v -1.1213818 -9.7931321 -0.5461660
vt 0.4357850 0.6108770
vn 0.5767479 0.7589000 0.3023743
f 787/787/787 788/788/788 789/789/789
v -3.7260876 -10.0231834 -0.4835493
vt 0.6108770 0.6342220
vn -0.7467276 -0.2218000 0.6269606
v -3.1883306 -11.7415771 -1.4361528
vt 0.7042590 0.5719670
vn -0.8365087 -0.1843000 0.5159132
v -3.0799306 -11.3259658 0.1424251
vt 0.6108770 0.5719670
vn -0.7840354 0.0792000 0.6156322
f 790/790/790 791/791/791 792/792/792
v -3.7260876 -10.0231834 -0.4835493
vt 0.6108770 0.6342220
vn -0.7467276 -0.2218000 0.6269606
v -3.0799306 -11.3259658 0.1424251
vt 0.6108770 0.5719670
vn -0.7840354 0.0792000 0.6156322
v -2.7438994 -9.8672108 -0.2454407
vt 0.5330580 0.6264400
vn -0.0601965 0.2835000 0.9570257
f 793/793/793 794/794/794 795/795/795
v -2.7438994 -9.8672108 -0.2454407
vt 0.5330580 0.6264400
vn -0.0601965 0.2835000 0.9570257
v -1.6439468 -11.0644160 0.6465298
vt 0.5174940 0.5641850
vn -0.0949901 0.4883000 0.8674265
v -1.1213818 -9.7931321 -0.5461660
vt 0.4357850 0.6108770
vn 0.5767479 0.7589000 0.3023743
f 796/796/796 797/797/797 798/798/798
v -2.7438994 -9.8672108 -0.2454407
vt 0.5330580 0.6264400
vn -0.0601965 0.2835000 0.9570257
v -3.0799306 -11.3259658 0.1424251
vt 0.6108770 0.5719670
vn -0.7840354 0.0792000 0.6156322
v -1.6439468 -11.0644160 0.6465298
vt 0.5174940 0.5641850
vn -0.0949901 0.4883000 0.8674265
f 799/799/799 800/800/800 801/801/801
v -1.1213818 -9.7931321 -0.5461660
vt 0.4357850 0.6108770
vn 0.5767479 0.7589000 0.3023743
v -1.6439468 -11.0644160 0.6465298
vt 0.5174940 0.5641850
vn -0.0949901 0.4883000 0.8674265
v 0.4159503 -11.0625963 0.1313651
vt 0.4046570 0.5564030
vn 0.6568868 0.6875000 0.3094008
f 802/802/802 803/803/803 804/804/804
v -1.6439468 -11.0644160 0.6465298
vt 0.5174940 0.5641850
vn -0.0949901 0.4883000 0.8674265
v -3.0799306 -11.3259658 0.1424251
vt 0.6108770 0.5719670
vn -0.7840354 0.0792000 0.6156322
v -0.4684702 -12.7396307 1.6425267
vt 0.4824760 0.5097120
vn 0.1540432 0.3710000 0.9156950
f 805/805/805 806/806/806 807/807/807
v -1.6439468 -11.0644160 0.6465298
vt 0.5174940 0.5641850
vn -0.0949901 0.4883000 0.8674265
v -0.4684702 -12.7396307 1.6425267
vt 0.4824760 0.5097120
vn 0.1540432 0.3710000 0.9156950
v 0.4159503 -11.0625963 0.1313651
vt 0.4046570 0.5564030
vn 0.6568868 0.6875000 0.3094008
f 808/808/808 809/809/809 810/810/810
v 0.4159503 -11.0625963 0.1313651
vt 0.4046570 0.5564030
vn 0.6568868 0.6875000 0.3094008
v -0.4684702 -12.7396307 1.6425267
vt 0.4824760 0.5097120
vn 0.1540432 0.3710000 0.9156950
v 1.4809364 -13.1152651 0.6862625
vt 0.3424020 0.4824760
vn 0.8691050 0.2927000 0.3987604
f 811/811/811 812/812/812 813/813/813
v -3.1883306 -11.7415771 -1.4361528
vt 0.7042590 0.5719670
vn -0.8365087 -0.1843000 0.5159132
v -4.6162009 -10.8345185 -2.2921698
vt 0.8754600 0.6342220
vn -0.6502495 -0.1271000 0.7489648
v -3.8314173 -12.3808478 -1.9034714
vt 0.8443330 0.5641850
vn -0.6003235 -0.0888000 0.7947547
f 814/814/814 815/815/815 816/816/816
v -3.1883306 -11.7415771 -1.4361528
vt 0.7042590 0.5719670
vn -0.8365087 -0.1843000 0.5159132
v -2.7905562 -13.4471002 -1.2453547
vt 0.7198230 0.5174940
vn -0.9197148 -0.0246000 0.3917121
v -3.0799306 -11.3259658 0.1424251
vt 0.6108770 0.5719670
vn -0.7840354 0.0792000 0.6156322
f 817/817/817 818/818/818 819/819/819
v -3.1883306 -11.7415771 -1.4361528
vt 0.7042590 0.5719670
vn -0.8365087 -0.1843000 0.5159132
v -3.8314173 -12.3808478 -1.9034714
vt 0.8443330 0.5641850
vn -0.6003235 -0.0888000 0.7947547
v -2.7905562 -13.4471002 -1.2453547
vt 0.7198230 0.5174940
vn -0.9197148 -0.0246000 0.3917121
f 820/820/820 821/821/821 822/822/822
v -3.8314173 -12.3808478 -1.9034714
vt 0.8443330 0.5641850
vn -0.6003235 -0.0888000 0.7947547
v -4.6162009 -10.8345185 -2.2921698
vt 0.8754600 0.6342220
vn -0.6502495 -0.1271000 0.7489648
v -4.8226921 -11.5303940 -2.9281581
vt 0.9377150 0.6186580
vn -0.8177059 -0.2368000 0.5245708
f 823/823/823 824/824/824 825/825/825
v -4.8226921 -11.5303940 -2.9281581
vt 0.9377150 0.6186580
vn -0.8177059 -0.2368000 0.5245708
v -4.6162009 -10.8345185 -2.2921698
vt 0.8754600 0.6342220
vn -0.6502495 -0.1271000 0.7489648
v -4.9020381 -11.2234392 -2.9454821
vt 0.9377150 0.6342220
vn -0.8516504 -0.1926000 0.4873366
f 826/826/826 827/827/827 828/828/828
v -3.8314173 -12.3808478 -1.9034714
vt 0.8443330 0.5641850
vn -0.6003235 -0.0888000 0.7947547
v -3.1600565 -13.7527322 -1.5536111
vt 0.7976410 0.5097120
vn -0.6250666 -0.0309000 0.7799066
v -2.7905562 -13.4471002 -1.2453547
vt 0.7198230 0.5174940
vn -0.9197148 -0.0246000 0.3917121
f 829/829/829 830/830/830 831/831/831
v -3.1600565 -13.7527322 -1.5536111
vt 0.7976410 0.5097120
vn -0.6250666 -0.0309000 0.7799066
v -3.0241248 -15.3826531 -1.4149814
vt 0.7665140 0.4513480
vn -0.9892109 0.1463000 0.0095347
v -2.7905562 -13.4471002 -1.2453547
vt 0.7198230 0.5174940
vn -0.9197148 -0.0246000 0.3917121
f 832/832/832 833/833/833 834/834/834
v -2.7905562 -13.4471002 -1.2453547
vt 0.7198230 0.5174940
vn -0.9197148 -0.0246000 0.3917121
v -2.9165419 -12.9401165 1.2223844
vt 0.6108770 0.5174940
vn -0.7311994 0.2970000 0.6140097
v -3.0799306 -11.3259658 0.1424251
vt 0.6108770 0.5719670
vn -0.7840354 0.0792000 0.6156322
f 835/835/835 836/836/836 837/837/837
v -3.0799306 -11.3259658 0.1424251
vt 0.6108770 0.5719670
vn -0.7840354 0.0792000 0.6156322
v -2.9165419 -12.9401165 1.2223844
vt 0.6108770 0.5174940
vn -0.7311994 0.2970000 0.6140097
v -0.4684702 -12.7396307 1.6425267
vt 0.4824760 0.5097120
vn 0.1540432 0.3710000 0.9156950
f 838/838/838 839/839/839 840/840/840
v -2.7905562 -13.4471002 -1.2453547
vt 0.7198230 0.5174940
vn -0.9197148 -0.0246000 0.3917121
v -3.0241248 -15.3826531 -1.4149814
vt 0.7665140 0.4513480
vn -0.9892109 0.1463000 0.0095347
v -2.9165419 -12.9401165 1.2223844
vt 0.6108770 0.5174940
vn -0.7311994 0.2970000 0.6140097
f 841/841/841 842/842/842 843/843/843
v -2.9165419 -12.9401165 1.2223844
vt 0.6108770 0.5174940
vn -0.7311994 0.2970000 0.6140097
v -3.1803294 -15.2924346 1.8404661
vt 0.6108770 0.4513480
vn -0.7414153 0.1485000 0.6543741
v -0.4684702 -12.7396307 1.6425267
vt 0.4824760 0.5097120
vn 0.1540432 0.3710000 0.9156950
f 844/844/844 845/845/845 846/846/846
v -2.9165419 -12.9401165 1.2223844
vt 0.6108770 0.5174940
vn -0.7311994 0.2970000 0.6140097
v -3.0241248 -15.3826531 -1.4149814
vt 0.7665140 0.4513480
vn -0.9892109 0.1463000 0.0095347
v -3.1803294 -15.2924346 1.8404661
vt 0.6108770 0.4513480
vn -0.7414153 0.1485000 0.6543741
f 847/847/847 848/848/848 849/849/849
v -3.0241248 -15.3826531 -1.4149814
vt 0.7665140 0.4513480
vn -0.9892109 0.1463000 0.0095347
v -3.3768489 -17.1435142 -1.2935845
vt 0.7820780 0.4124390
vn -0.9998567 -0.0039000 -0.0149593
v -3.1803294 -15.2924346 1.8404661
vt 0.6108770 0.4513480
vn -0.7414153 0.1485000 0.6543741
f 850/850/850 851/851/851 852/852/852
v -0.4684702 -12.7396307 1.6425267
vt 0.4824760 0.5097120
vn 0.1540432 0.3710000 0.9156950
v -0.4739657 -15.4564284 2.2014357
vt 0.4357850 0.4357850
vn 0.2417899 -0.0042000 0.9702938
v 1.4809364 -13.1152651 0.6862625
vt 0.3424020 0.4824760
vn 0.8691050 0.2927000 0.3987604
f 853/853/853 854/854/854 855/855/855
v -0.4684702 -12.7396307 1.6425267
vt 0.4824760 0.5097120
vn 0.1540432 0.3710000 0.9156950
v -3.1803294 -15.2924346 1.8404661
vt 0.6108770 0.4513480
vn -0.7414153 0.1485000 0.6543741
v -0.4739657 -15.4564284 2.2014357
vt 0.4357850 0.4357850
vn 0.2417899 -0.0042000 0.9702938
f 856/856/856 857/857/857 858/858/858
v -3.1803294 -15.2924346 1.8404661
vt 0.6108770 0.4513480
vn -0.7414153 0.1485000 0.6543741
v -3.3768489 -17.1435142 -1.2935845
vt 0.7820780 0.4124390
vn -0.9998567 -0.0039000 -0.0149593
v -3.1735004 -18.1964009 1.9923981
vt 0.5953130 0.3735300
vn -0.6837348 -0.1589000 0.7121656
f 859/859/859 860/860/860 861/861/861
v -3.1803294 -15.2924346 1.8404661
vt 0.6108770 0.4513480
vn -0.7414153 0.1485000 0.6543741
v -3.1735004 -18.1964009 1.9923981
vt 0.5953130 0.3735300
vn -0.6837348 -0.1589000 0.7121656
v -0.4739657 -15.4564284 2.2014357
vt 0.4357850 0.4357850
vn 0.2417899 -0.0042000 0.9702938
f 862/862/862 863/863/863 864/864/864
v 1.4809364 -13.1152651 0.6862625
vt 0.3424020 0.4824760
vn 0.8691050 0.2927000 0.3987604
v -0.4739657 -15.4564284 2.2014357
vt 0.4357850 0.4357850
vn 0.2417899 -0.0042000 0.9702938
v 1.7451079 -15.5317921 0.8023710
vt 0.3268380 0.3968750
vn 0.9124018 -0.1002000 0.3967721
f 865/865/865 866/866/866 867/867/867
v -0.4739657 -15.4564284 2.2014357
vt 0.4357850 0.4357850
vn 0.2417899 -0.0042000 0.9702938
v -3.1735004 -18.1964009 1.9923981
vt 0.5953130 0.3735300
vn -0.6837348 -0.1589000 0.7121656
v -0.7824795 -17.6750893 1.6785005
vt 0.4202210 0.3657480
vn 0.3809603 -0.1918000 0.9044397
f 868/868/868 869/869/869 870/870/870
v -0.4739657 -15.4564284 2.2014357
vt 0.4357850 0.4357850
vn 0.2417899 -0.0042000 0.9702938
v -0.7824795 -17.6750893 1.6785005
vt 0.4202210 0.3657480
vn 0.3809603 -0.1918000 0.9044397
v 1.7451079 -15.5317921 0.8023710
vt 0.3268380 0.3968750
vn 0.9124018 -0.1002000 0.3967721
f 871/871/871 872/872/872 873/873/873
v 1.7451079 -15.5317921 0.8023710
vt 0.3268380 0.3968750
vn 0.9124018 -0.1002000 0.3967721
v -0.7824795 -17.6750893 1.6785005
vt 0.4202210 0.3657480
vn 0.3809603 -0.1918000 0.9044397
v 1.0255524 -17.5321056 0.4592177
vt 0.3424020 0.3346200
vn 0.8769783 -0.2243000 0.4249407
f 874/874/874 875/875/875 876/876/876
v -3.1735004 -18.1964009 1.9923981
vt 0.5953130 0.3735300
vn -0.6837348 -0.1589000 0.7121656
v -3.3768489 -17.1435142 -1.2935845
vt 0.7820780 0.4124390
vn -0.9998567 -0.0039000 -0.0149593
v -3.0154384 -19.2344556 -0.9476730
vt 0.7353860 0.3735300
vn -0.9407662 -0.3263000 -0.0922258
f 877/877/877 878/878/878 879/879/879
v -3.3768489 -17.1435142 -1.2935845
vt 0.7820780 0.4124390
vn -0.9998567 -0.0039000 -0.0149593
v -2.8926297 -19.2989758 -1.3640477
vt 0.7820780 0.3735300
vn -0.8428000 -0.3667000 -0.3938868
v -3.0154384 -19.2344556 -0.9476730
vt 0.7353860 0.3735300
vn -0.9407662 -0.3263000 -0.0922258
f 880/880/880 881/881/881 882/882/882
v -3.1735004 -18.1964009 1.9923981
vt 0.5953130 0.3735300
vn -0.6837348 -0.1589000 0.7121656
v -2.2018572 -20.4840533 1.9519741
vt 0.5953130 0.3034930
vn -0.5032176 -0.3447000 0.7923700
v -0.7824795 -17.6750893 1.6785005
vt 0.4202210 0.3657480
vn 0.3809603 -0.1918000 0.9044397
f 883/883/883 884/884/884 885/885/885
v -3.1735004 -18.1964009 1.9923981
vt 0.5953130 0.3735300
vn -0.6837348 -0.1589000 0.7121656
v -3.0154384 -19.2344556 -0.9476730
vt 0.7353860 0.3735300
vn -0.9407662 -0.3263000 -0.0922258
v -2.2018572 -20.4840533 1.9519741
vt 0.5953130 0.3034930
vn -0.5032176 -0.3447000 0.7923700
f 886/886/886 887/887/887 888/888/888
v -0.7824795 -17.6750893 1.6785005
vt 0.4202210 0.3657480
vn 0.3809603 -0.1918000 0.9044397
v -0.7333759 -19.2861390 1.3601672
vt 0.4513480 0.3190570
vn 0.4536320 -0.0378000 0.8903302
v 1.0255524 -17.5321056 0.4592177
vt 0.3424020 0.3346200
vn 0.8769783 -0.2243000 0.4249407
f 889/889/889 890/890/890 891/891/891
v -0.7824795 -17.6750893 1.6785005
vt 0.4202210 0.3657480
vn 0.3809603 -0.1918000 0.9044397
v -2.2018572 -20.4840533 1.9519741
vt 0.5953130 0.3034930
vn -0.5032176 -0.3447000 0.7923700
v -0.7333759 -19.2861390 1.3601672
vt 0.4513480 0.3190570
vn 0.4536320 -0.0378000 0.8903302
f 892/892/892 893/893/893 894/894/894
v -3.0154384 -19.2344556 -0.9476730
vt 0.7353860 0.3735300
vn -0.9407662 -0.3263000 -0.0922258
v -2.8926297 -19.2989758 -1.3640477
vt 0.7820780 0.3735300
vn -0.8428000 -0.3667000 -0.3938868
v -1.6119573 -21.7569696 -0.7778878
vt 0.7353860 0.3190570
vn -0.6331593 -0.7146000 -0.2973435
f 895/895/895 896/896/896 897/897/897
v -3.0154384 -19.2344556 -0.9476730
vt 0.7353860 0.3735300
vn -0.9407662 -0.3263000 -0.0922258
v -2.0294535 -21.3185945 0.4915493
vt 0.6575680 0.3112750
vn -0.7624693 -0.6314000 0.1408644
v -2.2018572 -20.4840533 1.9519741
vt 0.5953130 0.3034930
vn -0.5032176 -0.3447000 0.7923700
f 898/898/898 899/899/899 900/900/900
v -3.0154384 -19.2344556 -0.9476730
vt 0.7353860 0.3735300
vn -0.9407662 -0.3263000 -0.0922258
v -1.6119573 -21.7569696 -0.7778878
vt 0.7353860 0.3190570
vn -0.6331593 -0.7146000 -0.2973435
v -2.0294535 -21.3185945 0.4915493
vt 0.6575680 0.3112750
vn -0.7624693 -0.6314000 0.1408644
f 901/901/901 902/902/902 903/903/903
v -0.7333759 -19.2861390 1.3601672
vt 0.4513480 0.3190570
vn 0.4536320 -0.0378000 0.8903302
v 1.0526466 -18.8850959 0.4637687
vt 0.4202210 0.2879290
vn 0.8735906 0.1852000 0.4499524
v 1.0255524 -17.5321056 0.4592177
vt 0.3424020 0.3346200
vn 0.8769783 -0.2243000 0.4249407
f 904/904/904 905/905/905 906/906/906
v 1.0255524 -17.5321056 0.4592177
vt 0.3424020 0.3346200
vn 0.8769783 -0.2243000 0.4249407
v 1.0526466 -18.8850959 0.4637687
vt 0.4202210 0.2879290
vn 0.8735906 0.1852000 0.4499524
v 0.7930794 -18.9356501 -1.5890623
vt 0.4513480 0.3190570
vn 0.9493017 -0.0958000 -0.2994653
f 907/907/907 908/908/908 909/909/909
v -0.7333759 -19.2861390 1.3601672
vt 0.4513480 0.3190570
vn 0.4536320 -0.0378000 0.8903302
v -2.2018572 -20.4840533 1.9519741
vt 0.5953130 0.3034930
vn -0.5032176 -0.3447000 0.7923700
v -0.6355674 -20.1151259 1.3946942
vt 0.5174940 0.2801470
vn 0.2863151 0.2892000 0.9133784
f 910/910/910 911/911/911 912/912/912
v -0.7333759 -19.2861390 1.3601672
vt 0.4513480 0.3190570
vn 0.4536320 -0.0378000 0.8903302
v -0.6355674 -20.1151259 1.3946942
vt 0.5174940 0.2801470
vn 0.2863151 0.2892000 0.9133784
v 1.0526466 -18.8850959 0.4637687
vt 0.4202210 0.2879290
vn 0.8735906 0.1852000 0.4499524
f 913/913/913 914/914/914 915/915/915
v -2.2018572 -20.4840533 1.9519741
vt 0.5953130 0.3034930
vn -0.5032176 -0.3447000 0.7923700
v -2.0294535 -21.3185945 0.4915493
vt 0.6575680 0.3112750
vn -0.7624693 -0.6314000 0.1408644
v -0.4130284 -21.6762711 2.1666229
vt 0.6420040 0.2568020
vn -0.2863450 -0.2959000 0.9112637
f 916/916/916 917/917/917 918/918/918
v -2.2018572 -20.4840533 1.9519741
vt 0.5953130 0.3034930
vn -0.5032176 -0.3447000 0.7923700
v -0.4130284 -21.6762711 2.1666229
vt 0.6420040 0.2568020
vn -0.2863450 -0.2959000 0.9112637
v -0.6355674 -20.1151259 1.3946942
vt 0.5174940 0.2801470
vn 0.2863151 0.2892000 0.9133784
f 919/919/919 920/920/920 921/921/921
v -0.6355674 -20.1151259 1.3946942
vt 0.5174940 0.2801470
vn 0.2863151 0.2892000 0.9133784
v 1.4901799 -19.7275922 0.6522421
vt 0.4513480 0.2568020
vn 0.7796126 0.5357000 0.3244797
v 1.0526466 -18.8850959 0.4637687
vt 0.4202210 0.2879290
vn 0.8735906 0.1852000 0.4499524
f 922/922/922 923/923/923 924/924/924
v -0.6355674 -20.1151259 1.3946942
vt 0.5174940 0.2801470
vn 0.2863151 0.2892000 0.9133784
v -0.4130284 -21.6762711 2.1666229
vt 0.6420040 0.2568020
vn -0.2863450 -0.2959000 0.9112637
v 1.4901799 -19.7275922 0.6522421
vt 0.4513480 0.2568020
vn 0.7796126 0.5357000 0.3244797
f 925/925/925 926/926/926 927/927/927
v -0.4130284 -21.6762711 2.1666229
vt 0.6420040 0.2568020
vn -0.2863450 -0.2959000 0.9112637
v -2.0294535 -21.3185945 0.4915493
vt 0.6575680 0.3112750
vn -0.7624693 -0.6314000 0.1408644
v -0.0037178 -22.8747864 0.0940869
vt 0.7353860 0.2568020
vn -0.4045724 -0.8972000 -0.1770697
f 928/928/928 929/929/929 930/930/930
v -2.0294535 -21.3185945 0.4915493
vt 0.6575680 0.3112750
vn -0.7624693 -0.6314000 0.1408644
v -1.6119573 -21.7569696 -0.7778878
vt 0.7353860 0.3190570
vn -0.6331593 -0.7146000 -0.2973435
v -0.0037178 -22.8747864 0.0940869
vt 0.7353860 0.2568020
vn -0.4045724 -0.8972000 -0.1770697
f 931/931/931 932/932/932 933/933/933
v 1.0526466 -18.8850959 0.4637687
vt 0.4202210 0.2879290
vn 0.8735906 0.1852000 0.4499524
v 0.6437482 -19.9370926 -1.4270770
vt 0.5174940 0.2801470
vn 0.9144203 0.1412000 -0.3791750
v 0.7930794 -18.9356501 -1.5890623
vt 0.4513480 0.3190570
vn 0.9493017 -0.0958000 -0.2994653
f 934/934/934 935/935/935 936/936/936
v 1.0526466 -18.8850959 0.4637687
vt 0.4202210 0.2879290
vn 0.8735906 0.1852000 0.4499524
v 1.4901799 -19.7275922 0.6522421
vt 0.4513480 0.2568020
vn 0.7796126 0.5357000 0.3244797
v 0.6437482 -19.9370926 -1.4270770
vt 0.5174940 0.2801470
vn 0.9144203 0.1412000 -0.3791750
f 937/937/937 938/938/938 939/939/939
v 1.4901799 -19.7275922 0.6522421
vt 0.4513480 0.2568020
vn 0.7796126 0.5357000 0.3244797
v 1.6811847 -21.9686816 -1.5328094
vt 0.6420040 0.2568020
vn 0.4996021 -0.3276000 -0.8018899
v 0.6437482 -19.9370926 -1.4270770
vt 0.5174940 0.2801470
vn 0.9144203 0.1412000 -0.3791750
f 940/940/940 941/941/941 942/942/942
v 0.6437482 -19.9370926 -1.4270770
vt 0.5174940 0.2801470
vn 0.9144203 0.1412000 -0.3791750
v -0.1291166 -20.5551134 -3.0281827
vt 0.5953130 0.3034930
vn 0.1772040 -0.3695000 -0.9121739
v 0.7930794 -18.9356501 -1.5890623
vt 0.4513480 0.3190570
vn 0.9493017 -0.0958000 -0.2994653
f 943/943/943 944/944/944 945/945/945
v 0.6437482 -19.9370926 -1.4270770
vt 0.5174940 0.2801470
vn 0.9144203 0.1412000 -0.3791750
v 1.6811847 -21.9686816 -1.5328094
vt 0.6420040 0.2568020
vn 0.4996021 -0.3276000 -0.8018899
v -0.1291166 -20.5551134 -3.0281827
vt 0.5953130 0.3034930
vn 0.1772040 -0.3695000 -0.9121739
f 946/946/946 947/947/947 948/948/948
v 1.6811847 -21.9686816 -1.5328094
vt 0.6420040 0.2568020
vn 0.4996021 -0.3276000 -0.8018899
v -0.0037178 -22.8747864 0.0940869
vt 0.7353860 0.2568020
vn -0.4045724 -0.8972000 -0.1770697
v -0.8744730 -21.3027996 -1.9879082
vt 0.6575680 0.3112750
vn -0.3963292 -0.6597000 -0.6384100
f 949/949/949 950/950/950 951/951/951
v -0.0037178 -22.8747864 0.0940869
vt 0.7353860 0.2568020
vn -0.4045724 -0.8972000 -0.1770697
v -1.6119573 -21.7569696 -0.7778878
vt 0.7353860 0.3190570
vn -0.6331593 -0.7146000 -0.2973435
v -0.8744730 -21.3027996 -1.9879082
vt 0.6575680 0.3112750
vn -0.3963292 -0.6597000 -0.6384100
f 952/952/952 953/953/953 954/954/954
v 1.6811847 -21.9686816 -1.5328094
vt 0.6420040 0.2568020
vn 0.4996021 -0.3276000 -0.8018899
v -0.8744730 -21.3027996 -1.9879082
vt 0.6575680 0.3112750
vn -0.3963292 -0.6597000 -0.6384100
v -0.1291166 -20.5551134 -3.0281827
vt 0.5953130 0.3034930
vn 0.1772040 -0.3695000 -0.9121739
f 955/955/955 956/956/956 957/957/957
v -0.8744730 -21.3027996 -1.9879082
vt 0.6575680 0.3112750
vn -0.3963292 -0.6597000 -0.6384100
v -1.6119573 -21.7569696 -0.7778878
vt 0.7353860 0.3190570
vn -0.6331593 -0.7146000 -0.2973435
v -2.6522488 -19.2350097 -1.7256255
vt 0.7353860 0.3735300
vn -0.6882642 -0.3110000 -0.6554871
f 958/958/958 959/959/959 960/960/960
v -1.6119573 -21.7569696 -0.7778878
vt 0.7353860 0.3190570
vn -0.6331593 -0.7146000 -0.2973435
v -2.8926297 -19.2989758 -1.3640477
vt 0.7820780 0.3735300
vn -0.8428000 -0.3667000 -0.3938868
v -2.6522488 -19.2350097 -1.7256255
vt 0.7353860 0.3735300
vn -0.6882642 -0.3110000 -0.6554871
f 961/961/961 962/962/962 963/963/963
v -0.8744730 -21.3027996 -1.9879082
vt 0.6575680 0.3112750
vn -0.3963292 -0.6597000 -0.6384100
v -2.6522488 -19.2350097 -1.7256255
vt 0.7353860 0.3735300
vn -0.6882642 -0.3110000 -0.6554871
v -0.1291166 -20.5551134 -3.0281827
vt 0.5953130 0.3034930
vn 0.1772040 -0.3695000 -0.9121739
f 964/964/964 965/965/965 966/966/966
v -0.1291166 -20.5551134 -3.0281827
vt 0.5953130 0.3034930
vn 0.1772040 -0.3695000 -0.9121739
v -0.4992866 -18.2005110 -3.7357883
vt 0.5953130 0.3735300
vn 0.1116653 -0.1257000 -0.9857669
v 0.7930794 -18.9356501 -1.5890623
vt 0.4513480 0.3190570
vn 0.9493017 -0.0958000 -0.2994653
f 967/967/967 968/968/968 969/969/969
v -0.1291166 -20.5551134 -3.0281827
vt 0.5953130 0.3034930
vn 0.1772040 -0.3695000 -0.9121739
v -2.6522488 -19.2350097 -1.7256255
vt 0.7353860 0.3735300
vn -0.6882642 -0.3110000 -0.6554871
v -0.4992866 -18.2005110 -3.7357883
vt 0.5953130 0.3735300
vn 0.1116653 -0.1257000 -0.9857669
f 970/970/970 971/971/971 972/972/972
v -0.4992866 -18.2005110 -3.7357883
vt 0.5953130 0.3735300
vn 0.1116653 -0.1257000 -0.9857669
v -2.6522488 -19.2350097 -1.7256255
vt 0.7353860 0.3735300
vn -0.6882642 -0.3110000 -0.6554871
v -3.1775972 -17.1623362 -1.6833965
vt 0.7820780 0.4124390
vn -0.6371411 0.0169000 -0.7705632
f 973/973/973 974/974/974 975/975/975
v -3.1775972 -17.1623362 -1.6833965
vt 0.7820780 0.4124390
vn -0.6371411 0.0169000 -0.7705632
v -2.6522488 -19.2350097 -1.7256255
vt 0.7353860 0.3735300
vn -0.6882642 -0.3110000 -0.6554871
v -2.8926297 -19.2989758 -1.3640477
vt 0.7820780 0.3735300
vn -0.8428000 -0.3667000 -0.3938868
f 976/976/976 977/977/977 978/978/978
v -4.9140179 -11.2399541 -4.1945558
vt 0.2645830 0.1245100
vn 0.7389517 -0.0626000 -0.6708599
v -4.5177862 -13.0414171 -3.5898805
vt 0.3735300 0.1011640
vn 0.6405902 -0.1767000 -0.7471798
v -5.2945313 -11.4949844 -4.5898855
vt 0.2801470 0.1400740
vn 0.6993590 -0.1058000 -0.7068660
f 979/979/979 980/980/980 981/981/981
v -5.2945313 -11.4949844 -4.5898855
vt 0.2801470 0.1400740
vn 0.6993590 -0.1058000 -0.7068660
v -4.5177862 -13.0414171 -3.5898805
vt 0.3735300 0.1011640
vn 0.6405902 -0.1767000 -0.7471798
v -5.6051962 -12.6673213 -4.5845658
vt 0.3579660 0.1556370
vn 0.6279070 -0.1841000 -0.7561836
f 982/982/982 983/983/983 984/984/984
v -5.6051962 -12.6673213 -4.5845658
vt 0.3579660 0.1556370
vn 0.6279070 -0.1841000 -0.7561836
v -4.5177862 -13.0414171 -3.5898805
vt 0.3735300 0.1011640
vn 0.6405902 -0.1767000 -0.7471798
v -4.2100949 -15.7798745 -2.6341283
vt 0.5174940 0.0856000
vn 0.6324595 -0.1231000 -0.7647634
f 985/985/985 986/986/986 987/987/987
v -4.5177862 -13.0414171 -3.5898805
vt 0.3735300 0.1011640
vn 0.6405902 -0.1767000 -0.7471798
v -3.6630038 -15.0225000 -2.3324948
vt 0.4669120 0.0544730
vn 0.6851585 -0.1163000 -0.7190046
v -4.2100949 -15.7798745 -2.6341283
vt 0.5174940 0.0856000
vn 0.6324595 -0.1231000 -0.7647634
f 988/988/988 989/989/989 990/990/990
v -5.6051962 -12.6673213 -4.5845658
vt 0.3579660 0.1556370
vn 0.6279070 -0.1841000 -0.7561836
v -4.2100949 -15.7798745 -2.6341283
vt 0.5174940 0.0856000
vn 0.6324595 -0.1231000 -0.7647634
v -6.0898212 -13.1560353 -4.8588984
vt 0.4046570 0.1789830
vn 0.6488569 -0.1798000 -0.7393529
f 991/991/991 992/992/992 993/993/993
v -6.0898212 -13.1560353 -4.8588984
vt 0.4046570 0.1789830
vn 0.6488569 -0.1798000 -0.7393529
v -4.2100949 -15.7798745 -2.6341283
vt 0.5174940 0.0856000
vn 0.6324595 -0.1231000 -0.7647634
v -6.5080629 -14.6462893 -4.8911330
vt 0.5174940 0.1945470
vn 0.6590136 -0.1625000 -0.7343960
f 994/994/994 995/995/995 996/996/996
v -6.0898212 -13.1560353 -4.8588984
vt 0.4046570 0.1789830
vn 0.6488569 -0.1798000 -0.7393529
v -6.5080629 -14.6462893 -4.8911330
vt 0.5174940 0.1945470
vn 0.6590136 -0.1625000 -0.7343960
v -7.3146124 -13.2235610 -6.0001967
vt 0.4046570 0.2334560
vn 0.6728830 -0.1782000 -0.7179982
f 997/997/997 998/998/998 999/999/999
v -7.3146124 -13.2235610 -6.0001967
vt 0.4046570 0.2334560
vn 0.6728830 -0.1782000 -0.7179982
v -6.5080629 -14.6462893 -4.8911330
vt 0.5174940 0.1945470
vn 0.6590136 -0.1625000 -0.7343960
v -7.4712301 -13.5850123 -6.0551047
vt 0.4357850 0.2412380
vn 0.6702425 -0.1811000 -0.7196708
f 1000/1000/1000 1001/1001/1001 1002/1002/1002
v -6.5080629 -14.6462893 -4.8911330
vt 0.5174940 0.1945470
vn 0.6590136 -0.1625000 -0.7343960
v -4.2100949 -15.7798745 -2.6341283
vt 0.5174940 0.0856000
vn 0.6324595 -0.1231000 -0.7647634
v -6.4179811 -15.2887085 -4.6896718
vt 0.5486220 0.1867650
vn 0.6537306 -0.1359000 -0.7443625
f 1003/1003/1003 1004/1004/1004 1005/1005/1005
v -4.2100949 -15.7798745 -2.6341283
vt 0.5174940 0.0856000
vn 0.6324595 -0.1231000 -0.7647634
v -3.6630038 -15.0225000 -2.3324948
vt 0.4669120 0.0544730
vn 0.6851585 -0.1163000 -0.7190046
v -3.1775972 -17.1623362 -1.6833965
vt 0.6108770 0.0077820
vn 0.6643992 -0.0560000 -0.7452355
f 1006/1006/1006 1007/1007/1007 1008/1008/1008
v -3.6630038 -15.0225000 -2.3324948
vt 0.4669120 0.0544730
vn 0.6851585 -0.1163000 -0.7190046
v -3.0241248 -15.3826531 -1.4149814
vt 0.5174940 0.0077820
vn 0.8232451 0.0146000 -0.5674469
v -3.1775972 -17.1623362 -1.6833965
vt 0.6108770 0.0077820
vn 0.6643992 -0.0560000 -0.7452355
f 1009/1009/1009 1010/1010/1010 1011/1011/1011
v -4.2100949 -15.7798745 -2.6341283
vt 0.5174940 0.0856000
vn 0.6324595 -0.1231000 -0.7647634
v -4.5175921 -16.7637211 -2.7831503
vt 0.5953130 0.1011640
vn 0.6417747 -0.0337000 -0.7660469
v -6.4179811 -15.2887085 -4.6896718
vt 0.5486220 0.1867650
vn 0.6537306 -0.1359000 -0.7443625
f 1012/1012/1012 1013/1013/1013 1014/1014/1014
v -4.2100949 -15.7798745 -2.6341283
vt 0.5174940 0.0856000
vn 0.6324595 -0.1231000 -0.7647634
v -3.1775972 -17.1623362 -1.6833965
vt 0.6108770 0.0077820
vn 0.6643992 -0.0560000 -0.7452355
v -4.5175921 -16.7637211 -2.7831503
vt 0.5953130 0.1011640
vn 0.6417747 -0.0337000 -0.7660469
f 1015/1015/1015 1016/1016/1016 1017/1017/1017
v -6.4179811 -15.2887085 -4.6896718
vt 0.5486220 0.1867650
vn 0.6537306 -0.1359000 -0.7443625
v -4.5175921 -16.7637211 -2.7831503
vt 0.5953130 0.1011640
vn 0.6417747 -0.0337000 -0.7660469
v -6.7640542 -16.0284144 -4.8494250
vt 0.6264400 0.2023290
vn 0.6092148 -0.1494000 -0.7788024
f 1018/1018/1018 1019/1019/1019 1020/1020/1020
v -4.5175921 -16.7637211 -2.7831503
vt 0.5953130 0.1011640
vn 0.6417747 -0.0337000 -0.7660469
v -3.1775972 -17.1623362 -1.6833965
vt 0.6108770 0.0077820
vn 0.6643992 -0.0560000 -0.7452355
v -4.2763352 -17.8959127 -2.6506034
vt 0.6886950 0.1011640
vn 0.6263802 -0.1136000 -0.7711291
f 1021/1021/1021 1022/1022/1022 1023/1023/1023
v -4.5175921 -16.7637211 -2.7831503
vt 0.5953130 0.1011640
vn 0.6417747 -0.0337000 -0.7660469
v -6.2594249 -17.3025566 -4.2280692
vt 0.7042590 0.1712010
vn 0.6148329 -0.1200000 -0.7794928
v -6.7640542 -16.0284144 -4.8494250
vt 0.6264400 0.2023290
vn 0.6092148 -0.1494000 -0.7788024
f 1024/1024/1024 1025/1025/1025 1026/1026/1026
v -4.5175921 -16.7637211 -2.7831503
vt 0.5953130 0.1011640
vn 0.6417747 -0.0337000 -0.7660469
v -4.2763352 -17.8959127 -2.6506034
vt 0.6886950 0.1011640
vn 0.6263802 -0.1136000 -0.7711291
v -6.2594249 -17.3025566 -4.2280692
vt 0.7042590 0.1712010
vn 0.6148329 -0.1200000 -0.7794928
f 1027/1027/1027 1028/1028/1028 1029/1029/1029
v -6.7640542 -16.0284144 -4.8494250
vt 0.6264400 0.2023290
vn 0.6092148 -0.1494000 -0.7788024
v -6.2594249 -17.3025566 -4.2280692
vt 0.7042590 0.1712010
vn 0.6148329 -0.1200000 -0.7794928
v -7.9035298 -16.9418986 -5.4140325
vt 0.6575680 0.2412380
vn 0.5507006 -0.1738000 -0.8163495
f 1030/1030/1030 1031/1031/1031 1032/1032/1032
v -7.9035298 -16.9418986 -5.4140325
vt 0.6575680 0.2412380
vn 0.5507006 -0.1738000 -0.8163495
v -6.2594249 -17.3025566 -4.2280692
vt 0.7042590 0.1712010
vn 0.6148329 -0.1200000 -0.7794928
v -7.8505339 -17.3071240 -5.3026631
vt 0.7042590 0.2412380
vn 0.5519933 -0.1689000 -0.8165190
f 1033/1033/1033 1034/1034/1034 1035/1035/1035
v -6.2594249 -17.3025566 -4.2280692
vt 0.7042590 0.1712010
vn 0.6148329 -0.1200000 -0.7794928
v -4.2763352 -17.8959127 -2.6506034
vt 0.6886950 0.1011640
vn 0.6263802 -0.1136000 -0.7711291
v -5.8556309 -17.9377887 -3.7868770
vt 0.7509500 0.1556370
vn 0.5880373 -0.1767000 -0.7892294
f 1036/1036/1036 1037/1037/1037 1038/1038/1038
v -4.2763352 -17.8959127 -2.6506034
vt 0.6886950 0.1011640
vn 0.6263802 -0.1136000 -0.7711291
v -3.1775972 -17.1623362 -1.6833965
vt 0.6108770 0.0077820
vn 0.6643992 -0.0560000 -0.7452355
v -3.7499771 -18.6067471 -2.0220356
vt 0.7509500 0.0778190
vn 0.6699035 -0.1717000 -0.7222564
f 1039/1039/1039 1040/1040/1040 1041/1041/1041
v -4.2763352 -17.8959127 -2.6506034
vt 0.6886950 0.1011640
vn 0.6263802 -0.1136000 -0.7711291
v -3.7499771 -18.6067471 -2.0220356
vt 0.7509500 0.0778190
vn 0.6699035 -0.1717000 -0.7222564
v -5.8556309 -17.9377887 -3.7868770
vt 0.7509500 0.1556370
vn 0.5880373 -0.1767000 -0.7892294
f 1042/1042/1042 1043/1043/1043 1044/1044/1044
v -5.8556309 -17.9377887 -3.7868770
vt 0.7509500 0.1556370
vn 0.5880373 -0.1767000 -0.7892294
v -3.7499771 -18.6067471 -2.0220356
vt 0.7509500 0.0778190
vn 0.6699035 -0.1717000 -0.7222564
v -6.0358397 -18.8453113 -3.7578611
vt 0.8287690 0.1634190
vn 0.5703393 -0.1860000 -0.8000198
f 1045/1045/1045 1046/1046/1046 1047/1047/1047
v -6.0358397 -18.8453113 -3.7578611
vt 0.8287690 0.1634190
vn 0.5703393 -0.1860000 -0.8000198
v -3.7499771 -18.6067471 -2.0220356
vt 0.7509500 0.0778190
vn 0.6699035 -0.1717000 -0.7222564
v -5.5638609 -19.6617973 -3.2281412
vt 0.8910240 0.1400740
vn 0.5755180 -0.1895000 -0.7955085
f 1048/1048/1048 1049/1049/1049 1050/1050/1050
v -6.0358397 -18.8453113 -3.7578611
vt 0.8287690 0.1634190
vn 0.5703393 -0.1860000 -0.8000198
v -5.5638609 -19.6617973 -3.2281412
vt 0.8910240 0.1400740
vn 0.5755180 -0.1895000 -0.7955085
v -7.0765929 -19.8214167 -4.1137688
vt 0.9065870 0.2023290
vn 0.5080423 -0.2623000 -0.8204631
f 1051/1051/1051 1052/1052/1052 1053/1053/1053
v -7.0765929 -19.8214167 -4.1137688
vt 0.9065870 0.2023290
vn 0.5080423 -0.2623000 -0.8204631
v -5.5638609 -19.6617973 -3.2281412
vt 0.8910240 0.1400740
vn 0.5755180 -0.1895000 -0.7955085
v -6.7289721 -20.2144078 -3.7631448
vt 0.9377150 0.1867650
vn 0.5068355 -0.2792000 -0.8155089
f 1054/1054/1054 1055/1055/1055 1056/1056/1056
v -5.5638609 -19.6617973 -3.2281412
vt 0.8910240 0.1400740
vn 0.5755180 -0.1895000 -0.7955085
v -3.7499771 -18.6067471 -2.0220356
vt 0.7509500 0.0778190
vn 0.6699035 -0.1717000 -0.7222564
v -4.8003820 -19.9084621 -2.5749908
vt 0.9065870 0.1089460
vn 0.6227085 -0.1578000 -0.7663313
f 1057/1057/1057 1058/1058/1058 1059/1059/1059
v -3.7499771 -18.6067471 -2.0220356
vt 0.7509500 0.0778190
vn 0.6699035 -0.1717000 -0.7222564
v -3.1775972 -17.1623362 -1.6833965
vt 0.6108770 0.0077820
vn 0.6643992 -0.0560000 -0.7452355
v -3.3770686 -18.8668256 -1.5838905
vt 0.7976410 0.0466910
vn 0.5445352 -0.1364000 -0.8274998
f 1060/1060/1060 1061/1061/1061 1062/1062/1062
v -3.7499771 -18.6067471 -2.0220356
vt 0.7509500 0.0778190
vn 0.6699035 -0.1717000 -0.7222564
v -3.3770686 -18.8668256 -1.5838905
vt 0.7976410 0.0466910
vn 0.5445352 -0.1364000 -0.8274998
v -4.8003820 -19.9084621 -2.5749908
vt 0.9065870 0.1089460
vn 0.6227085 -0.1578000 -0.7663313
f 1063/1063/1063 1064/1064/1064 1065/1065/1065
v -4.8003820 -19.9084621 -2.5749908
vt 0.9065870 0.1089460
vn 0.6227085 -0.1578000 -0.7663313
v -3.3770686 -18.8668256 -1.5838905
vt 0.7976410 0.0466910
vn 0.5445352 -0.1364000 -0.8274998
v -4.3255450 -20.7748063 -2.0335394
vt 0.9844060 0.0856000
vn 0.6073218 -0.1167000 -0.7858640
f 1066/1066/1066 1067/1067/1067 1068/1068/1068
v -4.3255450 -20.7748063 -2.0335394
vt 0.9844060 0.0856000
vn 0.6073218 -0.1167000 -0.7858640
v -3.3770686 -18.8668256 -1.5838905
vt 0.7976410 0.0466910
vn 0.5445352 -0.1364000 -0.8274998
v -3.9474701 -20.8826215 -1.7440695
vt 0.9844060 0.0700370
vn 0.5862569 -0.1020000 -0.8036311
f 1069/1069/1069 1070/1070/1070 1071/1071/1071
v -3.3770686 -18.8668256 -1.5838905
vt 0.7976410 0.0466910
vn 0.5445352 -0.1364000 -0.8274998
v -3.1775972 -17.1623362 -1.6833965
vt 0.6108770 0.0077820
vn 0.6643992 -0.0560000 -0.7452355
v -2.8926297 -19.2989758 -1.3640477
vt 0.7042590 0.0077820
vn -0.5553554 -0.7754000 -0.3004535
f 1072/1072/1072 1073/1073/1073 1074/1074/1074
v -2.8926297 -19.2989758 -1.3640477
vt 0.7042590 0.0077820
vn -0.5553554 -0.7754000 -0.3004535
v -3.3768489 -17.1435142 -1.2935845
vt 0.6108770 0.0077820
vn -0.6269113 0.0969000 0.7729779
v -3.3770686 -18.8668256 -1.5838905
vt 0.7976410 0.0466910
vn -0.4518536 -0.1506000 0.8793242
f 1075/1075/1075 1076/1076/1076 1077/1077/1077
v -3.3770686 -18.8668256 -1.5838905
vt 0.7976410 0.0466910
vn -0.4518536 -0.1506000 0.8793242
v -3.3768489 -17.1435142 -1.2935845
vt 0.6108770 0.0077820
vn -0.6269113 0.0969000 0.7729779
v -3.9397451 -18.5828528 -1.7035271
vt 0.7509500 0.0778190
vn -0.5107097 -0.1253000 0.8505552
f 1078/1078/1078 1079/1079/1079 1080/1080/1080
v -3.9397451 -18.5828528 -1.7035271
vt 0.7509500 0.0778190
vn -0.5107097 -0.1253000 0.8505552
v -4.8003820 -19.9084621 -2.5749908
vt 0.9065870 0.1089460
vn -0.6321424 -0.0127000 0.7747314
v -3.3770686 -18.8668256 -1.5838905
vt 0.7976410 0.0466910
vn -0.4518536 -0.1506000 0.8793242
f 1081/1081/1081 1082/1082/1082 1083/1083/1083
v -4.8003820 -19.9084621 -2.5749908
vt 0.9065870 0.1089460
vn -0.6321424 -0.0127000 0.7747314
v -3.9397451 -18.5828528 -1.7035271
vt 0.7509500 0.0778190
vn -0.5107097 -0.1253000 0.8505552
v -5.5638609 -19.6617973 -3.2281412
vt 0.8910240 0.1400740
vn -0.6361265 0.1018000 0.7648189
f 1084/1084/1084 1085/1085/1085 1086/1086/1086
v -4.8003820 -19.9084621 -2.5749908
vt 0.9065870 0.1089460
vn -0.6321424 -0.0127000 0.7747314
v -4.3255450 -20.7748063 -2.0335394
vt 0.9844060 0.0856000
vn -0.6073218 0.1167000 0.7858640
v -3.3770686 -18.8668256 -1.5838905
vt 0.7976410 0.0466910
vn -0.4518536 -0.1506000 0.8793242
f 1087/1087/1087 1088/1088/1088 1089/1089/1089
v -3.3770686 -18.8668256 -1.5838905
vt 0.7976410 0.0466910
vn -0.4518536 -0.1506000 0.8793242
v -4.3255450 -20.7748063 -2.0335394
vt 0.9844060 0.0856000
vn -0.6073218 0.1167000 0.7858640
v -3.9474701 -20.8826215 -1.7440695
vt 0.9844060 0.0700370
vn -0.5862569 0.1020000 0.8036311
f 1090/1090/1090 1091/1091/1091 1092/1092/1092
v -3.9397451 -18.5828528 -1.7035271
vt 0.7509500 0.0778190
vn -0.5107097 -0.1253000 0.8505552
v -3.3768489 -17.1435142 -1.2935845
vt 0.6108770 0.0077820
vn -0.6269113 0.0969000 0.7729779
v -4.4995875 -17.8657431 -2.2834939
vt 0.6886950 0.1011640
vn -0.7168512 0.0116000 0.6970541
f 1093/1093/1093 1094/1094/1094 1095/1095/1095
v -3.9397451 -18.5828528 -1.7035271
vt 0.7509500 0.0778190
vn -0.5107097 -0.1253000 0.8505552
v -6.0358397 -18.8453113 -3.7578611
vt 0.8287690 0.1634190
vn -0.6316463 0.1679000 0.7568673
v -5.5638609 -19.6617973 -3.2281412
vt 0.8910240 0.1400740
vn -0.6361265 0.1018000 0.7648189
f 1096/1096/1096 1097/1097/1097 1098/1098/1098
v -6.0358397 -18.8453113 -3.7578611
vt 0.8287690 0.1634190
vn -0.6316463 0.1679000 0.7568673
v -3.9397451 -18.5828528 -1.7035271
vt 0.7509500 0.0778190
vn -0.5107097 -0.1253000 0.8505552
v -5.8556309 -17.9377887 -3.7868770
vt 0.7509500 0.1556370
vn -0.7298143 0.0589000 0.6810789
f 1099/1099/1099 1100/1100/1100 1101/1101/1101
v -3.9397451 -18.5828528 -1.7035271
vt 0.7509500 0.0778190
vn -0.5107097 -0.1253000 0.8505552
v -4.4995875 -17.8657431 -2.2834939
vt 0.6886950 0.1011640
vn -0.7168512 0.0116000 0.6970541
v -5.8556309 -17.9377887 -3.7868770
vt 0.7509500 0.1556370
vn -0.7298143 0.0589000 0.6810789
f 1102/1102/1102 1103/1103/1103 1104/1104/1104
v -5.8556309 -17.9377887 -3.7868770
vt 0.7509500 0.1556370
vn -0.7298143 0.0589000 0.6810789
v -4.4995875 -17.8657431 -2.2834939
vt 0.6886950 0.1011640
vn -0.7168512 0.0116000 0.6970541
v -6.2561830 -17.3025566 -4.2350214
vt 0.7042590 0.1712010
vn -0.6964216 0.0951000 0.7112148
f 1105/1105/1105 1106/1106/1106 1107/1107/1107
v -4.4995875 -17.8657431 -2.2834939
vt 0.6886950 0.1011640
vn -0.7168512 0.0116000 0.6970541
v -3.3768489 -17.1435142 -1.2935845
vt 0.6108770 0.0077820
vn -0.6269113 0.0969000 0.7729779
v -4.6817656 -16.7389362 -2.5227745
vt 0.5953130 0.1011640
vn -0.6924471 0.1316000 0.7093167
f 1108/1108/1108 1109/1109/1109 1110/1110/1110
v -4.4995875 -17.8657431 -2.2834939
vt 0.6886950 0.1011640
vn -0.7168512 0.0116000 0.6970541
v -4.6817656 -16.7389362 -2.5227745
vt 0.5953130 0.1011640
vn -0.6924471 0.1316000 0.7093167
v -6.2561830 -17.3025566 -4.2350214
vt 0.7042590 0.1712010
vn -0.6964216 0.0951000 0.7112148
f 1111/1111/1111 1112/1112/1112 1113/1113/1113
v -6.0358397 -18.8453113 -3.7578611
vt 0.8287690 0.1634190
vn -0.6316463 0.1679000 0.7568673
v -7.0765929 -19.8214167 -4.1137688
vt 0.9065870 0.2023290
vn -0.5080423 0.2623000 0.8204631
v -5.5638609 -19.6617973 -3.2281412
vt 0.8910240 0.1400740
vn -0.6361265 0.1018000 0.7648189
f 1114/1114/1114 1115/1115/1115 1116/1116/1116
v -5.5638609 -19.6617973 -3.2281412
vt 0.8910240 0.1400740
vn -0.6361265 0.1018000 0.7648189
v -7.0765929 -19.8214167 -4.1137688
vt 0.9065870 0.2023290
vn -0.5080423 0.2623000 0.8204631
v -6.7289721 -20.2144078 -3.7631448
vt 0.9377150 0.1867650
vn -0.5068355 0.2792000 0.8155089
f 1117/1117/1117 1118/1118/1118 1119/1119/1119
v -4.6817656 -16.7389362 -2.5227745
vt 0.5953130 0.1011640
vn -0.6924471 0.1316000 0.7093167
v -3.3768489 -17.1435142 -1.2935845
vt 0.6108770 0.0077820
vn -0.6269113 0.0969000 0.7729779
v -4.3007213 -15.7650665 -2.4946127
vt 0.5174940 0.0856000
vn -0.6101355 0.2552000 0.7500163
f 1120/1120/1120 1121/1121/1121 1122/1122/1122
v -4.6817656 -16.7389362 -2.5227745
vt 0.5953130 0.1011640
vn -0.6924471 0.1316000 0.7093167
v -6.7357035 -16.0284144 -4.9102232
vt 0.6264400 0.2023290
vn -0.6606327 0.1570000 0.7340823
v -6.2561830 -17.3025566 -4.2350214
vt 0.7042590 0.1712010
vn -0.6964216 0.0951000 0.7112148
f 1123/1123/1123 1124/1124/1124 1125/1125/1125
v -6.7357035 -16.0284144 -4.9102232
vt 0.6264400 0.2023290
vn -0.6606327 0.1570000 0.7340823
v -4.6817656 -16.7389362 -2.5227745
vt 0.5953130 0.1011640
vn -0.6924471 0.1316000 0.7093167
v -6.4160214 -15.2885643 -4.6938745
vt 0.5486220 0.1867650
vn -0.7135914 0.1286000 0.6886438
f 1126/1126/1126 1127/1127/1127 1128/1128/1128
v -4.6817656 -16.7389362 -2.5227745
vt 0.5953130 0.1011640
vn -0.6924471 0.1316000 0.7093167
v -4.3007213 -15.7650665 -2.4946127
vt 0.5174940 0.0856000
vn -0.6101355 0.2552000 0.7500163
v -6.4160214 -15.2885643 -4.6938745
vt 0.5486220 0.1867650
vn -0.7135914 0.1286000 0.6886438
f 1129/1129/1129 1130/1130/1130 1131/1131/1131
v -6.4160214 -15.2885643 -4.6938745
vt 0.5486220 0.1867650
vn -0.7135914 0.1286000 0.6886438
v -4.3007213 -15.7650665 -2.4946127
vt 0.5174940 0.0856000
vn -0.6101355 0.2552000 0.7500163
v -6.5080629 -14.6462893 -4.8911330
vt 0.5174940 0.1945470
vn -0.6854451 0.1608000 0.7101543
f 1132/1132/1132 1133/1133/1133 1134/1134/1134
v -6.7357035 -16.0284144 -4.9102232
vt 0.6264400 0.2023290
vn -0.6606327 0.1570000 0.7340823
v -7.9035298 -16.9418986 -5.4140325
vt 0.6575680 0.2412380
vn -0.5419526 0.1961000 0.8172289
v -6.2561830 -17.3025566 -4.2350214
vt 0.7042590 0.1712010
vn -0.6964216 0.0951000 0.7112148
f 1135/1135/1135 1136/1136/1136 1137/1137/1137
v -6.2561830 -17.3025566 -4.2350214
vt 0.7042590 0.1712010
vn -0.6964216 0.0951000 0.7112148
v -7.9035298 -16.9418986 -5.4140325
vt 0.6575680 0.2412380
vn -0.5419526 0.1961000 0.8172289
v -7.8505339 -17.3071240 -5.3026631
vt 0.7042590 0.2412380
vn -0.5486700 0.1700000 0.8186204
f 1138/1138/1138 1139/1139/1139 1140/1140/1140
v -3.3768489 -17.1435142 -1.2935845
vt 0.6108770 0.0077820
vn -0.6269113 0.0969000 0.7729779
v -3.0133057 -15.4065720 -1.4099131
vt 0.5174940 0.0077820
vn -0.7597549 0.2004000 0.6184584
v -3.6630038 -15.0225000 -2.3324948
vt 0.4669120 0.0544730
vn -0.5906316 0.2716000 0.7597731
f 1141/1141/1141 1142/1142/1142 1143/1143/1143
v -3.3768489 -17.1435142 -1.2935845
vt 0.6108770 0.0077820
vn -0.6269113 0.0969000 0.7729779
v -3.6630038 -15.0225000 -2.3324948
vt 0.4669120 0.0544730
vn -0.5906316 0.2716000 0.7597731
v -4.3007213 -15.7650665 -2.4946127
vt 0.5174940 0.0856000
vn -0.6101355 0.2552000 0.7500163
f 1144/1144/1144 1145/1145/1145 1146/1146/1146
v -3.6630038 -15.0225000 -2.3324948
vt 0.4669120 0.0544730
vn -0.5906316 0.2716000 0.7597731
v -4.5177862 -13.0414171 -3.5898805
vt 0.3735300 0.1011640
vn -0.6159518 0.2253000 0.7549174
v -4.3007213 -15.7650665 -2.4946127
vt 0.5174940 0.0856000
vn -0.6101355 0.2552000 0.7500163
f 1147/1147/1147 1148/1148/1148 1149/1149/1149
v -4.3007213 -15.7650665 -2.4946127
vt 0.5174940 0.0856000
vn -0.6101355 0.2552000 0.7500163
v -6.0898212 -13.1560353 -4.8588984
vt 0.4046570 0.1789830
vn -0.6647385 0.1943000 0.7213547
v -6.5080629 -14.6462893 -4.8911330
vt 0.5174940 0.1945470
vn -0.6854451 0.1608000 0.7101543
f 1150/1150/1150 1151/1151/1151 1152/1152/1152
v -6.0898212 -13.1560353 -4.8588984
vt 0.4046570 0.1789830
vn -0.6647385 0.1943000 0.7213547
v -4.3007213 -15.7650665 -2.4946127
vt 0.5174940 0.0856000
vn -0.6101355 0.2552000 0.7500163
v -5.6051962 -12.6673213 -4.5845658
vt 0.3579660 0.1556370
vn -0.6311416 0.2073000 0.7475033
f 1153/1153/1153 1154/1154/1154 1155/1155/1155
v -4.3007213 -15.7650665 -2.4946127
vt 0.5174940 0.0856000
vn -0.6101355 0.2552000 0.7500163
v -4.5177862 -13.0414171 -3.5898805
vt 0.3735300 0.1011640
vn -0.6159518 0.2253000 0.7549174
v -5.6051962 -12.6673213 -4.5845658
vt 0.3579660 0.1556370
vn -0.6311416 0.2073000 0.7475033
f 1156/1156/1156 1157/1157/1157 1158/1158/1158
v -5.6051962 -12.6673213 -4.5845658
vt 0.3579660 0.1556370
vn -0.6311416 0.2073000 0.7475033
v -4.5177862 -13.0414171 -3.5898805
vt 0.3735300 0.1011640
vn -0.6159518 0.2253000 0.7549174
v -5.2945313 -11.4949844 -4.5898855
vt 0.2801470 0.1400740
vn -0.6993590 0.1058000 0.7068660
f 1159/1159/1159 1160/1160/1160 1161/1161/1161
v -5.2945313 -11.4949844 -4.5898855
vt 0.2801470 0.1400740
vn -0.6993590 0.1058000 0.7068660
v -4.5177862 -13.0414171 -3.5898805
vt 0.3735300 0.1011640
vn -0.6159518 0.2253000 0.7549174
v -4.9140179 -11.2399541 -4.1945558
vt 0.2645830 0.1245100
vn -0.7389517 0.0626000 0.6708599
f 1162/1162/1162 1163/1163/1163 1164/1164/1164
v -6.0898212 -13.1560353 -4.8588984
vt 0.4046570 0.1789830
vn -0.6647385 0.1943000 0.7213547
v -7.3146124 -13.2235610 -6.0001967
vt 0.4046570 0.2334560
vn -0.6728830 0.1782000 0.7179982
v -6.5080629 -14.6462893 -4.8911330
vt 0.5174940 0.1945470
vn -0.6854451 0.1608000 0.7101543
f 1165/1165/1165 1166/1166/1166 1167/1167/1167
v -6.5080629 -14.6462893 -4.8911330
vt 0.5174940 0.1945470
vn -0.6854451 0.1608000 0.7101543
v -7.3146124 -13.2235610 -6.0001967
vt 0.4046570 0.2334560
vn -0.6728830 0.1782000 0.7179982
v -7.4712301 -13.5850123 -6.0551047
vt 0.4357850 0.2412380
vn -0.6702425 0.1811000 0.7196708
f 1168/1168/1168 1169/1169/1169 1170/1170/1170
v 5.6465300 -17.2280830 3.1637661
vt 0.0155640 0.5330580
vn -0.8352163 -0.1442000 -0.5305898
v 6.0344467 -17.1482974 5.1438578
vt 0.1556370 0.5330580
vn -0.3841583 0.3601000 0.8500950
v 5.6872629 -15.9402151 2.7496882
vt 0.0155640 0.4513480
vn -0.8487328 -0.2286000 -0.4767585
f 1171/1171/1171 1172/1172/1172 1173/1173/1173
v 5.6465300 -17.2280830 3.1637661
vt 0.0155640 0.5330580
vn -0.8352163 -0.1442000 -0.5305898
v 5.6872629 -15.9402151 2.7496882
vt 0.0155640 0.4513480
vn -0.8487328 -0.2286000 -0.4767585
v 7.5527986 -17.9562988 2.9619443
vt 0.1556370 0.5330580
vn 0.6361820 -0.1259000 -0.7611519
f 1174/1174/1174 1175/1175/1175 1176/1176/1176
v 7.5527986 -17.9562988 2.9619443
vt 0.1556370 0.5330580
vn 0.6361820 -0.1259000 -0.7611519
v 5.6872629 -15.9402151 2.7496882
vt 0.0155640 0.4513480
vn -0.8487328 -0.2286000 -0.4767585
v 7.3253342 -16.4637377 2.5532378
vt 0.1556370 0.4669120
vn 0.5075955 -0.1913000 -0.8400909
f 1177/1177/1177 1178/1178/1178 1179/1179/1179
v 7.3253342 -16.4637377 2.5532378
vt 0.1556370 0.4669120
vn 0.5075955 -0.1913000 -0.8400909
v 7.8132162 -15.7777591 4.0343765
vt 0.2957110 0.4669120
vn 0.8278520 0.3076000 0.4690078
v 7.5527986 -17.9562988 2.9619443
vt 0.1556370 0.5330580
vn 0.6361820 -0.1259000 -0.7611519
f 1180/1180/1180 1181/1181/1181 1182/1182/1182
v 7.5527986 -17.9562988 2.9619443
vt 0.1556370 0.5330580
vn 0.6361820 -0.1259000 -0.7611519
v 7.8132162 -15.7777591 4.0343765
vt 0.2957110 0.4669120
vn 0.8278520 0.3076000 0.4690078
v 8.0561530 -17.4694117 4.6302034
vt 0.2957110 0.5330580
vn 0.8839809 0.2631000 0.3864983
f 1183/1183/1183 1184/1184/1184 1185/1185/1185
v 8.0561530 -17.4694117 4.6302034
vt 0.2957110 0.5330580
vn 0.8839809 0.2631000 0.3864983
v 7.8132162 -15.7777591 4.0343765
vt 0.2957110 0.4669120
vn 0.8278520 0.3076000 0.4690078
v 6.0344467 -17.1482974 5.1438578
vt 0.1556370 0.5330580
vn -0.3841583 0.3601000 0.8500950
f 1186/1186/1186 1187/1187/1187 1188/1188/1188
v 6.0344467 -17.1482974 5.1438578
vt 0.1556370 0.5330580
vn -0.3841583 0.3601000 0.8500950
v 6.0352312 -15.5279933 4.4347420
vt 0.1556370 0.4630210
vn -0.5078893 0.3951000 0.7654758
v 5.6872629 -15.9402151 2.7496882
vt 0.0155640 0.4513480
vn -0.8487328 -0.2286000 -0.4767585
f 1189/1189/1189 1190/1190/1190 1191/1191/1191
v 6.0344467 -17.1482974 5.1438578
vt 0.1556370 0.5330580
vn -0.3841583 0.3601000 0.8500950
v 7.8132162 -15.7777591 4.0343765
vt 0.2957110 0.4669120
vn 0.8278520 0.3076000 0.4690078
v 6.0352312 -15.5279933 4.4347420
vt 0.1556370 0.4630210
vn -0.5078893 0.3951000 0.7654758
f 1192/1192/1192 1193/1193/1193 1194/1194/1194
v 5.6872629 -15.9402151 2.7496882
vt 0.0155640 0.4513480
vn -0.8487328 -0.2286000 -0.4767585
v 7.0452134 -14.8964145 1.9074630
vt 0.1556370 0.4046570
vn 0.5603604 -0.2907000 -0.7755439
v 7.3253342 -16.4637377 2.5532378
vt 0.1556370 0.4669120
vn 0.5075955 -0.1913000 -0.8400909
f 1195/1195/1195 1196/1196/1196 1197/1197/1197
v 7.3253342 -16.4637377 2.5532378
vt 0.1556370 0.4669120
vn 0.5075955 -0.1913000 -0.8400909
v 7.0452134 -14.8964145 1.9074630
vt 0.1556370 0.4046570
vn 0.5603604 -0.2907000 -0.7755439
v 7.8132162 -15.7777591 4.0343765
vt 0.2957110 0.4669120
vn 0.8693793 0.3718000 0.3252930
f 1198/1198/1198 1199/1199/1199 1200/1200/1200
v 7.8132162 -15.7777591 4.0343765
vt 0.2957110 0.4669120
vn 0.8693793 0.3718000 0.3252930
v 7.4003680 -14.0509620 3.1234790
vt 0.2957110 0.4046570
vn 0.7781749 0.5243000 0.3455459
v 6.0352312 -15.5279933 4.4347420
vt 0.1556370 0.4630210
vn -0.5078893 0.3951000 0.7654758
f 1201/1201/1201 1202/1202/1202 1203/1203/1203
v 7.8132162 -15.7777591 4.0343765
vt 0.2957110 0.4669120
vn 0.8693793 0.3718000 0.3252930
v 7.0452134 -14.8964145 1.9074630
vt 0.1556370 0.4046570
vn 0.5603604 -0.2907000 -0.7755439
v 7.4003680 -14.0509620 3.1234790
vt 0.2957110 0.4046570
vn 0.7781749 0.5243000 0.3455459
f 1204/1204/1204 1205/1205/1205 1206/1206/1206
v 6.0352312 -15.5279933 4.4347420
vt 0.1556370 0.4630210
vn -0.5078893 0.3951000 0.7654758
v 5.9293388 -14.1756760 3.4756854
vt 0.1556370 0.4046570
vn -0.5376404 0.4843000 0.6901445
v 5.6872629 -15.9402151 2.7496882
vt 0.0155640 0.4513480
vn -0.8487328 -0.2286000 -0.4767585
f 1207/1207/1207 1208/1208/1208 1209/1209/1209
v 6.0352312 -15.5279933 4.4347420
vt 0.1556370 0.4630210
vn -0.5078893 0.3951000 0.7654758
v 7.4003680 -14.0509620 3.1234790
vt 0.2957110 0.4046570
vn 0.7781749 0.5243000 0.3455459
v 5.9293388 -14.1756760 3.4756854
vt 0.1556370 0.4046570
vn -0.5376404 0.4843000 0.6901445
f 1210/1210/1210 1211/1211/1211 1212/1212/1212
v 5.6872629 -15.9402151 2.7496882
vt 0.0155640 0.4513480
vn -0.8487328 -0.2286000 -0.4767585
v 5.4665896 -14.5604458 2.0146533
vt 0.0155640 0.4046570
vn -0.8736089 -0.3597000 -0.3278170
v 7.0452134 -14.8964145 1.9074630
vt 0.1556370 0.4046570
vn 0.5603604 -0.2907000 -0.7755439
f 1213/1213/1213 1214/1214/1214 1215/1215/1215
v 5.6872629 -15.9402151 2.7496882
vt 0.0155640 0.4513480
vn -0.8487328 -0.2286000 -0.4767585
v 5.9293388 -14.1756760 3.4756854
vt 0.1556370 0.4046570
vn -0.5376404 0.4843000 0.6901445
v 5.4665896 -14.5604458 2.0146533
vt 0.0155640 0.4046570
vn -0.8736089 -0.3597000 -0.3278170
f 1216/1216/1216 1217/1217/1217 1218/1218/1218
v 5.4665896 -14.5604458 2.0146533
vt 0.0155640 0.4046570
vn -0.8736089 -0.3597000 -0.3278170
v 5.3270826 -13.4664517 1.0120424
vt 0.0155640 0.3501840
vn -0.7814848 -0.4369000 -0.4454003
v 7.0452134 -14.8964145 1.9074630
vt 0.1556370 0.4046570
vn 0.5603604 -0.2907000 -0.7755439
f 1219/1219/1219 1220/1220/1220 1221/1221/1221
v 5.4665896 -14.5604458 2.0146533
vt 0.0155640 0.4046570
vn -0.8736089 -0.3597000 -0.3278170
v 5.9293388 -14.1756760 3.4756854
vt 0.1556370 0.4046570
vn -0.5376404 0.4843000 0.6901445
v 5.3270826 -13.4664517 1.0120424
vt 0.0155640 0.3501840
vn -0.7814848 -0.4369000 -0.4454003
f 1222/1222/1222 1223/1223/1223 1224/1224/1224
v 5.9293388 -14.1756760 3.4756854
vt 0.1556370 0.4046570
vn -0.5376404 0.4843000 0.6901445
v 7.4003680 -14.0509620 3.1234790
vt 0.2957110 0.4046570
vn 0.7781749 0.5243000 0.3455459
v 5.3868031 -12.1872372 1.4764465
vt 0.1556370 0.3268380
vn -0.7085476 0.4244000 0.5637763
f 1225/1225/1225 1226/1226/1226 1227/1227/1227
v 5.9293388 -14.1756760 3.4756854
vt 0.1556370 0.4046570
vn -0.5376404 0.4843000 0.6901445
v 5.3868031 -12.1872372 1.4764465
vt 0.1556370 0.3268380
vn -0.7085476 0.4244000 0.5637763
v 5.3270826 -13.4664517 1.0120424
vt 0.0155640 0.3501840
vn -0.7814848 -0.4369000 -0.4454003
f 1228/1228/1228 1229/1229/1229 1230/1230/1230
v 7.0452134 -14.8964145 1.9074630
vt 0.1556370 0.4046570
vn 0.5603604 -0.2907000 -0.7755439
v 6.2968013 -12.7034520 0.3697497
vt 0.1556370 0.3268380
vn 0.5225447 -0.3706000 -0.7678000
v 7.4003680 -14.0509620 3.1234790
vt 0.2957110 0.4046570
vn 0.7781749 0.5243000 0.3455459
f 1231/1231/1231 1232/1232/1232 1233/1233/1233
v 7.0452134 -14.8964145 1.9074630
vt 0.1556370 0.4046570
vn 0.5603604 -0.2907000 -0.7755439
v 5.3270826 -13.4664517 1.0120424
vt 0.0155640 0.3501840
vn -0.7814848 -0.4369000 -0.4454003
v 6.2968013 -12.7034520 0.3697497
vt 0.1556370 0.3268380
vn 0.5225447 -0.3706000 -0.7678000
f 1234/1234/1234 1235/1235/1235 1236/1236/1236
v 5.3270826 -13.4664517 1.0120424
vt 0.0155640 0.3501840
vn -0.7814848 -0.4369000 -0.4454003
v 5.3868031 -12.1872372 1.4764465
vt 0.1556370 0.3268380
vn -0.7085476 0.4244000 0.5637763
v 5.3210099 -12.3560154 0.1923778
vt 0.0155640 0.3190570
vn -0.7138328 -0.2258000 -0.6628860
f 1237/1237/1237 1238/1238/1238 1239/1239/1239
v 5.3270826 -13.4664517 1.0120424
vt 0.0155640 0.3501840
vn -0.7814848 -0.4369000 -0.4454003
v 5.3210099 -12.3560154 0.1923778
vt 0.0155640 0.3190570
vn -0.7138328 -0.2258000 -0.6628860
v 6.2968013 -12.7034520 0.3697497
vt 0.1556370 0.3268380
vn 0.5225447 -0.3706000 -0.7678000
f 1240/1240/1240 1241/1241/1241 1242/1242/1242
v 5.3210099 -12.3560154 0.1923778
vt 0.0155640 0.3190570
vn -0.7138328 -0.2258000 -0.6628860
v 5.3868031 -12.1872372 1.4764465
vt 0.1556370 0.3268380
vn -0.7085476 0.4244000 0.5637763
v 5.4994027 -11.4768830 -0.0826797
vt 0.0311270 0.2723650
vn -0.6735422 0.0201000 -0.7388784
f 1243/1243/1243 1244/1244/1244 1245/1245/1245
v 5.3210099 -12.3560154 0.1923778
vt 0.0155640 0.3190570
vn -0.7138328 -0.2258000 -0.6628860
v 5.4994027 -11.4768830 -0.0826797
vt 0.0311270 0.2723650
vn -0.6735422 0.0201000 -0.7388784
v 6.2968013 -12.7034520 0.3697497
vt 0.1556370 0.3268380
vn 0.5225447 -0.3706000 -0.7678000
f 1246/1246/1246 1247/1247/1247 1248/1248/1248
v 7.4003680 -14.0509620 3.1234790
vt 0.2957110 0.4046570
vn 0.7781749 0.5243000 0.3455459
v 6.5820386 -12.2000741 1.3780900
vt 0.2801470 0.3268380
vn 0.7938975 0.4413000 0.4183078
v 5.3868031 -12.1872372 1.4764465
vt 0.1556370 0.3268380
vn -0.7085476 0.4244000 0.5637763
f 1249/1249/1249 1250/1250/1250 1251/1251/1251
v 7.4003680 -14.0509620 3.1234790
vt 0.2957110 0.4046570
vn 0.7781749 0.5243000 0.3455459
v 6.2968013 -12.7034520 0.3697497
vt 0.1556370 0.3268380
vn 0.5225447 -0.3706000 -0.7678000
v 6.5820386 -12.2000741 1.3780900
vt 0.2801470 0.3268380
vn 0.7938975 0.4413000 0.4183078
f 1252/1252/1252 1253/1253/1253 1254/1254/1254
v 6.2968013 -12.7034520 0.3697497
vt 0.1556370 0.3268380
vn 0.5225447 -0.3706000 -0.7678000
v 5.4994027 -11.4768830 -0.0826797
vt 0.0311270 0.2723650
vn -0.6735422 0.0201000 -0.7388784
v 6.5572291 -10.9992005 -0.0584260
vt 0.1556370 0.2490200
vn 0.6907214 -0.1730000 -0.7020667
f 1255/1255/1255 1256/1256/1256 1257/1257/1257
v 6.2968013 -12.7034520 0.3697497
vt 0.1556370 0.3268380
vn 0.5225447 -0.3706000 -0.7678000
v 6.5572291 -10.9992005 -0.0584260
vt 0.1556370 0.2490200
vn 0.6907214 -0.1730000 -0.7020667
v 6.5820386 -12.2000741 1.3780900
vt 0.2801470 0.3268380
vn 0.7938975 0.4413000 0.4183078
f 1258/1258/1258 1259/1259/1259 1260/1260/1260
v 5.3868031 -12.1872372 1.4764465
vt 0.1556370 0.3268380
vn -0.7085476 0.4244000 0.5637763
v 6.5820386 -12.2000741 1.3780900
vt 0.2801470 0.3268380
vn 0.7938975 0.4413000 0.4183078
v 5.7854540 -10.7195926 0.6875747
vt 0.1556370 0.2490200
vn -0.6753508 0.3898000 0.6260394
f 1261/1261/1261 1262/1262/1262 1263/1263/1263
v 5.3868031 -12.1872372 1.4764465
vt 0.1556370 0.3268380
vn -0.7085476 0.4244000 0.5637763
v 5.7854540 -10.7195926 0.6875747
vt 0.1556370 0.2490200
vn -0.6753508 0.3898000 0.6260394
v 5.4994027 -11.4768830 -0.0826797
vt 0.0311270 0.2723650
vn -0.6735422 0.0201000 -0.7388784
f 1264/1264/1264 1265/1265/1265 1266/1266/1266
v 5.4994027 -11.4768830 -0.0826797
vt 0.0311270 0.2723650
vn -0.6735422 0.0201000 -0.7388784
v 5.7833480 -10.5052627 -0.1824584
vt 0.0311270 0.2490200
vn -0.6436970 0.2174000 -0.7337884
v 6.5572291 -10.9992005 -0.0584260
vt 0.1556370 0.2490200
vn 0.6907214 -0.1730000 -0.7020667
f 1267/1267/1267 1268/1268/1268 1269/1269/1269
v 5.4994027 -11.4768830 -0.0826797
vt 0.0311270 0.2723650
vn -0.6735422 0.0201000 -0.7388784
v 5.7854540 -10.7195926 0.6875747
vt 0.1556370 0.2490200
vn -0.6753508 0.3898000 0.6260394
v 5.7833480 -10.5052627 -0.1824584
vt 0.0311270 0.2490200
vn -0.6436970 0.2174000 -0.7337884
f 1270/1270/1270 1271/1271/1271 1272/1272/1272
v 5.7833480 -10.5052627 -0.1824584
vt 0.0311270 0.2490200
vn -0.6436970 0.2174000 -0.7337884
v 6.2885506 -9.1968288 -0.0953078
vt 0.0544730 0.1789830
vn -0.5321571 0.3898000 -0.7515100
v 6.5572291 -10.9992005 -0.0584260
vt 0.1556370 0.2490200
vn 0.6907214 -0.1730000 -0.7020667
f 1273/1273/1273 1274/1274/1274 1275/1275/1275
v 5.7833480 -10.5052627 -0.1824584
vt 0.0311270 0.2490200
vn -0.6436970 0.2174000 -0.7337884
v 5.7854540 -10.7195926 0.6875747
vt 0.1556370 0.2490200
vn -0.6753508 0.3898000 0.6260394
v 6.2885506 -9.1968288 -0.0953078
vt 0.0544730 0.1789830
vn -0.5321571 0.3898000 -0.7515100
f 1276/1276/1276 1277/1277/1277 1278/1278/1278
v 6.5820386 -12.2000741 1.3780900
vt 0.2801470 0.3268380
vn 0.7938975 0.4413000 0.4183078
v 6.5734810 -10.9320089 0.7578345
vt 0.2645830 0.2490200
vn 0.7360039 0.1403000 0.6621908
v 5.7854540 -10.7195926 0.6875747
vt 0.1556370 0.2490200
vn -0.6753508 0.3898000 0.6260394
f 1279/1279/1279 1280/1280/1280 1281/1281/1281
v 6.5820386 -12.2000741 1.3780900
vt 0.2801470 0.3268380
vn 0.7938975 0.4413000 0.4183078
v 6.5572291 -10.9992005 -0.0584260
vt 0.1556370 0.2490200
vn 0.6907214 -0.1730000 -0.7020667
v 6.5734810 -10.9320089 0.7578345
vt 0.2645830 0.2490200
vn 0.7360039 0.1403000 0.6621908
f 1282/1282/1282 1283/1283/1283 1284/1284/1284
v 6.5572291 -10.9992005 -0.0584260
vt 0.1556370 0.2490200
vn 0.6907214 -0.1730000 -0.7020667
v 6.2885506 -9.1968288 -0.0953078
vt 0.0544730 0.1789830
vn -0.5321571 0.3898000 -0.7515100
v 6.8689944 -9.4826436 -0.0316370
vt 0.1556370 0.1634190
vn 0.7291310 -0.0403000 -0.6831630
f 1285/1285/1285 1286/1286/1286 1287/1287/1287
v 6.5572291 -10.9992005 -0.0584260
vt 0.1556370 0.2490200
vn 0.6907214 -0.1730000 -0.7020667
v 6.8689944 -9.4826436 -0.0316370
vt 0.1556370 0.1634190
vn 0.7291310 -0.0403000 -0.6831630
v 6.5734810 -10.9320089 0.7578345
vt 0.2645830 0.2490200
vn 0.7360039 0.1403000 0.6621908
f 1288/1288/1288 1289/1289/1289 1290/1290/1290
v 5.7854540 -10.7195926 0.6875747
vt 0.1556370 0.2490200
vn -0.6753508 0.3898000 0.6260394
v 6.5734810 -10.9320089 0.7578345
vt 0.2645830 0.2490200
vn 0.7360039 0.1403000 0.6621908
v 6.2589253 -9.2616261 0.5580241
vt 0.1556370 0.1634190
vn -0.7690699 0.2199000 0.6001019
f 1291/1291/1291 1292/1292/1292 1293/1293/1293
v 5.7854540 -10.7195926 0.6875747
vt 0.1556370 0.2490200
vn -0.6753508 0.3898000 0.6260394
v 6.2589253 -9.2616261 0.5580241
vt 0.1556370 0.1634190
vn -0.7690699 0.2199000 0.6001019
v 6.2885506 -9.1968288 -0.0953078
vt 0.0544730 0.1789830
vn -0.5321571 0.3898000 -0.7515100
f 1294/1294/1294 1295/1295/1295 1296/1296/1296
v 6.2885506 -9.1968288 -0.0953078
vt 0.0544730 0.1789830
vn -0.5321571 0.3898000 -0.7515100
v 6.8118409 -8.0422809 0.4240273
vt 0.0933820 0.1011640
vn -0.4762885 0.5675000 -0.6716132
v 6.8689944 -9.4826436 -0.0316370
vt 0.1556370 0.1634190
vn 0.7291310 -0.0403000 -0.6831630
f 1297/1297/1297 1298/1298/1298 1299/1299/1299
v 6.2885506 -9.1968288 -0.0953078
vt 0.0544730 0.1789830
vn -0.5321571 0.3898000 -0.7515100
v 6.2589253 -9.2616261 0.5580241
vt 0.1556370 0.1634190
vn -0.7690699 0.2199000 0.6001019
v 6.8118409 -8.0422809 0.4240273
vt 0.0933820 0.1011640
vn -0.4762885 0.5675000 -0.6716132
f 1300/1300/1300 1301/1301/1301 1302/1302/1302
v 6.5734810 -10.9320089 0.7578345
vt 0.2645830 0.2490200
vn 0.7360039 0.1403000 0.6621908
v 6.8515452 -9.5245220 0.6178267
vt 0.2334560 0.1634190
vn 0.6804433 -0.2001000 0.7049126
v 6.2589253 -9.2616261 0.5580241
vt 0.1556370 0.1634190
vn -0.7690699 0.2199000 0.6001019
f 1303/1303/1303 1304/1304/1304 1305/1305/1305
v 6.5734810 -10.9320089 0.7578345
vt 0.2645830 0.2490200
vn 0.7360039 0.1403000 0.6621908
v 6.8689944 -9.4826436 -0.0316370
vt 0.1556370 0.1634190
vn 0.7291310 -0.0403000 -0.6831630
v 6.8515452 -9.5245220 0.6178267
vt 0.2334560 0.1634190
vn 0.6804433 -0.2001000 0.7049126
f 1306/1306/1306 1307/1307/1307 1308/1308/1308
v 6.8689944 -9.4826436 -0.0316370
vt 0.1556370 0.1634190
vn 0.7291310 -0.0403000 -0.6831630
v 6.8118409 -8.0422809 0.4240273
vt 0.0933820 0.1011640
vn -0.4762885 0.5675000 -0.6716132
v 7.2212328 -7.9649352 0.5486725
vt 0.1556370 0.0856000
vn 0.7319320 0.2061000 -0.6494175
f 1309/1309/1309 1310/1310/1310 1311/1311/1311
v 6.8689944 -9.4826436 -0.0316370
vt 0.1556370 0.1634190
vn 0.7291310 -0.0403000 -0.6831630
v 7.2212328 -7.9649352 0.5486725
vt 0.1556370 0.0856000
vn 0.7319320 0.2061000 -0.6494175
v 6.8515452 -9.5245220 0.6178267
vt 0.2334560 0.1634190
vn 0.6804433 -0.2001000 0.7049126
f 1312/1312/1312 1313/1313/1313 1314/1314/1314
v 6.2589253 -9.2616261 0.5580241
vt 0.1556370 0.1634190
vn -0.7690699 0.2199000 0.6001019
v 6.8515452 -9.5245220 0.6178267
vt 0.2334560 0.1634190
vn 0.6804433 -0.2001000 0.7049126
v 6.8545005 -7.9306314 1.0330348
vt 0.1556370 0.0856000
vn -0.7509413 0.0579000 0.6577661
f 1315/1315/1315 1316/1316/1316 1317/1317/1317
v 6.2589253 -9.2616261 0.5580241
vt 0.1556370 0.1634190
vn -0.7690699 0.2199000 0.6001019
v 6.8545005 -7.9306314 1.0330348
vt 0.1556370 0.0856000
vn -0.7509413 0.0579000 0.6577661
v 6.8118409 -8.0422809 0.4240273
vt 0.0933820 0.1011640
vn -0.4762885 0.5675000 -0.6716132
f 1318/1318/1318 1319/1319/1319 1320/1320/1320
v 6.8118409 -8.0422809 0.4240273
vt 0.0933820 0.1011640
vn -0.4762885 0.5675000 -0.6716132
v 7.1307455 -7.3454294 0.9612610
vt 0.1245100 0.0622550
vn -0.4029411 0.7192000 -0.5660222
v 7.2212328 -7.9649352 0.5486725
vt 0.1556370 0.0856000
vn 0.7319320 0.2061000 -0.6494175
f 1321/1321/1321 1322/1322/1322 1323/1323/1323
v 6.8118409 -8.0422809 0.4240273
vt 0.0933820 0.1011640
vn -0.4762885 0.5675000 -0.6716132
v 6.8545005 -7.9306314 1.0330348
vt 0.1556370 0.0856000
vn -0.7509413 0.0579000 0.6577661
v 7.1307455 -7.3454294 0.9612610
vt 0.1245100 0.0622550
vn -0.4029411 0.7192000 -0.5660222
f 1324/1324/1324 1325/1325/1325 1326/1326/1326
v 7.1307455 -7.3454294 0.9612610
vt 0.1245100 0.0622550
vn -0.4029411 0.7192000 -0.5660222
v 7.6525745 -6.2420414 2.0325218
vt 0.1556370 0.0077820
vn 0.2737793 0.7788000 0.5642720
v 7.2212328 -7.9649352 0.5486725
vt 0.1556370 0.0856000
vn 0.7319320 0.2061000 -0.6494175
f 1327/1327/1327 1328/1328/1328 1329/1329/1329
v 7.1307455 -7.3454294 0.9612610
vt 0.1245100 0.0622550
vn -0.4029411 0.7192000 -0.5660222
v 6.8545005 -7.9306314 1.0330348
vt 0.1556370 0.0856000
vn -0.7509413 0.0579000 0.6577661
v 7.6525745 -6.2420414 2.0325218
vt 0.1556370 0.0077820
vn 0.2737793 0.7788000 0.5642720
f 1330/1330/1330 1331/1331/1331 1332/1332/1332
v 7.6525745 -6.2420414 2.0325218
vt 0.1556370 0.0077820
vn 0.2737793 0.7788000 0.5642720
v 7.2411446 -8.1221626 0.9786547
vt 0.2023290 0.0856000
vn 0.7264359 -0.3923000 0.5641627
v 7.2212328 -7.9649352 0.5486725
vt 0.1556370 0.0856000
vn 0.7319320 0.2061000 -0.6494175
f 1333/1333/1333 1334/1334/1334 1335/1335/1335
v 7.2411446 -8.1221626 0.9786547
vt 0.2023290 0.0856000
vn 0.7264359 -0.3923000 0.5641627
v 6.8545005 -7.9306314 1.0330348
vt 0.1556370 0.0856000
vn -0.7509413 0.0579000 0.6577661
v 6.8515452 -9.5245220 0.6178267
vt 0.2334560 0.1634190
vn 0.6804433 -0.2001000 0.7049126
f 1336/1336/1336 1337/1337/1337 1338/1338/1338
v 7.2411446 -8.1221626 0.9786547
vt 0.2023290 0.0856000
vn 0.7264359 -0.3923000 0.5641627
v 7.6525745 -6.2420414 2.0325218
vt 0.1556370 0.0077820
vn 0.2737793 0.7788000 0.5642720
v 6.8545005 -7.9306314 1.0330348
vt 0.1556370 0.0856000
vn -0.7509413 0.0579000 0.6577661
f 1339/1339/1339 1340/1340/1340 1341/1341/1341
v 7.2411446 -8.1221626 0.9786547
vt 0.2023290 0.0856000
vn 0.7264359 -0.3923000 0.5641627
v 6.8515452 -9.5245220 0.6178267
vt 0.2334560 0.1634190
vn 0.6804433 -0.2001000 0.7049126
v 7.2212328 -7.9649352 0.5486725
vt 0.1556370 0.0856000
vn 0.7319320 0.2061000 -0.6494175
f 1342/1342/1342 1343/1343/1343 1344/1344/1344
v 5.6465300 -17.2280830 3.1637661
vt 0.0155640 0.3735300
vn -0.7694000 0.1447000 -0.6220431
v 5.2205075 -18.3901317 3.4202818
vt 0.0155640 0.4280030
vn -0.8191154 0.4266000 -0.3833942
v 6.0344467 -17.1482974 5.1438578
vt 0.1556370 0.3735300
vn -0.4438134 0.1829000 0.8772256
f 1345/1345/1345 1346/1346/1346 1347/1347/1347
v 5.6465300 -17.2280830 3.1637661
vt 0.0155640 0.3735300
vn -0.7694000 0.1447000 -0.6220431
v 7.5527986 -17.9562988 2.9619443
vt 0.1556370 0.3735300
vn 0.6435226 -0.0954000 -0.7593840
v 5.2205075 -18.3901317 3.4202818
vt 0.0155640 0.4280030
vn -0.8191154 0.4266000 -0.3833942
f 1348/1348/1348 1349/1349/1349 1350/1350/1350
v 5.2205075 -18.3901317 3.4202818
vt 0.0155640 0.4280030
vn -0.8191154 0.4266000 -0.3833942
v 5.4546043 -19.1275773 5.1844077
vt 0.1556370 0.4552390
vn -0.3558568 0.1232000 0.9264054
v 6.0344467 -17.1482974 5.1438578
vt 0.1556370 0.3735300
vn -0.4438134 0.1829000 0.8772256
f 1351/1351/1351 1352/1352/1352 1353/1353/1353
v 5.4546043 -19.1275773 5.1844077
vt 0.1556370 0.4552390
vn -0.3558568 0.1232000 0.9264054
v 7.3595203 -20.0309658 4.7228672
vt 0.2957110 0.4435660
vn 0.8152656 -0.2035000 0.5421405
v 6.0344467 -17.1482974 5.1438578
vt 0.1556370 0.3735300
vn -0.4438134 0.1829000 0.8772256
f 1354/1354/1354 1355/1355/1355 1356/1356/1356
v 6.0344467 -17.1482974 5.1438578
vt 0.1556370 0.3735300
vn -0.4438134 0.1829000 0.8772256
v 7.3595203 -20.0309658 4.7228672
vt 0.2957110 0.4435660
vn 0.8152656 -0.2035000 0.5421405
v 8.0561530 -17.4694117 4.6302034
vt 0.2957110 0.3735300
vn 0.7866795 -0.1927000 0.5864069
f 1357/1357/1357 1358/1358/1358 1359/1359/1359
v 8.0561530 -17.4694117 4.6302034
vt 0.2957110 0.3735300
vn 0.7866795 -0.1927000 0.5864069
v 7.3595203 -20.0309658 4.7228672
vt 0.2957110 0.4435660
vn 0.8152656 -0.2035000 0.5421405
v 7.5527986 -17.9562988 2.9619443
vt 0.1556370 0.3735300
vn 0.6435226 -0.0954000 -0.7593840
f 1360/1360/1360 1361/1361/1361 1362/1362/1362
v 7.3595203 -20.0309658 4.7228672
vt 0.2957110 0.4435660
vn 0.8152656 -0.2035000 0.5421405
v 7.0448625 -19.6250662 2.6178659
vt 0.1556370 0.4552390
vn 0.5326587 0.0124000 -0.8462784
v 7.5527986 -17.9562988 2.9619443
vt 0.1556370 0.3735300
vn 0.6435226 -0.0954000 -0.7593840
f 1363/1363/1363 1364/1364/1364 1365/1365/1365
v 7.5527986 -17.9562988 2.9619443
vt 0.1556370 0.3735300
vn 0.6435226 -0.0954000 -0.7593840
v 4.8199555 -19.4738846 2.8906818
vt 0.0155640 0.5097120
vn -0.5017304 0.7231000 -0.4746075
v 5.2205075 -18.3901317 3.4202818
vt 0.0155640 0.4280030
vn -0.8191154 0.4266000 -0.3833942
f 1366/1366/1366 1367/1367/1367 1368/1368/1368
v 7.5527986 -17.9562988 2.9619443
vt 0.1556370 0.3735300
vn 0.6435226 -0.0954000 -0.7593840
v 7.0448625 -19.6250662 2.6178659
vt 0.1556370 0.4552390
vn 0.5326587 0.0124000 -0.8462784
v 4.8199555 -19.4738846 2.8906818
vt 0.0155640 0.5097120
vn -0.5017304 0.7231000 -0.4746075
f 1369/1369/1369 1370/1370/1370 1371/1371/1371
v 5.2205075 -18.3901317 3.4202818
vt 0.0155640 0.4280030
vn -0.8191154 0.4266000 -0.3833942
v 4.8199555 -19.4738846 2.8906818
vt 0.0155640 0.5097120
vn -0.5017304 0.7231000 -0.4746075
v 4.4904163 -20.7277613 4.9109412
vt 0.1556370 0.5408400
vn -0.4406599 -0.0031000 0.8976742
f 1372/1372/1372 1373/1373/1373 1374/1374/1374
v 5.2205075 -18.3901317 3.4202818
vt 0.0155640 0.4280030
vn -0.8191154 0.4266000 -0.3833942
v 4.4904163 -20.7277613 4.9109412
vt 0.1556370 0.5408400
vn -0.4406599 -0.0031000 0.8976742
v 5.4546043 -19.1275773 5.1844077
vt 0.1556370 0.4552390
vn -0.5008018 0.1563000 0.8513134
f 1375/1375/1375 1376/1376/1376 1377/1377/1377
v 5.4546043 -19.1275773 5.1844077
vt 0.1556370 0.4552390
vn -0.5008018 0.1563000 0.8513134
v 4.4904163 -20.7277613 4.9109412
vt 0.1556370 0.5408400
vn -0.4406599 -0.0031000 0.8976742
v 7.3595203 -20.0309658 4.7228672
vt 0.2957110 0.4435660
vn 0.6594151 -0.5384000 0.5247454
f 1378/1378/1378 1379/1379/1379 1380/1380/1380
v 4.4904163 -20.7277613 4.9109412
vt 0.1556370 0.5408400
vn -0.4406599 -0.0031000 0.8976742
v 4.8199555 -19.4738846 2.8906818
vt 0.0155640 0.5097120
vn -0.5017304 0.7231000 -0.4746075
v 2.1624647 -21.6976893 3.4915371
vt 0.1867650 0.6264400
vn -0.5140606 0.0267000 0.8572679
f 1381/1381/1381 1382/1382/1382 1383/1383/1383
v 4.4904163 -20.7277613 4.9109412
vt 0.1556370 0.5408400
vn -0.4406599 -0.0031000 0.8976742
v 5.7735639 -22.5002813 3.9331212
vt 0.2957110 0.5408400
vn 0.4461171 -0.8105000 0.3794928
v 7.3595203 -20.0309658 4.7228672
vt 0.2957110 0.4435660
vn 0.6594151 -0.5384000 0.5247454
f 1384/1384/1384 1385/1385/1385 1386/1386/1386
v 4.4904163 -20.7277613 4.9109412
vt 0.1556370 0.5408400
vn -0.4406599 -0.0031000 0.8976742
v 2.1624647 -21.6976893 3.4915371
vt 0.1867650 0.6264400
vn -0.5140606 0.0267000 0.8572679
v 5.7735639 -22.5002813 3.9331212
vt 0.2957110 0.5408400
vn 0.4461171 -0.8105000 0.3794928
f 1387/1387/1387 1388/1388/1388 1389/1389/1389
v 5.7735639 -22.5002813 3.9331212
vt 0.2957110 0.5408400
vn 0.4461171 -0.8105000 0.3794928
v 6.1273272 -21.0440678 2.0280317
vt 0.1556370 0.5408400
vn 0.6827833 -0.1086000 -0.7224293
v 7.3595203 -20.0309658 4.7228672
vt 0.2957110 0.4435660
vn 0.6594151 -0.5384000 0.5247454
f 1390/1390/1390 1391/1391/1391 1392/1392/1392
v 7.3595203 -20.0309658 4.7228672
vt 0.2957110 0.4435660
vn 0.6594151 -0.5384000 0.5247454
v 6.1273272 -21.0440678 2.0280317
vt 0.1556370 0.5408400
vn 0.6827833 -0.1086000 -0.7224293
v 7.0448625 -19.6250662 2.6178659
vt 0.1556370 0.4552390
vn 0.7066749 -0.1717000 -0.6863521
f 1393/1393/1393 1394/1394/1394 1395/1395/1395
v 7.0448625 -19.6250662 2.6178659
vt 0.1556370 0.4552390
vn 0.7066749 -0.1717000 -0.6863521
v 6.1273272 -21.0440678 2.0280317
vt 0.1556370 0.5408400
vn 0.6827833 -0.1086000 -0.7224293
v 4.8199555 -19.4738846 2.8906818
vt 0.0155640 0.5097120
vn -0.5017304 0.7231000 -0.4746075
f 1396/1396/1396 1397/1397/1397 1398/1398/1398
v 6.1273272 -21.0440678 2.0280317
vt 0.1556370 0.5408400
vn 0.6827833 -0.1086000 -0.7224293
v 5.7735639 -22.5002813 3.9331212
vt 0.2957110 0.5408400
vn 0.4461171 -0.8105000 0.3794928
v 4.1509003 -21.9955092 0.3536290
vt 0.1556370 0.6303310
vn 0.6218736 -0.1386000 -0.7706928
f 1399/1399/1399 1400/1400/1400 1401/1401/1401
v 6.1273272 -21.0440678 2.0280317
vt 0.1556370 0.5408400
vn 0.6827833 -0.1086000 -0.7224293
v 4.1509003 -21.9955092 0.3536290
vt 0.1556370 0.6303310
vn 0.6218736 -0.1386000 -0.7706928
v 4.8199555 -19.4738846 2.8906818
vt 0.0155640 0.5097120
vn -0.5017304 0.7231000 -0.4746075
f 1402/1402/1402 1403/1403/1403 1404/1404/1404
v 4.8199555 -19.4738846 2.8906818
vt 0.0155640 0.5097120
vn -0.5017304 0.7231000 -0.4746075
v 3.3826938 -20.3306847 1.7903651
vt 0.0155640 0.6108770
vn -0.0572295 0.9763000 -0.2083026
v 2.1624647 -21.6976893 3.4915371
vt 0.1867650 0.6264400
vn -0.5140606 0.0267000 0.8572679
f 1405/1405/1405 1406/1406/1406 1407/1407/1407
v 4.8199555 -19.4738846 2.8906818
vt 0.0155640 0.5097120
vn -0.5017304 0.7231000 -0.4746075
v 4.1509003 -21.9955092 0.3536290
vt 0.1556370 0.6303310
vn 0.6218736 -0.1386000 -0.7706928
v 3.3826938 -20.3306847 1.7903651
vt 0.0155640 0.6108770
vn -0.0572295 0.9763000 -0.2083026
f 1408/1408/1408 1409/1409/1409 1410/1410/1410
v 5.7735639 -22.5002813 3.9331212
vt 0.2957110 0.5408400
vn 0.4461171 -0.8105000 0.3794928
v 2.1624647 -21.6976893 3.4915371
vt 0.1867650 0.6264400
vn -0.5140606 0.0267000 0.8572679
v 3.0340614 -23.5204515 1.9629969
vt 0.2957110 0.6420040
vn 0.0614584 -0.9924000 0.1060053
f 1411/1411/1411 1412/1412/1412 1413/1413/1413
v 5.7735639 -22.5002813 3.9331212
vt 0.2957110 0.5408400
vn 0.4461171 -0.8105000 0.3794928
v 3.0340614 -23.5204515 1.9629969
vt 0.2957110 0.6420040
vn 0.0614584 -0.9924000 0.1060053
v 4.1509003 -21.9955092 0.3536290
vt 0.1556370 0.6303310
vn 0.6218736 -0.1386000 -0.7706928
f 1414/1414/1414 1415/1415/1415 1416/1416/1416
v 4.1509003 -21.9955092 0.3536290
vt 0.1556370 0.6303310
vn 0.6218736 -0.1386000 -0.7706928
v 1.6811847 -21.9686816 -1.5328094
vt 0.2023290 0.7431680
vn 0.4854156 -0.3801000 -0.7873203
v 3.3826938 -20.3306847 1.7903651
vt 0.0155640 0.6108770
vn -0.0572295 0.9763000 -0.2083026
f 1417/1417/1417 1418/1418/1418 1419/1419/1419
v 4.1509003 -21.9955092 0.3536290
vt 0.1556370 0.6303310
vn 0.6218736 -0.1386000 -0.7706928
v 3.0340614 -23.5204515 1.9629969
vt 0.2957110 0.6420040
vn 0.0614584 -0.9924000 0.1060053
v 1.6811847 -21.9686816 -1.5328094
vt 0.2023290 0.7431680
vn 0.4854156 -0.3801000 -0.7873203
f 1420/1420/1420 1421/1421/1421 1422/1422/1422
v 1.6811847 -21.9686816 -1.5328094
vt 0.2023290 0.7431680
vn 0.4854156 -0.3801000 -0.7873203
v 1.4901799 -19.7275922 0.6522421
vt 0.0155640 0.7431680
vn 0.2629414 0.9621000 0.0726286
v 3.3826938 -20.3306847 1.7903651
vt 0.0155640 0.6108770
vn -0.0572295 0.9763000 -0.2083026
f 1423/1423/1423 1424/1424/1424 1425/1425/1425
v 3.3826938 -20.3306847 1.7903651
vt 0.0155640 0.6108770
vn -0.0572295 0.9763000 -0.2083026
v -0.4130284 -21.6762711 2.1666229
vt 0.2023290 0.7431680
vn -0.5021540 -0.2266000 0.8345736
v 2.1624647 -21.6976893 3.4915371
vt 0.1867650 0.6264400
vn -0.5140606 0.0267000 0.8572679
f 1426/1426/1426 1427/1427/1427 1428/1428/1428
v 2.1624647 -21.6976893 3.4915371
vt 0.1867650 0.6264400
vn -0.5140606 0.0267000 0.8572679
v -0.4130284 -21.6762711 2.1666229
vt 0.2023290 0.7431680
vn -0.5021540 -0.2266000 0.8345736
v 3.0340614 -23.5204515 1.9629969
vt 0.2957110 0.6420040
vn 0.0614584 -0.9924000 0.1060053
f 1429/1429/1429 1430/1430/1430 1431/1431/1431
v 3.3826938 -20.3306847 1.7903651
vt 0.0155640 0.6108770
vn -0.0572295 0.9763000 -0.2083026
v 1.4901799 -19.7275922 0.6522421
vt 0.0155640 0.7431680
vn 0.2629414 0.9621000 0.0726286
v -0.4130284 -21.6762711 2.1666229
vt 0.2023290 0.7431680
vn -0.5021540 -0.2266000 0.8345736
f 1432/1432/1432 1433/1433/1433 1434/1434/1434
v -0.4130284 -21.6762711 2.1666229
vt 0.2023290 0.7431680
vn -0.5021540 -0.2266000 0.8345736
v -0.0037178 -22.8747864 0.0940869
vt 0.2957110 0.7431680
vn -0.1911767 -0.9811000 -0.0282407
v 3.0340614 -23.5204515 1.9629969
vt 0.2957110 0.6420040
vn 0.0614584 -0.9924000 0.1060053
f 1435/1435/1435 1436/1436/1436 1437/1437/1437
v 3.0340614 -23.5204515 1.9629969
vt 0.2957110 0.6420040
vn 0.0614584 -0.9924000 0.1060053
v -0.0037178 -22.8747864 0.0940869
vt 0.2957110 0.7431680
vn -0.1911767 -0.9811000 -0.0282407
v 1.6811847 -21.9686816 -1.5328094
vt 0.2023290 0.7431680
vn 0.4854156 -0.3801000 -0.7873203
f 1438/1438/1438 1439/1439/1439 1440/1440/1440
v -4.5178140 -5.7575101 0.7353732
vt 0.2957110 0.9688420
vn 0.3135346 0.0720000 0.9468146
v -4.8477488 -5.4234634 0.6698475
vt 0.2957110 0.9921880
vn 0.2217381 0.9606000 0.1676148
v -5.3795377 -5.4368772 0.8912420
vt 0.2490200 0.9921880
vn 0.1378827 0.9901000 -0.0278363
f 1441/1441/1441 1442/1442/1442 1443/1443/1443
v -4.8477488 -5.4234634 0.6698475
vt 0.2957110 0.9921880
vn 0.2217381 0.9606000 0.1676148
v -5.3328564 -6.0974946 0.7438652
vt 0.2490200 0.9532790
vn -0.1055846 0.0855000 -0.9907473
v -5.3795377 -5.4368772 0.8912420
vt 0.2490200 0.9921880
vn 0.1378827 0.9901000 -0.0278363
f 1444/1444/1444 1445/1445/1445 1446/1446/1446
v -4.8477488 -5.4234634 0.6698475
vt 0.2957110 0.9921880
vn 0.2217381 0.9606000 0.1676148
v -4.7605189 -6.3762515 0.6906834
vt 0.2957110 0.9299330
vn 0.6310518 -0.6749000 0.3823139
v -5.3328564 -6.0974946 0.7438652
vt 0.2490200 0.9532790
vn -0.1055846 0.0855000 -0.9907473
f 1447/1447/1447 1448/1448/1448 1449/1449/1449
v -4.5178140 -5.7575101 0.7353732
vt 0.2957110 0.9688420
vn 0.3135346 0.0720000 0.9468146
v -5.5563188 -5.7418848 1.0594345
vt 0.2178920 0.9688420
vn 0.2000414 0.0557000 0.9781899
v -4.7605189 -6.3762515 0.6906834
vt 0.2957110 0.9299330
vn 0.6310518 -0.6749000 0.3823139
f 1450/1450/1450 1451/1451/1451 1452/1452/1452
v -4.5178140 -5.7575101 0.7353732
vt 0.2957110 0.9688420
vn 0.3135346 0.0720000 0.9468146
v -5.3795377 -5.4368772 0.8912420
vt 0.2490200 0.9921880
vn 0.1378827 0.9901000 -0.0278363
v -5.5563188 -5.7418848 1.0594345
vt 0.2178920 0.9688420
vn 0.2000414 0.0557000 0.9781899
f 1453/1453/1453 1454/1454/1454 1455/1455/1455
v -4.7605189 -6.3762515 0.6906834
vt 0.2957110 0.9299330
vn 0.6310518 -0.6749000 0.3823139
v -5.4508843 -6.9884999 0.7030714
vt 0.2490200 0.8988050
vn 0.4708468 -0.8627000 -0.1841665
v -5.3328564 -6.0974946 0.7438652
vt 0.2490200 0.9532790
vn -0.1055846 0.0855000 -0.9907473
f 1456/1456/1456 1457/1457/1457 1458/1458/1458
v -4.7605189 -6.3762515 0.6906834
vt 0.2957110 0.9299330
vn 0.6310518 -0.6749000 0.3823139
v -5.5563188 -5.7418848 1.0594345
vt 0.2178920 0.9688420
vn 0.2000414 0.0557000 0.9781899
v -5.4508843 -6.9884999 0.7030714
vt 0.2490200 0.8988050
vn 0.4708468 -0.8627000 -0.1841665
f 1459/1459/1459 1460/1460/1460 1461/1461/1461
v -5.3795377 -5.4368772 0.8912420
vt 0.2490200 0.9921880
vn 0.1378827 0.9901000 -0.0278363
v -6.5201988 -5.1447065 1.0232959
vt 0.1712010 0.9921880
vn 0.3022427 0.9522000 0.0422961
v -5.5563188 -5.7418848 1.0594345
vt 0.2178920 0.9688420
vn 0.2000414 0.0557000 0.9781899
f 1462/1462/1462 1463/1463/1463 1464/1464/1464
v -5.3795377 -5.4368772 0.8912420
vt 0.2490200 0.9921880
vn 0.1378827 0.9901000 -0.0278363
v -5.3328564 -6.0974946 0.7438652
vt 0.2490200 0.9532790
vn -0.1055846 0.0855000 -0.9907473
v -6.8940087 -6.0411470 0.8213208
vt 0.1400740 0.9377150
vn -0.0445932 0.1047000 -0.9935321
f 1465/1465/1465 1466/1466/1466 1467/1467/1467
v -5.3795377 -5.4368772 0.8912420
vt 0.2490200 0.9921880
vn 0.1378827 0.9901000 -0.0278363
v -6.8940087 -6.0411470 0.8213208
vt 0.1400740 0.9377150
vn -0.0445932 0.1047000 -0.9935321
v -6.5201988 -5.1447065 1.0232959
vt 0.1712010 0.9921880
vn 0.3022427 0.9522000 0.0422961
f 1468/1468/1468 1469/1469/1469 1470/1470/1470
v -5.3328564 -6.0974946 0.7438652
vt 0.2490200 0.9532790
vn -0.1055846 0.0855000 -0.9907473
v -5.4508843 -6.9884999 0.7030714
vt 0.2490200 0.8988050
vn 0.4708468 -0.8627000 -0.1841665
v -6.5427425 -7.3977408 0.7512288
vt 0.1712010 0.8676780
vn 0.1275396 -0.9800000 -0.1525966
f 1471/1471/1471 1472/1472/1472 1473/1473/1473
v -5.3328564 -6.0974946 0.7438652
vt 0.2490200 0.9532790
vn -0.1055846 0.0855000 -0.9907473
v -6.5427425 -7.3977408 0.7512288
vt 0.1712010 0.8676780
vn 0.1275396 -0.9800000 -0.1525966
v -6.8940087 -6.0411470 0.8213208
vt 0.1400740 0.9377150
vn -0.0445932 0.1047000 -0.9935321
f 1474/1474/1474 1475/1475/1475 1476/1476/1476
v -5.4508843 -6.9884999 0.7030714
vt 0.2490200 0.8988050
vn 0.4708468 -0.8627000 -0.1841665
v -5.5563188 -5.7418848 1.0594345
vt 0.2178920 0.9688420
vn 0.2000414 0.0557000 0.9781899
v -6.7934778 -6.4682321 1.0483247
vt 0.1400740 0.9143690
vn 0.0217115 -0.1914000 0.9813175
f 1477/1477/1477 1478/1478/1478 1479/1479/1479
v -5.4508843 -6.9884999 0.7030714
vt 0.2490200 0.8988050
vn 0.4708468 -0.8627000 -0.1841665
v -6.7934778 -6.4682321 1.0483247
vt 0.1400740 0.9143690
vn 0.0217115 -0.1914000 0.9813175
v -6.5427425 -7.3977408 0.7512288
vt 0.1712010 0.8676780
vn 0.1275396 -0.9800000 -0.1525966
f 1480/1480/1480 1481/1481/1481 1482/1482/1482
v -6.5427425 -7.3977408 0.7512288
vt 0.1712010 0.8676780
vn 0.1275396 -0.9800000 -0.1525966
v -7.9590372 -7.1779060 0.8287816
vt 0.0622550 0.8521140
vn -0.6464533 -0.7584000 -0.0830876
v -6.8940087 -6.0411470 0.8213208
vt 0.1400740 0.9377150
vn -0.0445932 0.1047000 -0.9935321
f 1483/1483/1483 1484/1484/1484 1485/1485/1485
v -6.5427425 -7.3977408 0.7512288
vt 0.1712010 0.8676780
vn 0.1275396 -0.9800000 -0.1525966
v -6.7934778 -6.4682321 1.0483247
vt 0.1400740 0.9143690
vn 0.0217115 -0.1914000 0.9813175
v -7.9590372 -7.1779060 0.8287816
vt 0.0622550 0.8521140
vn -0.6464533 -0.7584000 -0.0830876
f 1486/1486/1486 1487/1487/1487 1488/1488/1488
v -7.9590372 -7.1779060 0.8287816
vt 0.0622550 0.8521140
vn -0.6464533 -0.7584000 -0.0830876
v -8.1289292 -6.8374384 0.8625791
vt 0.0466910 0.8754600
vn -0.9941499 -0.1054000 -0.0222286
v -6.8940087 -6.0411470 0.8213208
vt 0.1400740 0.9377150
vn -0.0445932 0.1047000 -0.9935321
f 1489/1489/1489 1490/1490/1490 1491/1491/1491
v -7.9590372 -7.1779060 0.8287816
vt 0.0622550 0.8521140
vn -0.6464533 -0.7584000 -0.0830876
v -6.7934778 -6.4682321 1.0483247
vt 0.1400740 0.9143690
vn 0.0217115 -0.1914000 0.9813175
v -8.1289292 -6.8374384 0.8625791
vt 0.0466910 0.8754600
vn -0.9941499 -0.1054000 -0.0222286
f 1492/1492/1492 1493/1493/1493 1494/1494/1494
v -8.1289292 -6.8374384 0.8625791
vt 0.0466910 0.8754600
vn -0.9941499 -0.1054000 -0.0222286
v -7.9443862 -6.4351616 0.9178384
vt 0.0622550 0.8910240
vn -0.9869986 -0.1581000 -0.0273899
v -6.8940087 -6.0411470 0.8213208
vt 0.1400740 0.9377150
vn -0.0445932 0.1047000 -0.9935321
f 1495/1495/1495 1496/1496/1496 1497/1497/1497
v -8.1289292 -6.8374384 0.8625791
vt 0.0466910 0.8754600
vn -0.9941499 -0.1054000 -0.0222286
v -6.7934778 -6.4682321 1.0483247
vt 0.1400740 0.9143690
vn 0.0217115 -0.1914000 0.9813175
v -7.9443862 -6.4351616 0.9178384
vt 0.0622550 0.8910240
vn -0.9869986 -0.1581000 -0.0273899
f 1498/1498/1498 1499/1499/1499 1500/1500/1500
v -7.9443862 -6.4351616 0.9178384
vt 0.0622550 0.8910240
vn -0.9869986 -0.1581000 -0.0273899
v -8.2545836 -6.0944897 0.9799468
vt 0.0155640 0.9065870
vn -0.9429960 -0.3326000 0.0079141
v -6.8940087 -6.0411470 0.8213208
vt 0.1400740 0.9377150
vn -0.0445932 0.1047000 -0.9935321
f 1501/1501/1501 1502/1502/1502 1503/1503/1503
v -7.9443862 -6.4351616 0.9178384
vt 0.0622550 0.8910240
vn -0.9869986 -0.1581000 -0.0273899
v -6.7934778 -6.4682321 1.0483247
vt 0.1400740 0.9143690
vn 0.0217115 -0.1914000 0.9813175
v -8.2545836 -6.0944897 0.9799468
vt 0.0155640 0.9065870
vn -0.9429960 -0.3326000 0.0079141
f 1504/1504/1504 1505/1505/1505 1506/1506/1506
v -6.7934778 -6.4682321 1.0483247
vt 0.1400740 0.9143690
vn 0.0217115 -0.1914000 0.9813175
v -5.5563188 -5.7418848 1.0594345
vt 0.2178920 0.9688420
vn 0.2000414 0.0557000 0.9781899
v -6.8308627 -5.5671448 1.1218432
vt 0.1400740 0.9610610
vn 0.0109333 0.0300000 0.9994625
f 1507/1507/1507 1508/1508/1508 1509/1509/1509
v -5.5563188 -5.7418848 1.0594345
vt 0.2178920 0.9688420
vn 0.2000414 0.0557000 0.9781899
v -6.5201988 -5.1447065 1.0232959
vt 0.1712010 0.9921880
vn 0.3022427 0.9522000 0.0422961
v -6.8308627 -5.5671448 1.1218432
vt 0.1400740 0.9610610
vn 0.0109333 0.0300000 0.9994625
f 1510/1510/1510 1511/1511/1511 1512/1512/1512
v -6.7934778 -6.4682321 1.0483247
vt 0.1400740 0.9143690
vn 0.0217115 -0.1914000 0.9813175
v -6.8308627 -5.5671448 1.1218432
vt 0.1400740 0.9610610
vn 0.0109333 0.0300000 0.9994625
v -8.2545836 -6.0944897 0.9799468
vt 0.0155640 0.9065870
vn -0.9429960 -0.3326000 0.0079141
f 1513/1513/1513 1514/1514/1514 1515/1515/1515
v -8.2545836 -6.0944897 0.9799468
vt 0.0155640 0.9065870
vn -0.9429960 -0.3326000 0.0079141
v -8.3077484 -5.7286152 1.0041989
vt 0.0155640 0.9221510
vn -0.9902074 0.1292000 0.0516605
v -6.8940087 -6.0411470 0.8213208
vt 0.1400740 0.9377150
vn -0.0445932 0.1047000 -0.9935321
f 1516/1516/1516 1517/1517/1517 1518/1518/1518
v -8.2545836 -6.0944897 0.9799468
vt 0.0155640 0.9065870
vn -0.9429960 -0.3326000 0.0079141
v -6.8308627 -5.5671448 1.1218432
vt 0.1400740 0.9610610
vn 0.0109333 0.0300000 0.9994625
v -8.3077484 -5.7286152 1.0041989
vt 0.0155640 0.9221510
vn -0.9902074 0.1292000 0.0516605
f 1519/1519/1519 1520/1520/1520 1521/1521/1521
v -8.3077484 -5.7286152 1.0041989
vt 0.0155640 0.9221510
vn -0.9902074 0.1292000 0.0516605
v -8.0845380 -5.3589906 0.9746018
vt 0.0311270 0.9377150
vn -0.9890079 0.1084000 -0.1009291
v -6.8940087 -6.0411470 0.8213208
vt 0.1400740 0.9377150
vn -0.0445932 0.1047000 -0.9935321
f 1522/1522/1522 1523/1523/1523 1524/1524/1524
v -8.3077484 -5.7286152 1.0041989
vt 0.0155640 0.9221510
vn -0.9902074 0.1292000 0.0516605
v -6.8308627 -5.5671448 1.1218432
vt 0.1400740 0.9610610
vn 0.0109333 0.0300000 0.9994625
v -8.0845380 -5.3589906 0.9746018
vt 0.0311270 0.9377150
vn -0.9890079 0.1084000 -0.1009291
f 1525/1525/1525 1526/1526/1526 1527/1527/1527
v -8.0845380 -5.3589906 0.9746018
vt 0.0311270 0.9377150
vn -0.9890079 0.1084000 -0.1009291
v -8.2854746 -4.8641226 1.0290145
vt 0.0155640 0.9610610
vn -0.9991420 0.0257000 0.0324883
v -6.8940087 -6.0411470 0.8213208
vt 0.1400740 0.9377150
vn -0.0445932 0.1047000 -0.9935321
f 1528/1528/1528 1529/1529/1529 1530/1530/1530
v -8.0845380 -5.3589906 0.9746018
vt 0.0311270 0.9377150
vn -0.9890079 0.1084000 -0.1009291
v -6.8308627 -5.5671448 1.1218432
vt 0.1400740 0.9610610
vn 0.0109333 0.0300000 0.9994625
v -8.2854746 -4.8641226 1.0290145
vt 0.0155640 0.9610610
vn -0.9991420 0.0257000 0.0324883
f 1531/1531/1531 1532/1532/1532 1533/1533/1533
v -8.2854746 -4.8641226 1.0290145
vt 0.0155640 0.9610610
vn -0.9991420 0.0257000 0.0324883
v -8.1728235 -4.4908921 1.0332175
vt 0.0155640 0.9766240
vn -0.7237690 0.6889000 0.0394149
v -6.8940087 -6.0411470 0.8213208
vt 0.1400740 0.9377150
vn -0.0445932 0.1047000 -0.9935321
f 1534/1534/1534 1535/1535/1535 1536/1536/1536
v -8.2854746 -4.8641226 1.0290145
vt 0.0155640 0.9610610
vn -0.9991420 0.0257000 0.0324883
v -6.8308627 -5.5671448 1.1218432
vt 0.1400740 0.9610610
vn 0.0109333 0.0300000 0.9994625
v -8.1728235 -4.4908921 1.0332175
vt 0.0155640 0.9766240
vn -0.7237690 0.6889000 0.0394149
f 1537/1537/1537 1538/1538/1538 1539/1539/1539
v -8.1728235 -4.4908921 1.0332175
vt 0.0155640 0.9766240
vn -0.7237690 0.6889000 0.0394149
v -7.7962710 -4.3674516 1.0065070
vt 0.0622550 0.9921880
vn -0.0106605 0.9994000 -0.0332175
v -6.8940087 -6.0411470 0.8213208
vt 0.1400740 0.9377150
vn -0.0445932 0.1047000 -0.9935321
f 1540/1540/1540 1541/1541/1541 1542/1542/1542
v -7.7962710 -4.3674516 1.0065070
vt 0.0622550 0.9921880
vn -0.0106605 0.9994000 -0.0332175
v -6.8308627 -5.5671448 1.1218432
vt 0.1400740 0.9610610
vn 0.0109333 0.0300000 0.9994625
v -6.5201988 -5.1447065 1.0232959
vt 0.1712010 0.9921880
vn 0.3022427 0.9522000 0.0422961
f 1543/1543/1543 1544/1544/1544 1545/1545/1545
v -7.7962710 -4.3674516 1.0065070
vt 0.0622550 0.9921880
vn -0.0106605 0.9994000 -0.0332175
v -8.1728235 -4.4908921 1.0332175
vt 0.0155640 0.9766240
vn -0.7237690 0.6889000 0.0394149
v -6.8308627 -5.5671448 1.1218432
vt 0.1400740 0.9610610
vn 0.0109333 0.0300000 0.9994625
f 1546/1546/1546 1547/1547/1547 1548/1548/1548
v -7.7962710 -4.3674516 1.0065070
vt 0.0622550 0.9921880
vn -0.0106605 0.9994000 -0.0332175
v -6.5201988 -5.1447065 1.0232959
vt 0.1712010 0.9921880
vn 0.3022427 0.9522000 0.0422961
v -6.8940087 -6.0411470 0.8213208
vt 0.1400740 0.9377150
vn -0.0445932 0.1047000 -0.9935321
f 1549/1549/1549 1550/1550/1550 1551/1551/1551
v -2.5376558 -5.1704283 -2.9158843
vt 0.2957110 0.9688420
vn 0.9423255 0.2584000 -0.2125724
v -2.9296265 -4.7105611 -3.6261679
vt 0.2490200 0.9921880
vn -0.1160547 0.9337000 0.3387957
v -2.8185172 -4.8218379 -3.0718591
vt 0.2957110 0.9921880
vn 0.1338740 0.9345000 0.3297750
f 1552/1552/1552 1553/1553/1553 1554/1554/1554
v -2.8185172 -4.8218379 -3.0718591
vt 0.2957110 0.9921880
vn 0.1338740 0.9345000 0.3297750
v -2.9296265 -4.7105611 -3.6261679
vt 0.2490200 0.9921880
vn -0.1160547 0.9337000 0.3387957
v -2.9375498 -5.3873567 -3.6728264
vt 0.2490200 0.9532790
vn -0.9016163 -0.1404000 0.4089786
f 1555/1555/1555 1556/1556/1556 1557/1557/1557
v -2.8185172 -4.8218379 -3.0718591
vt 0.2957110 0.9921880
vn 0.1338740 0.9345000 0.3297750
v -2.9375498 -5.3873567 -3.6728264
vt 0.2490200 0.9532790
vn -0.9016163 -0.1404000 0.4089786
v -2.6271593 -5.7437598 -3.2430417
vt 0.2957110 0.9299330
vn 0.7532115 -0.6387000 0.1572544
f 1558/1558/1558 1559/1559/1559 1560/1560/1560
v -2.5376558 -5.1704283 -2.9158843
vt 0.2957110 0.9688420
vn 0.9423255 0.2584000 -0.2125724
v -2.6271593 -5.7437598 -3.2430417
vt 0.2957110 0.9299330
vn 0.7532115 -0.6387000 0.1572544
v -2.8491325 -4.9392687 -3.9324020
vt 0.2178920 0.9688420
vn 0.9237822 0.2570000 -0.2837808
f 1561/1561/1561 1562/1562/1562 1563/1563/1563
v -2.5376558 -5.1704283 -2.9158843
vt 0.2957110 0.9688420
vn 0.9423255 0.2584000 -0.2125724
v -2.8491325 -4.9392687 -3.9324020
vt 0.2178920 0.9688420
vn 0.9237822 0.2570000 -0.2837808
v -2.9296265 -4.7105611 -3.6261679
vt 0.2490200 0.9921880
vn -0.1160547 0.9337000 0.3387957
f 1564/1564/1564 1565/1565/1565 1566/1566/1566
v -2.6271593 -5.7437598 -3.2430417
vt 0.2957110 0.9299330
vn 0.7532115 -0.6387000 0.1572544
v -2.9375498 -5.3873567 -3.6728264
vt 0.2490200 0.9532790
vn -0.9016163 -0.1404000 0.4089786
v -2.9187783 -6.2378105 -3.9658624
vt 0.2490200 0.8988050
vn 0.1623656 -0.9484000 0.2722239
f 1567/1567/1567 1568/1568/1568 1569/1569/1569
v -2.6271593 -5.7437598 -3.2430417
vt 0.2957110 0.9299330
vn 0.7532115 -0.6387000 0.1572544
v -2.9187783 -6.2378105 -3.9658624
vt 0.2490200 0.8988050
vn 0.1623656 -0.9484000 0.2722239
v -2.8491325 -4.9392687 -3.9324020
vt 0.2178920 0.9688420
vn 0.9237822 0.2570000 -0.2837808
f 1570/1570/1570 1571/1571/1571 1572/1572/1572
v -2.9296265 -4.7105611 -3.6261679
vt 0.2490200 0.9921880
vn -0.1160547 0.9337000 0.3387957
v -2.8491325 -4.9392687 -3.9324020
vt 0.2178920 0.9688420
vn 0.9237822 0.2570000 -0.2837808
v -3.4311379 -4.2469438 -4.6171694
vt 0.1712010 0.9921880
vn 0.0383218 0.8769000 0.4790817
f 1573/1573/1573 1574/1574/1574 1575/1575/1575
v -2.9296265 -4.7105611 -3.6261679
vt 0.2490200 0.9921880
vn -0.1160547 0.9337000 0.3387957
v -3.6457698 -5.1080709 -5.0604501
vt 0.1400740 0.9377150
vn -0.8953894 -0.1361000 0.4240194
v -2.9375498 -5.3873567 -3.6728264
vt 0.2490200 0.9532790
vn -0.9016163 -0.1404000 0.4089786
f 1576/1576/1576 1577/1577/1577 1578/1578/1578
v -2.9296265 -4.7105611 -3.6261679
vt 0.2490200 0.9921880
vn -0.1160547 0.9337000 0.3387957
v -3.4311379 -4.2469438 -4.6171694
vt 0.1712010 0.9921880
vn 0.0383218 0.8769000 0.4790817
v -3.6457698 -5.1080709 -5.0604501
vt 0.1400740 0.9377150
vn -0.8953894 -0.1361000 0.4240194
f 1579/1579/1579 1580/1580/1580 1581/1581/1581
v -2.9375498 -5.3873567 -3.6728264
vt 0.2490200 0.9532790
vn -0.9016163 -0.1404000 0.4089786
v -3.3302192 -6.4750208 -5.0368825
vt 0.1712010 0.8676780
vn 0.0871240 -0.9958000 -0.0287759
v -2.9187783 -6.2378105 -3.9658624
vt 0.2490200 0.8988050
vn 0.1623656 -0.9484000 0.2722239
f 1582/1582/1582 1583/1583/1583 1584/1584/1584
v -2.9375498 -5.3873567 -3.6728264
vt 0.2490200 0.9532790
vn -0.9016163 -0.1404000 0.4089786
v -3.6457698 -5.1080709 -5.0604501
vt 0.1400740 0.9377150
vn -0.8953894 -0.1361000 0.4240194
v -3.3302192 -6.4750208 -5.0368825
vt 0.1712010 0.8676780
vn 0.0871240 -0.9958000 -0.0287759
f 1585/1585/1585 1586/1586/1586 1587/1587/1587
v -2.9187783 -6.2378105 -3.9658624
vt 0.2490200 0.8988050
vn 0.1623656 -0.9484000 0.2722239
v -3.3355294 -5.4764214 -5.1706003
vt 0.1400740 0.9143690
vn 0.8899860 0.0518000 -0.4531305
v -2.8491325 -4.9392687 -3.9324020
vt 0.2178920 0.9688420
vn 0.9237822 0.2570000 -0.2837808
f 1588/1588/1588 1589/1589/1589 1590/1590/1590
v -2.9187783 -6.2378105 -3.9658624
vt 0.2490200 0.8988050
vn 0.1623656 -0.9484000 0.2722239
v -3.3302192 -6.4750208 -5.0368825
vt 0.1712010 0.8676780
vn 0.0871240 -0.9958000 -0.0287759
v -3.3355294 -5.4764214 -5.1706003
vt 0.1400740 0.9143690
vn 0.8899860 0.0518000 -0.4531305
f 1591/1591/1591 1592/1592/1592 1593/1593/1593
v -3.3302192 -6.4750208 -5.0368825
vt 0.1712010 0.8676780
vn 0.0871240 -0.9958000 -0.0287759
v -3.6457698 -5.1080709 -5.0604501
vt 0.1400740 0.9377150
vn -0.8953894 -0.1361000 0.4240194
v -3.9709472 -6.0577820 -6.2516180
vt 0.0622550 0.8521140
vn -0.2626915 -0.6636000 -0.7004444
f 1594/1594/1594 1595/1595/1595 1596/1596/1596
v -3.3302192 -6.4750208 -5.0368825
vt 0.1712010 0.8676780
vn 0.0871240 -0.9958000 -0.0287759
v -3.9709472 -6.0577820 -6.2516180
vt 0.0622550 0.8521140
vn -0.2626915 -0.6636000 -0.7004444
v -3.3355294 -5.4764214 -5.1706003
vt 0.1400740 0.9143690
vn 0.8899860 0.0518000 -0.4531305
f 1597/1597/1597 1598/1598/1598 1599/1599/1599
v -3.9709472 -6.0577820 -6.2516180
vt 0.0622550 0.8521140
vn -0.2626915 -0.6636000 -0.7004444
v -3.6457698 -5.1080709 -5.0604501
vt 0.1400740 0.9377150
vn -0.8953894 -0.1361000 0.4240194
v -4.0749935 -5.6999606 -6.3357044
vt 0.0466910 0.8754600
vn -0.4760960 0.0247000 -0.8790688
f 1600/1600/1600 1601/1601/1601 1602/1602/1602
v -3.9709472 -6.0577820 -6.2516180
vt 0.0622550 0.8521140
vn -0.2626915 -0.6636000 -0.7004444
v -4.0749935 -5.6999606 -6.3357044
vt 0.0466910 0.8754600
vn -0.4760960 0.0247000 -0.8790688
v -3.3355294 -5.4764214 -5.1706003
vt 0.1400740 0.9143690
vn 0.8899860 0.0518000 -0.4531305
f 1603/1603/1603 1604/1604/1604 1605/1605/1605
v -4.0749935 -5.6999606 -6.3357044
vt 0.0466910 0.8754600
vn -0.4760960 0.0247000 -0.8790688
v -3.6457698 -5.1080709 -5.0604501
vt 0.1400740 0.9377150
vn -0.8953894 -0.1361000 0.4240194
v -4.0013060 -5.3243744 -6.1067091
vt 0.0622550 0.8910240
vn -0.4690832 -0.0281000 -0.8827499
f 1606/1606/1606 1607/1607/1607 1608/1608/1608
v -4.0749935 -5.6999606 -6.3357044
vt 0.0466910 0.8754600
vn -0.4760960 0.0247000 -0.8790688
v -4.0013060 -5.3243744 -6.1067091
vt 0.0622550 0.8910240
vn -0.4690832 -0.0281000 -0.8827499
v -3.3355294 -5.4764214 -5.1706003
vt 0.1400740 0.9143690
vn 0.8899860 0.0518000 -0.4531305
f 1609/1609/1609 1610/1610/1610 1611/1611/1611
v -4.0013060 -5.3243744 -6.1067091
vt 0.0622550 0.8910240
vn -0.4690832 -0.0281000 -0.8827499
v -3.6457698 -5.1080709 -5.0604501
vt 0.1400740 0.9377150
vn -0.8953894 -0.1361000 0.4240194
v -4.1476529 -4.9409274 -6.3251051
vt 0.0155640 0.9065870
vn -0.3907276 -0.1930000 -0.9000570
f 1612/1612/1612 1613/1613/1613 1614/1614/1614
v -4.0013060 -5.3243744 -6.1067091
vt 0.0622550 0.8910240
vn -0.4690832 -0.0281000 -0.8827499
v -4.1476529 -4.9409274 -6.3251051
vt 0.0155640 0.9065870
vn -0.3907276 -0.1930000 -0.9000570
v -3.3355294 -5.4764214 -5.1706003
vt 0.1400740 0.9143690
vn 0.8899860 0.0518000 -0.4531305
f 1615/1615/1615 1616/1616/1616 1617/1617/1617
v -3.3355294 -5.4764214 -5.1706003
vt 0.1400740 0.9143690
vn 0.8899860 0.0518000 -0.4531305
v -3.4285234 -4.5877695 -5.0276584
vt 0.1400740 0.9610610
vn 0.8660120 0.2709000 -0.4201746
v -2.8491325 -4.9392687 -3.9324020
vt 0.2178920 0.9688420
vn 0.9237822 0.2570000 -0.2837808
f 1618/1618/1618 1619/1619/1619 1620/1620/1620
v -2.8491325 -4.9392687 -3.9324020
vt 0.2178920 0.9688420
vn 0.9237822 0.2570000 -0.2837808
v -3.4285234 -4.5877695 -5.0276584
vt 0.1400740 0.9610610
vn 0.8660120 0.2709000 -0.4201746
v -3.4311379 -4.2469438 -4.6171694
vt 0.1712010 0.9921880
vn 0.0383218 0.8769000 0.4790817
f 1621/1621/1621 1622/1622/1622 1623/1623/1623
v -3.3355294 -5.4764214 -5.1706003
vt 0.1400740 0.9143690
vn 0.8899860 0.0518000 -0.4531305
v -4.1476529 -4.9409274 -6.3251051
vt 0.0155640 0.9065870
vn -0.3907276 -0.1930000 -0.9000570
v -3.4285234 -4.5877695 -5.0276584
vt 0.1400740 0.9610610
vn 0.8660120 0.2709000 -0.4201746
f 1624/1624/1624 1625/1625/1625 1626/1626/1626
v -4.1476529 -4.9409274 -6.3251051
vt 0.0155640 0.9065870
vn -0.3907276 -0.1930000 -0.9000570
v -3.6457698 -5.1080709 -5.0604501
vt 0.1400740 0.9377150
vn -0.8953894 -0.1361000 0.4240194
v -4.2083330 -4.5764471 -6.2976468
vt 0.0155640 0.9221510
vn -0.4464624 0.2676000 -0.8538856
f 1627/1627/1627 1628/1628/1628 1629/1629/1629
v -4.1476529 -4.9409274 -6.3251051
vt 0.0155640 0.9065870
vn -0.3907276 -0.1930000 -0.9000570
v -4.2083330 -4.5764471 -6.2976468
vt 0.0155640 0.9221510
vn -0.4464624 0.2676000 -0.8538856
v -3.4285234 -4.5877695 -5.0276584
vt 0.1400740 0.9610610
vn 0.8660120 0.2709000 -0.4201746
f 1630/1630/1630 1631/1631/1631 1632/1632/1632
v -4.2083330 -4.5764471 -6.2976468
vt 0.0155640 0.9221510
vn -0.4464624 0.2676000 -0.8538856
v -3.6457698 -5.1080709 -5.0604501
vt 0.1400740 0.9377150
vn -0.8953894 -0.1361000 0.4240194
v -4.1847024 -4.2580017 -6.0054981
vt 0.0311270 0.9377150
vn -0.5747050 0.2102000 -0.7908801
f 1633/1633/1633 1634/1634/1634 1635/1635/1635
v -4.2083330 -4.5764471 -6.2976468
vt 0.0155640 0.9221510
vn -0.4464624 0.2676000 -0.8538856
v -4.1847024 -4.2580017 -6.0054981
vt 0.0311270 0.9377150
vn -0.5747050 0.2102000 -0.7908801
v -3.4285234 -4.5877695 -5.0276584
vt 0.1400740 0.9610610
vn 0.8660120 0.2709000 -0.4201746
f 1636/1636/1636 1637/1637/1637 1638/1638/1638
v -4.1847024 -4.2580017 -6.0054981
vt 0.0311270 0.9377150
vn -0.5747050 0.2102000 -0.7908801
v -3.6457698 -5.1080709 -5.0604501
vt 0.1400740 0.9377150
vn -0.8953894 -0.1361000 0.4240194
v -4.3094851 -3.7426999 -6.0899972
vt 0.0155640 0.9610610
vn -0.4512539 0.1647000 -0.8769737
f 1639/1639/1639 1640/1640/1640 1641/1641/1641
v -4.1847024 -4.2580017 -6.0054981
vt 0.0311270 0.9377150
vn -0.5747050 0.2102000 -0.7908801
v -4.3094851 -3.7426999 -6.0899972
vt 0.0155640 0.9610610
vn -0.4512539 0.1647000 -0.8769737
v -3.4285234 -4.5877695 -5.0276584
vt 0.1400740 0.9610610
vn 0.8660120 0.2709000 -0.4201746
f 1642/1642/1642 1643/1643/1643 1644/1644/1644
v -4.3094851 -3.7426999 -6.0899972
vt 0.0155640 0.9610610
vn -0.4512539 0.1647000 -0.8769737
v -3.6457698 -5.1080709 -5.0604501
vt 0.1400740 0.9377150
vn -0.8953894 -0.1361000 0.4240194
v -4.3097581 -3.3979563 -5.9079035
vt 0.0155640 0.9766240
vn -0.4164625 0.7671000 -0.4878085
f 1645/1645/1645 1646/1646/1646 1647/1647/1647
v -4.3094851 -3.7426999 -6.0899972
vt 0.0155640 0.9610610
vn -0.4512539 0.1647000 -0.8769737
v -4.3097581 -3.3979563 -5.9079035
vt 0.0155640 0.9766240
vn -0.4164625 0.7671000 -0.4878085
v -3.4285234 -4.5877695 -5.0276584
vt 0.1400740 0.9610610
vn 0.8660120 0.2709000 -0.4201746
f 1648/1648/1648 1649/1649/1649 1650/1650/1650
v -3.4285234 -4.5877695 -5.0276584
vt 0.1400740 0.9610610
vn 0.8660120 0.2709000 -0.4201746
v -4.1727052 -3.3355990 -5.5403990
vt 0.0622550 0.9921880
vn -0.1877763 0.9536000 0.2353972
v -3.4311379 -4.2469438 -4.6171694
vt 0.1712010 0.9921880
vn 0.0383218 0.8769000 0.4790817
f 1651/1651/1651 1652/1652/1652 1653/1653/1653
v -4.1727052 -3.3355990 -5.5403990
vt 0.0622550 0.9921880
vn -0.1877763 0.9536000 0.2353972
v -3.6457698 -5.1080709 -5.0604501
vt 0.1400740 0.9377150
vn -0.8953894 -0.1361000 0.4240194
v -3.4311379 -4.2469438 -4.6171694
vt 0.1712010 0.9921880
vn 0.0383218 0.8769000 0.4790817
f 1654/1654/1654 1655/1655/1655 1656/1656/1656
v -4.1727052 -3.3355990 -5.5403990
vt 0.0622550 0.9921880
vn -0.1877763 0.9536000 0.2353972
v -3.4285234 -4.5877695 -5.0276584
vt 0.1400740 0.9610610
vn 0.8660120 0.2709000 -0.4201746
v -4.3097581 -3.3979563 -5.9079035
vt 0.0155640 0.9766240
vn -0.4164625 0.7671000 -0.4878085
f 1657/1657/1657 1658/1658/1658 1659/1659/1659
v -4.3097581 -3.3979563 -5.9079035
vt 0.0155640 0.9766240
vn -0.4164625 0.7671000 -0.4878085
v -3.6457698 -5.1080709 -5.0604501
vt 0.1400740 0.9377150
vn -0.8953894 -0.1361000 0.4240194
v -4.1727052 -3.3355990 -5.5403990
vt 0.0622550 0.9921880
vn -0.1877763 0.9536000 0.2353972
f 1660/1660/1660 1661/1661/1661 1662/1662/1662
o material2
usemtl material2
s 1
v -4.0608519 -0.1609528 -1.4621855
vt 0.9226100 0.2663600
vn 0.0528690 0.4845000 -0.8731654
v -3.4471238 -0.8370033 -1.2380420
vt 0.8299630 0.2663600
vn 0.7140861 -0.3061000 -0.6296031
v -4.3061470 -0.9262597 -1.4546210
vt 0.8762870 0.2277570
vn -0.0051832 -0.2708000 -0.9625765
f 1663/1663/1663 1664/1664/1664 1665/1665/1665
v -4.0608519 -0.1609528 -1.4621855
vt 0.9226100 0.2663600
vn 0.0528690 0.4845000 -0.8731654
v -3.4306226 -0.0673447 -0.9336772
vt 0.8762870 0.3049630
vn 0.7506266 0.5713000 -0.3319750
v -3.4471238 -0.8370033 -1.2380420
vt 0.8299630 0.2663600
vn 0.7140861 -0.3061000 -0.6296031
f 1666/1666/1666 1667/1667/1667 1668/1668/1668
v -4.0608519 -0.1609528 -1.4621855
vt 0.9226100 0.2663600
vn 0.0528690 0.4845000 -0.8731654
v -4.3061470 -0.9262597 -1.4546210
vt 0.8762870 0.2277570
vn -0.0051832 -0.2708000 -0.9625765
v -4.9635949 -0.5900506 -1.0853051
vt 0.9843750 0.2277570
vn -0.8658755 0.2589000 -0.4279283
f 1669/1669/1669 1670/1670/1670 1671/1671/1671
v -4.0608519 -0.1609528 -1.4621855
vt 0.9226100 0.2663600
vn 0.0528690 0.4845000 -0.8731654
v -4.1784043 0.3176648 -0.5135255
vt 0.9843750 0.3049630
vn -0.0691965 0.9901000 0.1216543
v -3.4306226 -0.0673447 -0.9336772
vt 0.8762870 0.3049630
vn 0.7506266 0.5713000 -0.3319750
f 1672/1672/1672 1673/1673/1673 1674/1674/1674
v -4.0608519 -0.1609528 -1.4621855
vt 0.9226100 0.2663600
vn 0.0528690 0.4845000 -0.8731654
v -4.9635949 -0.5900506 -1.0853051
vt 0.9843750 0.2277570
vn -0.8658755 0.2589000 -0.4279283
v -4.7520685 0.0631393 -0.8655647
vt 0.9843750 0.2663600
vn -0.6541234 0.7175000 -0.2393718
f 1675/1675/1675 1676/1676/1676 1677/1677/1677
v -4.0608519 -0.1609528 -1.4621855
vt 0.9226100 0.2663600
vn 0.0528690 0.4845000 -0.8731654
v -4.7520685 0.0631393 -0.8655647
vt 0.9843750 0.2663600
vn -0.6541234 0.7175000 -0.2393718
v -4.1784043 0.3176648 -0.5135255
vt 0.9843750 0.3049630
vn -0.0691965 0.9901000 0.1216543
f 1678/1678/1678 1679/1679/1679 1680/1680/1680
v -3.4471238 -0.8370033 -1.2380420
vt 0.8299630 0.2663600
vn 0.7140861 -0.3061000 -0.6296031
v -4.2004629 -1.4285570 -0.8062569
vt 0.7643380 0.2277570
vn 0.1075282 -0.9891000 -0.1006905
v -4.3061470 -0.9262597 -1.4546210
vt 0.8762870 0.2277570
vn -0.0051832 -0.2708000 -0.9625765
f 1681/1681/1681 1682/1682/1682 1683/1683/1683
v -3.4471238 -0.8370033 -1.2380420
vt 0.8299630 0.2663600
vn 0.7140861 -0.3061000 -0.6296031
v -3.4306226 -0.0673447 -0.9336772
vt 0.8762870 0.3049630
vn 0.7506266 0.5713000 -0.3319750
v -3.3104712 -0.6384166 -0.1965463
vt 0.7643380 0.3049630
vn 0.8814437 -0.0570000 0.4688409
f 1684/1684/1684 1685/1685/1685 1686/1686/1686
v -3.4471238 -0.8370033 -1.2380420
vt 0.8299630 0.2663600
vn 0.7140861 -0.3061000 -0.6296031
v -3.5246113 -1.2889616 -0.4172800
vt 0.7643380 0.2663600
vn 0.6021580 -0.7723000 0.2024511
v -4.2004629 -1.4285570 -0.8062569
vt 0.7643380 0.2277570
vn 0.1075282 -0.9891000 -0.1006905
f 1687/1687/1687 1688/1688/1688 1689/1689/1689
v -3.4471238 -0.8370033 -1.2380420
vt 0.8299630 0.2663600
vn 0.7140861 -0.3061000 -0.6296031
v -3.3104712 -0.6384166 -0.1965463
vt 0.7643380 0.3049630
vn 0.8814437 -0.0570000 0.4688409
v -3.5246113 -1.2889616 -0.4172800
vt 0.7643380 0.2663600
vn 0.6021580 -0.7723000 0.2024511
f 1690/1690/1690 1691/1691/1691 1692/1692/1692
v -4.9635949 -0.5900506 -1.0853051
vt 0.9843750 0.2277570
vn -0.8658755 0.2589000 -0.4279283
v -4.8295342 -0.3888431 -0.0447925
vt 0.9226100 0.2663600
vn -0.7521632 0.2458000 0.6114061
v -4.7520685 0.0631393 -0.8655647
vt 0.9843750 0.2663600
vn -0.6541234 0.7175000 -0.2393718
f 1693/1693/1693 1694/1694/1694 1695/1695/1695
v -4.9635949 -0.5900506 -1.0853051
vt 0.9843750 0.2277570
vn -0.8658755 0.2589000 -0.4279283
v -4.8582056 -1.0899182 -0.4367071
vt 0.8762870 0.2277570
vn -0.7580417 -0.4940000 0.4257248
v -4.8295342 -0.3888431 -0.0447925
vt 0.9226100 0.2663600
vn -0.7521632 0.2458000 0.6114061
f 1696/1696/1696 1697/1697/1697 1698/1698/1698
v -4.7520685 0.0631393 -0.8655647
vt 0.9843750 0.2663600
vn -0.6541234 0.7175000 -0.2393718
v -4.8295342 -0.3888431 -0.0447925
vt 0.9226100 0.2663600
vn -0.7521632 0.2458000 0.6114061
v -4.1784043 0.3176648 -0.5135255
vt 0.9843750 0.3049630
vn -0.0691965 0.9901000 0.1216543
f 1699/1699/1699 1700/1700/1700 1701/1701/1701
v -3.4306226 -0.0673447 -0.9336772
vt 0.8762870 0.3049630
vn 0.7506266 0.5713000 -0.3319750
v -3.5812632 0.0270561 -0.2364055
vt 0.8762870 0.3358460
vn 0.5924687 0.6807000 0.4307456
v -3.3104712 -0.6384166 -0.1965463
vt 0.7643380 0.3049630
vn 0.8814437 -0.0570000 0.4688409
f 1702/1702/1702 1703/1703/1703 1704/1704/1704
v -3.4306226 -0.0673447 -0.9336772
vt 0.8762870 0.3049630
vn 0.7506266 0.5713000 -0.3319750
v -4.1784043 0.3176648 -0.5135255
vt 0.9843750 0.3049630
vn -0.0691965 0.9901000 0.1216543
v -3.5812632 0.0270561 -0.2364055
vt 0.8762870 0.3358460
vn 0.5924687 0.6807000 0.4307456
f 1705/1705/1705 1706/1706/1706 1707/1707/1707
v -4.2004629 -1.4285570 -0.8062569
vt 0.7643380 0.2277570
vn 0.1075282 -0.9891000 -0.1006905
v -3.5246113 -1.2889616 -0.4172800
vt 0.7643380 0.2663600
vn 0.6021580 -0.7723000 0.2024511
v -4.2158269 -1.0648936 0.1793386
vt 0.8299630 0.2663600
vn -0.0811165 -0.5418000 0.8364914
f 1708/1708/1708 1709/1709/1709 1710/1710/1710
v -4.2004629 -1.4285570 -0.8062569
vt 0.7643380 0.2277570
vn 0.1075282 -0.9891000 -0.1006905
v -4.2158269 -1.0648936 0.1793386
vt 0.8299630 0.2663600
vn -0.0811165 -0.5418000 0.8364914
v -4.8582056 -1.0899182 -0.4367071
vt 0.8762870 0.2277570
vn -0.7580417 -0.4940000 0.4257248
f 1711/1711/1711 1712/1712/1712 1713/1713/1713
v -4.8582056 -1.0899182 -0.4367071
vt 0.8762870 0.2277570
vn -0.7580417 -0.4940000 0.4257248
v -4.2158269 -1.0648936 0.1793386
vt 0.8299630 0.2663600
vn -0.0811165 -0.5418000 0.8364914
v -4.8295342 -0.3888431 -0.0447925
vt 0.9226100 0.2663600
vn -0.7521632 0.2458000 0.6114061
f 1714/1714/1714 1715/1715/1715 1716/1716/1716
v -3.5246113 -1.2889616 -0.4172800
vt 0.7643380 0.2663600
vn 0.6021580 -0.7723000 0.2024511
v -3.3104712 -0.6384166 -0.1965463
vt 0.7643380 0.3049630
vn 0.8814437 -0.0570000 0.4688409
v -4.2158269 -1.0648936 0.1793386
vt 0.8299630 0.2663600
vn -0.0811165 -0.5418000 0.8364914
f 1717/1717/1717 1718/1718/1718 1719/1719/1719
v -4.1784043 0.3176648 -0.5135255
vt 0.9843750 0.3049630
vn -0.0691965 0.9901000 0.1216543
v -4.0582520 -0.2534070 0.2236033
vt 0.8762870 0.3049630
vn 0.0677840 0.3689000 0.9269994
v -3.5812632 0.0270561 -0.2364055
vt 0.8762870 0.3358460
vn 0.5924687 0.6807000 0.4307456
f 1720/1720/1720 1721/1721/1721 1722/1722/1722
v -4.1784043 0.3176648 -0.5135255
vt 0.9843750 0.3049630
vn -0.0691965 0.9901000 0.1216543
v -4.8295342 -0.3888431 -0.0447925
vt 0.9226100 0.2663600
vn -0.7521632 0.2458000 0.6114061
v -4.0582520 -0.2534070 0.2236033
vt 0.8762870 0.3049630
vn 0.0677840 0.3689000 0.9269994
f 1723/1723/1723 1724/1724/1724 1725/1725/1725
v -4.0582520 -0.2534070 0.2236033
vt 0.8762870 0.3049630
vn 0.0677840 0.3689000 0.9269994
v -4.2158269 -1.0648936 0.1793386
vt 0.8299630 0.2663600
vn -0.0811165 -0.5418000 0.8364914
v -3.3104712 -0.6384166 -0.1965463
vt 0.7643380 0.3049630
vn 0.8814437 -0.0570000 0.4688409
f 1726/1726/1726 1727/1727/1727 1728/1728/1728
v -4.0582520 -0.2534070 0.2236033
vt 0.8762870 0.3049630
vn 0.0677840 0.3689000 0.9269994
v -3.3104712 -0.6384166 -0.1965463
vt 0.7643380 0.3049630
vn 0.8814437 -0.0570000 0.4688409
v -3.5812632 0.0270561 -0.2364055
vt 0.8762870 0.3358460
vn 0.5924687 0.6807000 0.4307456
f 1729/1729/1729 1730/1730/1730 1731/1731/1731
v -4.0582520 -0.2534070 0.2236033
vt 0.8762870 0.3049630
vn 0.0677840 0.3689000 0.9269994
v -4.8295342 -0.3888431 -0.0447925
vt 0.9226100 0.2663600
vn -0.7521632 0.2458000 0.6114061
v -4.2158269 -1.0648936 0.1793386
vt 0.8299630 0.2663600
vn -0.0811165 -0.5418000 0.8364914
f 1732/1732/1732 1733/1733/1733 1734/1734/1734
