# Fitted 3DS content for bottle preview POC1
mtllib princess.mtl
o material-0138A9AD
usemtl material-0138A9AD
s 1
v 0.4047982 -9.2681815 9.2260257
vt 0.0300000 0.8400000
vn -0.0331000 0.5557000 0.8307000
v -1.1525504 -11.0166848 10.3335985
vt 0.4100000 0.1900000
vn -0.0331000 0.5557000 0.8307000
v 0.3373318 -10.4319763 10.0018889
vt 0.0300000 0.4400000
vn -0.0331000 0.5557000 0.8307000
f 1/1/1 2/2/2 3/3/3
v 0.4047982 -9.2681815 9.2260257
vt 0.0300000 0.8400000
vn -0.1660000 0.6290000 0.7595000
v -2.0015022 -9.7404460 9.0910929
vt 0.6600000 0.7500000
vn -0.1660000 0.6290000 0.7595000
v -1.1525504 -11.0166848 10.3335985
vt 0.4100000 0.1900000
vn -0.1660000 0.6290000 0.7595000
f 4/4/4 5/5/5 6/6/6
v 0.4047982 -9.2681815 9.2260257
vt 0.0300000 0.8400000
vn 0.1864000 0.5375000 0.8224000
v 0.3373318 -10.4319763 10.0018889
vt 0.0300000 0.4400000
vn 0.1864000 0.5375000 0.8224000
v 1.6697926 -11.2640615 10.2436434
vt 0.4100000 0.1900000
vn 0.1864000 0.5375000 0.8224000
f 7/7/7 8/8/8 9/9/9
v 0.4047982 -9.2681815 9.2260257
vt 0.0300000 0.8400000
vn 0.2884000 0.5737000 0.7666000
v 1.6697926 -11.2640615 10.2436434
vt 0.4100000 0.1900000
vn 0.2884000 0.5737000 0.7666000
v 2.6874103 -10.1452442 9.0236266
vt 0.6600000 0.7500000
vn 0.2884000 0.5737000 0.7666000
f 10/10/10 11/11/11 12/12/12
v -2.0015022 -9.7404460 9.0910929
vt 0.6600000 0.7500000
vn -0.2819000 0.5664000 0.7744000
v -3.2608744 -11.3202835 9.7882454
vt 0.9700000 0.2200000
vn -0.2819000 0.5664000 0.7744000
v -1.1525504 -11.0166848 10.3335985
vt 0.4100000 0.1900000
vn -0.2819000 0.5664000 0.7744000
f 13/13/13 14/14/14 15/15/15
v -2.0015022 -9.7404460 9.0910929
vt 0.6600000 0.7500000
vn -0.3520000 0.5983000 0.7198000
v -3.2327634 -10.3363989 8.9842712
vt 0.9700000 0.6300000
vn -0.3520000 0.5983000 0.7198000
v -3.2608744 -11.3202835 9.7882454
vt 0.9700000 0.2200000
vn -0.3520000 0.5983000 0.7198000
f 16/16/16 17/17/17 18/18/18
v 1.6697926 -11.2640615 10.2436434
vt 0.4100000 0.1900000
vn 0.3797000 0.5020000 0.7771000
v 3.6825392 -11.9162364 9.6814237
vt 0.9700000 0.2200000
vn 0.3797000 0.5020000 0.7771000
v 2.6874103 -10.1452442 9.0236266
vt 0.6600000 0.7500000
vn 0.3797000 0.5020000 0.7771000
f 19/19/19 20/20/20 21/21/21
v 3.6825392 -11.9162364 9.6814237
vt 0.9700000 0.2200000
vn 0.4736000 0.5280000 0.7050000
v 3.7949831 -10.9435962 8.8774495
vt 0.9700000 0.6300000
vn 0.4736000 0.5280000 0.7050000
v 2.6874103 -10.1452442 9.0236266
vt 0.6600000 0.7500000
vn 0.4736000 0.5280000 0.7050000
f 22/22/22 23/23/23 24/24/24
o material-02FDF718
usemtl material-02FDF718
s 1
v 0.1967769 -7.1598575 2.7998542
vt 0.4500000 0.9400000
vn 0.3532000 0.5675000 -0.7438000
v 1.7653699 -7.6939662 3.1371861
vt 0.5300000 0.9300000
vn 0.3532000 0.5675000 -0.7438000
v 1.5067489 -9.9203563 1.3155942
vt 0.5300000 0.9900000
vn 0.3532000 0.5675000 -0.7438000
f 25/25/25 26/26/26 27/27/27
v 0.1967769 -7.1598575 2.7998542
vt 0.4500000 0.9400000
vn 0.3729000 0.7514000 -0.5443000
v 1.7934809 -6.9911916 4.1266928
vt 0.5300000 0.9000000
vn 0.3729000 0.7514000 -0.5443000
v 1.7653699 -7.6939662 3.1371861
vt 0.5300000 0.9300000
vn 0.3729000 0.7514000 -0.5443000
f 28/28/28 29/29/29 30/30/30
v 0.1967769 -7.1598575 2.7998542
vt 0.4500000 0.9400000
vn 0.2599000 0.5501000 -0.7937000
v 1.5067489 -9.9203563 1.3155942
vt 0.5300000 0.9900000
vn 0.2599000 0.5501000 -0.7937000
v 0.2979765 -9.1950929 1.4224159
vt 0.4500000 0.9900000
vn 0.2599000 0.5501000 -0.7937000
f 31/31/31 32/32/32 33/33/33
v 0.1967769 -7.1598575 2.7998542
vt 0.4500000 0.9400000
vn 0.3763000 0.7472000 -0.5478000
v 0.3035987 -5.9398407 4.5371132
vt 0.4500000 0.8800000
vn 0.3763000 0.7472000 -0.5478000
v 1.7934809 -6.9911916 4.1266928
vt 0.5300000 0.9000000
vn 0.3763000 0.7472000 -0.5478000
f 34/34/34 35/35/35 36/36/36
v 0.1967769 -7.1598575 2.7998542
vt 0.4500000 0.9400000
vn -0.1640000 0.5473000 -0.8207000
v 0.2979765 -9.1950929 1.4224159
vt 0.4500000 0.9900000
vn -0.1640000 0.5473000 -0.8207000
v -1.0344843 -9.6786019 1.3661939
vt 0.3800000 0.9900000
vn -0.1640000 0.5473000 -0.8207000
f 37/37/37 38/38/38 39/39/39
v 0.1967769 -7.1598575 2.7998542
vt 0.4500000 0.9400000
vn -0.6128000 0.6639000 -0.4286000
v -1.0513509 -7.1542353 4.5933352
vt 0.3800000 0.9000000
vn -0.6128000 0.6639000 -0.4286000
v 0.3035987 -5.9398407 4.5371132
vt 0.4500000 0.8800000
vn -0.6128000 0.6639000 -0.4286000
f 40/40/40 41/41/41 42/42/42
v 0.1967769 -7.1598575 2.7998542
vt 0.4500000 0.9400000
vn -0.4425000 0.5971000 -0.6690000
v -1.0344843 -9.6786019 1.3661939
vt 0.3800000 0.9900000
vn -0.4425000 0.5971000 -0.6690000
v -0.7927298 -7.4522118 3.1934080
vt 0.3800000 0.9300000
vn -0.4425000 0.5971000 -0.6690000
f 43/43/43 44/44/44 45/45/45
v 0.1967769 -7.1598575 2.7998542
vt 0.4500000 0.9400000
vn -0.3667000 0.8938000 -0.2580000
v -0.7927298 -7.4522118 3.1934080
vt 0.3800000 0.9300000
vn -0.3667000 0.8938000 -0.2580000
v -1.0513509 -7.1542353 4.5933352
vt 0.3800000 0.9000000
vn -0.3667000 0.8938000 -0.2580000
f 46/46/46 47/47/47 48/48/48
v 1.7934809 -6.9911916 4.1266928
vt 0.5300000 0.9000000
vn 0.5662000 0.8226000 -0.0521000
v 0.3035987 -5.9398407 4.5371132
vt 0.4500000 0.8800000
vn 0.5662000 0.8226000 -0.0521000
v 1.1919058 -6.3952387 6.9996356
vt 0.4500000 0.8200000
vn 0.5662000 0.8226000 -0.0521000
f 49/49/49 50/50/50 51/51/51
v 1.7934809 -6.9911916 4.1266928
vt 0.5300000 0.9000000
vn 0.7116000 0.7026000 0.0033000
v 1.1919058 -6.3952387 6.9996356
vt 0.4500000 0.8200000
vn 0.7116000 0.7026000 0.0033000
v 2.3950560 -7.6096333 6.0888396
vt 0.5200000 0.8200000
vn 0.7116000 0.7026000 0.0033000
f 52/52/52 53/53/53 54/54/54
v -1.0513509 -7.1542353 4.5933352
vt 0.3800000 0.9000000
vn -0.6647000 0.7445000 0.0627000
v -0.8770628 -7.1823463 6.7747477
vt 0.3800000 0.8500000
vn -0.6647000 0.7445000 0.0627000
v 0.3035987 -5.9398407 4.5371132
vt 0.4500000 0.8800000
vn -0.6647000 0.7445000 0.0627000
f 55/55/55 56/56/56 57/57/57
v 0.3035987 -5.9398407 4.5371132
vt 0.4500000 0.8800000
vn -0.3676000 0.8817000 0.2957000
v -0.8770628 -7.1823463 6.7747477
vt 0.3800000 0.8500000
vn -0.3676000 0.8817000 0.2957000
v 1.1919058 -6.3952387 6.9996356
vt 0.4500000 0.8200000
vn -0.3676000 0.8817000 0.2957000
f 58/58/58 59/59/59 60/60/60
v 2.3950560 -7.6096333 6.0888396
vt 0.5200000 0.8200000
vn 0.7056000 0.7085000 -0.0126000
v 1.1919058 -6.3952387 6.9996356
vt 0.4500000 0.8200000
vn 0.7056000 0.7085000 -0.0126000
v 3.5476065 -8.7228283 8.0341199
vt 0.4500000 0.7600000
vn 0.7056000 0.7085000 -0.0126000
f 61/61/61 62/62/62 63/63/63
v -0.8770628 -7.1823463 6.7747477
vt 0.3800000 0.8500000
vn -0.3399000 0.7211000 0.6038000
v 0.5903307 -7.5309225 8.0172533
vt 0.3900000 0.8200000
vn -0.3399000 0.7211000 0.6038000
v 1.1919058 -6.3952387 6.9996356
vt 0.4500000 0.8200000
vn -0.3399000 0.7211000 0.6038000
f 64/64/64 65/65/65 66/66/66
v 1.1919058 -6.3952387 6.9996356
vt 0.4500000 0.8200000
vn 0.2291000 0.5795000 0.7821000
v 0.5903307 -7.5309225 8.0172533
vt 0.3900000 0.8200000
vn 0.2291000 0.5795000 0.7821000
v 3.5476065 -8.7228283 8.0341199
vt 0.4500000 0.7600000
vn 0.2291000 0.5795000 0.7821000
f 67/67/67 68/68/68 69/69/69
v 4.3290919 -8.0144315 5.1218217
vt 0.4500000 0.8200000
vn 0.3712000 0.9285000 0.0090000
v 3.1090751 -7.5140559 3.8174719
vt 0.4500000 0.8700000
vn 0.3712000 0.9285000 0.0090000
v 1.7934809 -6.9911916 4.1266928
vt 0.3800000 0.8800000
vn 0.3712000 0.9285000 0.0090000
f 70/70/70 71/71/71 72/72/72
v 4.3290919 -8.0144315 5.1218217
vt 0.4500000 0.8200000
vn 0.7400000 0.4057000 -0.5365000
v 4.0086266 -9.7348238 3.3789405
vt 0.5300000 0.8800000
vn 0.7400000 0.4057000 -0.5365000
v 3.1090751 -7.5140559 3.8174719
vt 0.4500000 0.8700000
vn 0.7400000 0.4057000 -0.5365000
f 73/73/73 74/74/74 75/75/75
v 4.3290919 -8.0144315 5.1218217
vt 0.4500000 0.8200000
vn 0.2968000 0.9331000 0.2031000
v 1.7934809 -6.9911916 4.1266928
vt 0.3800000 0.8800000
vn 0.2968000 0.9331000 0.2031000
v 2.3950560 -7.6096333 6.0888396
vt 0.3800000 0.8200000
vn 0.2968000 0.9331000 0.2031000
f 76/76/76 77/77/77 78/78/78
v 4.3290919 -8.0144315 5.1218217
vt 0.4500000 0.8200000
vn 0.7819000 0.3658000 -0.5049000
v 4.6383127 -9.3581366 4.6270683
vt 0.5000000 0.8200000
vn 0.7819000 0.3658000 -0.5049000
v 4.0086266 -9.7348238 3.3789405
vt 0.5300000 0.8800000
vn 0.7819000 0.3658000 -0.5049000
f 79/79/79 80/80/80 81/81/81
v 4.3290919 -8.0144315 5.1218217
vt 0.4500000 0.8200000
vn 0.4234000 0.7250000 0.5432000
v 2.3950560 -7.6096333 6.0888396
vt 0.3800000 0.8200000
vn 0.4234000 0.7250000 0.5432000
v 3.7050280 -8.6609842 6.4711490
vt 0.4000000 0.7800000
vn 0.4234000 0.7250000 0.5432000
f 82/82/82 83/83/83 84/84/84
v 4.3290919 -8.0144315 5.1218217
vt 0.4500000 0.8200000
vn 0.8701000 0.3338000 -0.3626000
v 5.4366647 -9.9428451 6.0045067
vt 0.4500000 0.7600000
vn 0.8701000 0.3338000 -0.3626000
v 4.6383127 -9.3581366 4.6270683
vt 0.5000000 0.8200000
vn 0.8701000 0.3338000 -0.3626000
f 85/85/85 86/86/86 87/87/87
v 4.3290919 -8.0144315 5.1218217
vt 0.4500000 0.8200000
vn 0.5865000 0.5906000 0.5543000
v 3.7050280 -8.6609842 6.4711490
vt 0.4000000 0.7800000
vn 0.5865000 0.5906000 0.5543000
v 5.4366647 -9.9428451 6.0045067
vt 0.4500000 0.7600000
vn 0.5865000 0.5906000 0.5543000
f 88/88/88 89/89/89 90/90/90
v 3.1090751 -7.5140559 3.8174719
vt 0.4500000 0.8700000
vn 0.1830000 0.7991000 -0.5727000
v 1.7653699 -7.6939662 3.1371861
vt 0.4000000 0.9100000
vn 0.1830000 0.7991000 -0.5727000
v 1.7934809 -6.9911916 4.1266928
vt 0.3800000 0.8800000
vn 0.1830000 0.7991000 -0.5727000
f 91/91/91 92/92/92 93/93/93
v 3.1090751 -7.5140559 3.8174719
vt 0.4500000 0.8700000
vn 0.6566000 0.3931000 -0.6437000
v 4.0086266 -9.7348238 3.3789405
vt 0.5300000 0.8800000
vn 0.6566000 0.3931000 -0.6437000
v 3.2383856 -9.3412700 2.8335874
vt 0.4900000 0.9100000
vn 0.6566000 0.3931000 -0.6437000
f 94/94/94 95/95/95 96/96/96
v 3.1090751 -7.5140559 3.8174719
vt 0.4500000 0.8700000
vn 0.3040000 0.5819000 -0.7543000
v 1.5067489 -9.9203563 1.3155942
vt 0.4500000 0.9500000
vn 0.3040000 0.5819000 -0.7543000
v 1.7653699 -7.6939662 3.1371861
vt 0.4000000 0.9100000
vn 0.3040000 0.5819000 -0.7543000
f 97/97/97 98/98/98 99/99/99
v 3.1090751 -7.5140559 3.8174719
vt 0.4500000 0.8700000
vn 0.5062000 0.4364000 -0.7439000
v 3.2383856 -9.3412700 2.8335874
vt 0.4900000 0.9100000
vn 0.5062000 0.4364000 -0.7439000
v 1.5067489 -9.9203563 1.3155942
vt 0.4500000 0.9500000
vn 0.5062000 0.4364000 -0.7439000
f 100/100/100 101/101/101 102/102/102
v 4.0086266 -9.7348238 3.3789405
vt 0.5300000 0.8800000
vn 0.6571000 0.4042000 -0.6363000
v 3.7275168 -11.3315279 2.0745908
vt 0.5300000 0.9500000
vn 0.6571000 0.4042000 -0.6363000
v 3.2383856 -9.3412700 2.8335874
vt 0.4900000 0.9100000
vn 0.6571000 0.4042000 -0.6363000
f 103/103/103 104/104/104 105/105/105
v 3.2383856 -9.3412700 2.8335874
vt 0.4900000 0.9100000
vn 0.5184000 0.4130000 -0.7488000
v 3.7275168 -11.3315279 2.0745908
vt 0.5300000 0.9500000
vn 0.5184000 0.4130000 -0.7488000
v 1.5067489 -9.9203563 1.3155942
vt 0.4500000 0.9500000
vn 0.5184000 0.4130000 -0.7488000
f 106/106/106 107/107/107 108/108/108
v 3.7275168 -11.3315279 2.0745908
vt 0.5300000 0.9500000
vn 0.4196000 0.1821000 -0.8892000
v 1.5404820 -12.3041680 0.8433296
vt 0.4900000 0.9900000
vn 0.4196000 0.1821000 -0.8892000
v 1.5067489 -9.9203563 1.3155942
vt 0.4500000 0.9500000
vn 0.4196000 0.1821000 -0.8892000
f 109/109/109 110/110/110 111/111/111
v -2.9010538 -7.4128564 3.7275168
vt 0.4500000 0.8400000
vn -0.8591000 0.4695000 -0.2036000
v -3.8736939 -9.2119595 3.6825392
vt 0.3800000 0.8600000
vn -0.8591000 0.4695000 -0.2036000
v -3.8006053 -8.4248519 5.1892881
vt 0.4000000 0.8000000
vn -0.8591000 0.4695000 -0.2036000
f 112/112/112 113/113/113 114/114/114
v -2.9010538 -7.4128564 3.7275168
vt 0.4500000 0.8400000
vn -0.6999000 0.3933000 -0.5962000
v -2.6592993 -8.5935178 2.6649215
vt 0.4500000 0.8800000
vn -0.6999000 0.3933000 -0.5962000
v -3.8736939 -9.2119595 3.6825392
vt 0.3800000 0.8600000
vn -0.6999000 0.3933000 -0.5962000
f 115/115/115 116/116/116 117/117/117
v -2.9010538 -7.4128564 3.7275168
vt 0.4500000 0.8400000
vn -0.8307000 0.5393000 -0.1378000
v -3.8006053 -8.4248519 5.1892881
vt 0.4000000 0.8000000
vn -0.8307000 0.5393000 -0.1378000
v -3.0078755 -7.1879685 5.2511322
vt 0.4500000 0.8100000
vn -0.8307000 0.5393000 -0.1378000
f 118/118/118 119/119/119 120/120/120
v -2.9010538 -7.4128564 3.7275168
vt 0.4500000 0.8400000
vn -0.1779000 0.6379000 -0.7493000
v -0.7927298 -7.4522118 3.1934080
vt 0.5300000 0.8600000
vn -0.1779000 0.6379000 -0.7493000
v -2.6592993 -8.5935178 2.6649215
vt 0.4500000 0.8800000
vn -0.1779000 0.6379000 -0.7493000
f 121/121/121 122/122/122 123/123/123
v -2.9010538 -7.4128564 3.7275168
vt 0.4500000 0.8400000
vn -0.0675000 0.9863000 -0.1503000
v -3.0078755 -7.1879685 5.2511322
vt 0.4500000 0.8100000
vn -0.0675000 0.9863000 -0.1503000
v -1.0513509 -7.1542353 4.5933352
vt 0.5300000 0.8200000
vn -0.0675000 0.9863000 -0.1503000
f 124/124/124 125/125/125 126/126/126
v -2.9010538 -7.4128564 3.7275168
vt 0.4500000 0.8400000
vn -0.0361000 0.9761000 -0.2144000
v -1.0513509 -7.1542353 4.5933352
vt 0.5300000 0.8200000
vn -0.0361000 0.9761000 -0.2144000
v -0.7927298 -7.4522118 3.1934080
vt 0.5300000 0.8600000
vn -0.0361000 0.9761000 -0.2144000
f 127/127/127 128/128/128 129/129/129
v -3.8736939 -9.2119595 3.6825392
vt 0.3800000 0.8600000
vn -0.6999000 0.3946000 -0.5954000
v -2.6592993 -8.5935178 2.6649215
vt 0.4500000 0.8800000
vn -0.6999000 0.3946000 -0.5954000
v -3.4464069 -10.6512420 2.2263901
vt 0.3800000 0.9300000
vn -0.6999000 0.3946000 -0.5954000
f 130/130/130 131/131/131 132/132/132
v -3.8006053 -8.4248519 5.1892881
vt 0.4000000 0.8000000
vn -0.8112000 0.5052000 0.2945000
v -3.0472309 -8.1493642 6.7916143
vt 0.4500000 0.7600000
vn -0.8112000 0.5052000 0.2945000
v -3.0078755 -7.1879685 5.2511322
vt 0.4500000 0.8100000
vn -0.8112000 0.5052000 0.2945000
f 133/133/133 134/134/134 135/135/135
v -1.0513509 -7.1542353 4.5933352
vt 0.5300000 0.8200000
vn 0.0682000 0.9653000 0.2522000
v -3.0078755 -7.1879685 5.2511322
vt 0.4500000 0.8100000
vn 0.0682000 0.9653000 0.2522000
v -1.9452802 -7.4128564 5.8245963
vt 0.5000000 0.7900000
vn 0.0682000 0.9653000 0.2522000
f 136/136/136 137/137/137 138/138/138
v -1.9452802 -7.4128564 5.8245963
vt 0.5000000 0.7900000
vn -0.1043000 0.8449000 0.5246000
v -3.0078755 -7.1879685 5.2511322
vt 0.4500000 0.8100000
vn -0.1043000 0.8449000 0.5246000
v -3.0472309 -8.1493642 6.7916143
vt 0.4500000 0.7600000
vn -0.1043000 0.8449000 0.5246000
f 139/139/139 140/140/140 141/141/141
v -0.7927298 -7.4522118 3.1934080
vt 0.5300000 0.8600000
vn -0.1760000 0.6359000 -0.7515000
v -1.0344843 -9.6786019 1.3661939
vt 0.5300000 0.9300000
vn -0.1760000 0.6359000 -0.7515000
v -2.6592993 -8.5935178 2.6649215
vt 0.4500000 0.8800000
vn -0.1760000 0.6359000 -0.7515000
f 142/142/142 143/143/143 144/144/144
v -2.6592993 -8.5935178 2.6649215
vt 0.4500000 0.8800000
vn -0.4354000 0.3439000 -0.8320000
v -1.0344843 -9.6786019 1.3661939
vt 0.5300000 0.9300000
vn -0.4354000 0.3439000 -0.8320000
v -3.4464069 -10.6512420 2.2263901
vt 0.3800000 0.9300000
vn -0.4354000 0.3439000 -0.8320000
f 145/145/145 146/146/146 147/147/147
v -1.0344843 -9.6786019 1.3661939
vt 0.5300000 0.9300000
vn -0.4153000 0.2587000 -0.8721000
v -1.5348598 -12.0174359 0.9107960
vt 0.4500000 0.9900000
vn -0.4153000 0.2587000 -0.8721000
v -3.4464069 -10.6512420 2.2263901
vt 0.3800000 0.9300000
vn -0.4153000 0.2587000 -0.8721000
f 148/148/148 149/149/149 150/150/150
v 2.0521020 -19.7873125 10.1817992
vt 0.0700000 0.8800000
vn 0.5976000 0.3836000 0.7040000
v 0.7083969 -17.7352105 10.2042880
vt 0.0100000 0.9500000
vn 0.5976000 0.3836000 0.7040000
v 0.7196412 -18.9496051 10.8564629
vt 0.0100000 0.9000000
vn 0.5976000 0.3836000 0.7040000
f 151/151/151 152/152/152 153/153/153
v 2.0521020 -19.7873125 10.1817992
vt 0.0700000 0.8800000
vn 0.6586000 0.4245000 0.6213000
v 1.7766143 -17.1954796 8.7031613
vt 0.0900000 0.9900000
vn 0.6586000 0.4245000 0.6213000
v 0.7083969 -17.7352105 10.2042880
vt 0.0100000 0.9500000
vn 0.6586000 0.4245000 0.6213000
f 154/154/154 155/155/155 156/156/156
v 2.0521020 -19.7873125 10.1817992
vt 0.0700000 0.8800000
vn 0.5765000 0.3073000 0.7571000
v 0.7196412 -18.9496051 10.8564629
vt 0.0100000 0.9000000
vn 0.5765000 0.3073000 0.7571000
v 1.2931054 -20.3439100 10.9857734
vt 0.0200000 0.8500000
vn 0.5765000 0.3073000 0.7571000
f 157/157/157 158/158/158 159/159/159
v 2.0521020 -19.7873125 10.1817992
vt 0.0700000 0.8800000
vn 0.9404000 0.2383000 0.2424000
v 2.0408576 -17.7464549 8.2196524
vt 0.1300000 0.9700000
vn 0.9404000 0.2383000 0.2424000
v 1.7766143 -17.1954796 8.7031613
vt 0.0900000 0.9900000
vn 0.9404000 0.2383000 0.2424000
f 160/160/160 161/161/161 162/162/162
v 2.0521020 -19.7873125 10.1817992
vt 0.0700000 0.8800000
vn 0.4960000 0.4208000 0.7596000
v 1.2931054 -20.3439100 10.9857734
vt 0.0200000 0.8500000
vn 0.4960000 0.4208000 0.7596000
v 2.0015022 -21.3615277 11.0869730
vt 0.0300000 0.8100000
vn 0.4960000 0.4208000 0.7596000
f 163/163/163 164/164/164 165/165/165
v 2.0521020 -19.7873125 10.1817992
vt 0.0700000 0.8800000
vn 0.9797000 0.1419000 0.1419000
v 2.1589237 -18.3986298 8.0566087
vt 0.1600000 0.9400000
vn 0.9797000 0.1419000 0.1419000
v 2.0408576 -17.7464549 8.2196524
vt 0.1300000 0.9700000
vn 0.9797000 0.1419000 0.1419000
f 166/166/166 167/167/167 168/168/168
v 2.0521020 -19.7873125 10.1817992
vt 0.0700000 0.8800000
vn 0.3898000 0.4496000 0.8037000
v 2.0015022 -21.3615277 11.0869730
vt 0.0300000 0.8100000
vn 0.3898000 0.4496000 0.8037000
v 3.0416087 -22.0924134 10.9913956
vt 0.0700000 0.7600000
vn 0.3898000 0.4496000 0.8037000
f 169/169/169 170/170/170 171/171/171
v 2.0521020 -19.7873125 10.1817992
vt 0.0700000 0.8800000
vn 0.8719000 0.3887000 0.2978000
v 2.7942320 -20.1077778 8.4276737
vt 0.1500000 0.8600000
vn 0.8719000 0.3887000 0.2978000
v 2.1589237 -18.3986298 8.0566087
vt 0.1600000 0.9400000
vn 0.8719000 0.3887000 0.2978000
f 172/172/172 173/173/173 174/174/174
v 2.0521020 -19.7873125 10.1817992
vt 0.0700000 0.8800000
vn 0.8854000 0.4363000 0.1601000
v 3.0416087 -22.0924134 10.9913956
vt 0.0700000 0.7600000
vn 0.8854000 0.4363000 0.1601000
v 2.6424327 -20.7543304 9.5521131
vt 0.1100000 0.8400000
vn 0.8854000 0.4363000 0.1601000
f 175/175/175 176/176/176 177/177/177
v 2.0521020 -19.7873125 10.1817992
vt 0.0700000 0.8800000
vn 0.8875000 0.3374000 0.3138000
v 2.6424327 -20.7543304 9.5521131
vt 0.1100000 0.8400000
vn 0.8875000 0.3374000 0.3138000
v 2.7942320 -20.1077778 8.4276737
vt 0.1500000 0.8600000
vn 0.8875000 0.3374000 0.3138000
f 178/178/178 179/179/179 180/180/180
v 0.7083969 -17.7352105 10.2042880
vt 0.0100000 0.9500000
vn 0.0060000 0.4732000 0.8810000
v -0.8545740 -19.5680468 11.1994169
vt 0.0700000 0.8800000
vn 0.0060000 0.4732000 0.8810000
v 0.7196412 -18.9496051 10.8564629
vt 0.0100000 0.9000000
vn 0.0060000 0.4732000 0.8810000
f 181/181/181 182/182/182 183/183/183
v 0.7083969 -17.7352105 10.2042880
vt 0.0100000 0.9500000
vn -0.0617000 0.5164000 0.8541000
v -0.9838845 -16.7007262 9.4565358
vt 0.0900000 0.9900000
vn -0.0617000 0.5164000 0.8541000
v -0.8545740 -19.5680468 11.1994169
vt 0.0700000 0.8800000
vn -0.0617000 0.5164000 0.8541000
f 184/184/184 185/185/185 186/186/186
v 1.7766143 -17.1954796 8.7031613
vt 0.0900000 0.9900000
vn 0.9288000 0.1469000 0.3403000
v 2.0408576 -17.7464549 8.2196524
vt 0.1300000 0.9700000
vn 0.9288000 0.1469000 0.3403000
v 2.3332119 -17.3810121 7.2638788
vt 0.1900000 0.9900000
vn 0.9288000 0.1469000 0.3403000
f 187/187/187 188/188/188 189/189/189
v 2.1589237 -18.3986298 8.0566087
vt 0.1600000 0.9400000
vn 0.9221000 0.2863000 -0.2602000
v 2.7942320 -20.1077778 8.4276737
vt 0.1500000 0.8600000
vn 0.9221000 0.2863000 -0.2602000
v 2.1982791 -19.7873125 6.6679259
vt 0.2300000 0.8800000
vn 0.9221000 0.2863000 -0.2602000
f 190/190/190 191/191/191 192/192/192
v 2.1589237 -18.3986298 8.0566087
vt 0.1600000 0.9400000
vn 0.9279000 0.2764000 -0.2501000
v 2.1982791 -19.7873125 6.6679259
vt 0.2300000 0.8800000
vn 0.9279000 0.2764000 -0.2501000
v 1.9733912 -18.5897845 7.1570571
vt 0.2300000 0.9500000
vn 0.9279000 0.2764000 -0.2501000
f 193/193/193 194/194/194 195/195/195
v 2.6424327 -20.7543304 9.5521131
vt 0.1100000 0.8400000
vn 0.7809000 0.4901000 0.3872000
v 3.5476065 -21.8056813 9.0573598
vt 0.1200000 0.8000000
vn 0.7809000 0.4901000 0.3872000
v 2.7942320 -20.1077778 8.4276737
vt 0.1500000 0.8600000
vn 0.7809000 0.4901000 0.3872000
f 196/196/196 197/197/197 198/198/198
v 0.7196412 -18.9496051 10.8564629
vt 0.0100000 0.9000000
vn 0.0682000 0.3453000 0.9360000
v -0.8545740 -19.5680468 11.1994169
vt 0.0700000 0.8800000
vn 0.0682000 0.3453000 0.9360000
v 0.1855325 -20.2764437 11.3849494
vt 0.0200000 0.8500000
vn 0.0682000 0.3453000 0.9360000
f 199/199/199 200/200/200 201/201/201
v -0.9838845 -16.7007262 9.4565358
vt 0.0900000 0.9900000
vn -0.5070000 0.4309000 0.7465000
v -1.6360594 -17.0493025 9.2147813
vt 0.1300000 0.9700000
vn -0.5070000 0.4309000 0.7465000
v -0.8545740 -19.5680468 11.1994169
vt 0.0700000 0.8800000
vn -0.5070000 0.4309000 0.7465000
f 202/202/202 203/203/203 204/204/204
v -0.9838845 -16.7007262 9.4565358
vt 0.0900000 0.9900000
vn -0.4885000 0.3639000 0.7930000
v -2.2263901 -16.7513260 8.7144057
vt 0.1900000 0.9900000
vn -0.4885000 0.3639000 0.7930000
v -1.6360594 -17.0493025 9.2147813
vt 0.1300000 0.9700000
vn -0.4885000 0.3639000 0.7930000
f 205/205/205 206/206/206 207/207/207
v 2.3332119 -17.3810121 7.2638788
vt 0.1900000 0.9900000
vn 0.4062000 0.3339000 -0.8506000
v 1.8609473 -18.0669202 6.7691255
vt 0.2400000 0.9800000
vn 0.4062000 0.3339000 -0.8506000
v 1.1244394 -17.8870098 6.4880156
vt 0.2800000 0.9900000
vn 0.4062000 0.3339000 -0.8506000
f 208/208/208 209/209/209 210/210/210
v 1.9733912 -18.5897845 7.1570571
vt 0.2300000 0.9500000
vn 0.7440000 0.3676000 -0.5579000
v 2.1982791 -19.7873125 6.6679259
vt 0.2300000 0.8800000
vn 0.7440000 0.3676000 -0.5579000
v 1.1244394 -17.8870098 6.4880156
vt 0.2800000 0.9900000
vn 0.7440000 0.3676000 -0.5579000
f 211/211/211 212/212/212 213/213/213
v 1.9733912 -18.5897845 7.1570571
vt 0.2300000 0.9500000
vn 0.1710000 -0.5631000 -0.8085000
v 1.1244394 -17.8870098 6.4880156
vt 0.2800000 0.9900000
vn 0.1710000 -0.5631000 -0.8085000
v 1.8609473 -18.0669202 6.7691255
vt 0.2400000 0.9800000
vn 0.1710000 -0.5631000 -0.8085000
f 214/214/214 215/215/215 216/216/216
v 3.5476065 -21.8056813 9.0573598
vt 0.1200000 0.8000000
vn 0.5246000 0.4908000 0.6957000
v 4.9812668 -22.5253226 8.4838956
vt 0.1500000 0.7600000
vn 0.5246000 0.4908000 0.6957000
v 2.7942320 -20.1077778 8.4276737
vt 0.1500000 0.8600000
vn 0.5246000 0.4908000 0.6957000
f 217/217/217 218/218/218 219/219/219
v 0.1855325 -20.2764437 11.3849494
vt 0.0200000 0.8500000
vn 0.1287000 0.4238000 0.8966000
v -0.8545740 -19.5680468 11.1994169
vt 0.0700000 0.8800000
vn 0.1287000 0.4238000 0.8966000
v -0.2811099 -21.2884392 11.9303026
vt 0.0300000 0.8100000
vn 0.1287000 0.4238000 0.8966000
f 220/220/220 221/221/221 222/222/222
v -2.2263901 -16.7513260 8.7144057
vt 0.1900000 0.9900000
vn -0.8211000 0.2497000 -0.5133000
v -1.6248150 -17.4428563 7.4156782
vt 0.2800000 0.9900000
vn -0.8211000 0.2497000 -0.5133000
v -2.0464798 -17.4541007 8.0847196
vt 0.2400000 0.9800000
vn -0.8211000 0.2497000 -0.5133000
f 223/223/223 224/224/224 225/225/225
v -1.6360594 -17.0493025 9.2147813
vt 0.1300000 0.9700000
vn -0.7522000 0.2477000 0.6106000
v -1.8384585 -17.5946556 9.1866703
vt 0.1600000 0.9400000
vn -0.7522000 0.2477000 0.6106000
v -0.8545740 -19.5680468 11.1994169
vt 0.0700000 0.8800000
vn -0.7522000 0.2477000 0.6106000
f 226/226/226 227/227/227 228/228/228
v 2.1982791 -19.7873125 6.6679259
vt 0.2300000 0.8800000
vn 0.6391000 0.2939000 -0.7108000
v 1.3549495 -20.4282430 5.6446860
vt 0.2800000 0.8600000
vn 0.6391000 0.2939000 -0.7108000
v 1.1244394 -17.8870098 6.4880156
vt 0.2800000 0.9900000
vn 0.6391000 0.2939000 -0.7108000
f 229/229/229 230/230/230 231/231/231
v 2.1982791 -19.7873125 6.6679259
vt 0.2300000 0.8800000
vn 0.9180000 0.3030000 -0.2557000
v 2.7942320 -20.1077778 8.4276737
vt 0.1500000 0.8600000
vn 0.9180000 0.3030000 -0.2557000
v 2.8448318 -21.2434616 7.2638788
vt 0.1900000 0.8300000
vn 0.9180000 0.3030000 -0.2557000
f 232/232/232 233/233/233 234/234/234
v 2.1982791 -19.7873125 6.6679259
vt 0.2300000 0.8800000
vn 0.1979000 0.7491000 -0.6323000
v 3.4688957 -22.0924134 4.3347141
vt 0.2300000 0.7600000
vn 0.1979000 0.7491000 -0.6323000
v 1.3549495 -20.4282430 5.6446860
vt 0.2800000 0.8600000
vn 0.1979000 0.7491000 -0.6323000
f 235/235/235 236/236/236 237/237/237
v 2.1982791 -19.7873125 6.6679259
vt 0.2300000 0.8800000
vn 0.9012000 0.4280000 0.0680000
v 2.8448318 -21.2434616 7.2638788
vt 0.1900000 0.8300000
vn 0.9012000 0.4280000 0.0680000
v 3.4688957 -22.0924134 4.3347141
vt 0.2300000 0.7600000
vn 0.9012000 0.4280000 0.0680000
f 238/238/238 239/239/239 240/240/240
v 4.9812668 -22.5253226 8.4838956
vt 0.1500000 0.7600000
vn 0.6133000 0.5415000 -0.5750000
v 3.6937836 -22.0699246 7.5393665
vt 0.1700000 0.7900000
vn 0.6133000 0.5415000 -0.5750000
v 2.7942320 -20.1077778 8.4276737
vt 0.1500000 0.8600000
vn 0.6133000 0.5415000 -0.5750000
f 241/241/241 242/242/242 243/243/243
v 2.7942320 -20.1077778 8.4276737
vt 0.1500000 0.8600000
vn 0.6834000 0.5371000 -0.4945000
v 3.6937836 -22.0699246 7.5393665
vt 0.1700000 0.7900000
vn 0.6834000 0.5371000 -0.4945000
v 2.8448318 -21.2434616 7.2638788
vt 0.1900000 0.8300000
vn 0.6834000 0.5371000 -0.4945000
f 244/244/244 245/245/245 246/246/246
v -0.2811099 -21.2884392 11.9303026
vt 0.0300000 0.8100000
vn -0.1991000 0.3262000 0.9241000
v -0.8545740 -19.5680468 11.1994169
vt 0.0700000 0.8800000
vn -0.1991000 0.3262000 0.9241000
v -1.0794619 -22.0305692 12.0202577
vt 0.0700000 0.7600000
vn -0.1991000 0.3262000 0.9241000
f 247/247/247 248/248/248 249/249/249
v -1.6248150 -17.4428563 7.4156782
vt 0.2800000 0.9900000
vn -0.7465000 -0.4626000 -0.4782000
v -2.0296132 -17.8532767 8.4445403
vt 0.2300000 0.9500000
vn -0.7465000 -0.4626000 -0.4782000
v -2.0464798 -17.4541007 8.0847196
vt 0.2400000 0.9800000
vn -0.7465000 -0.4626000 -0.4782000
f 250/250/250 251/251/251 252/252/252
v -1.6248150 -17.4428563 7.4156782
vt 0.2800000 0.9900000
vn -0.7969000 0.5995000 -0.0744000
v -3.1821636 -19.3712699 8.5569842
vt 0.2300000 0.8800000
vn -0.7969000 0.5995000 -0.0744000
v -2.0296132 -17.8532767 8.4445403
vt 0.2300000 0.9500000
vn -0.7969000 0.5995000 -0.0744000
f 253/253/253 254/254/254 255/255/255
v -1.6248150 -17.4428563 7.4156782
vt 0.2800000 0.9900000
vn -0.8203000 0.5136000 -0.2516000
v -3.2833632 -20.1471331 7.3032342
vt 0.2800000 0.8600000
vn -0.8203000 0.5136000 -0.2516000
v -3.1821636 -19.3712699 8.5569842
vt 0.2300000 0.8800000
vn -0.8203000 0.5136000 -0.2516000
f 256/256/256 257/257/257 258/258/258
v -1.6248150 -17.4428563 7.4156782
vt 0.2800000 0.9900000
vn -0.7216000 0.4639000 -0.5139000
v -2.3613228 -19.5849134 6.5161266
vt 0.3300000 0.8800000
vn -0.7216000 0.4639000 -0.5139000
v -3.2833632 -20.1471331 7.3032342
vt 0.2800000 0.8600000
vn -0.7216000 0.4639000 -0.5139000
f 259/259/259 260/260/260 261/261/261
v -1.6248150 -17.4428563 7.4156782
vt 0.2800000 0.9900000
vn -0.4951000 0.4756000 -0.7271000
v -0.4104204 -17.4765894 6.5667264
vt 0.3700000 0.9900000
vn -0.4951000 0.4756000 -0.7271000
v -2.3613228 -19.5849134 6.5161266
vt 0.3300000 0.8800000
vn -0.4951000 0.4756000 -0.7271000
f 262/262/262 263/263/263 264/264/264
v -2.0296132 -17.8532767 8.4445403
vt 0.2300000 0.9500000
vn -0.7966000 0.6044000 -0.0054000
v -3.1821636 -19.3712699 8.5569842
vt 0.2300000 0.8800000
vn -0.7966000 0.6044000 -0.0054000
v -1.8384585 -17.5946556 9.1866703
vt 0.1600000 0.9400000
vn -0.7966000 0.6044000 -0.0054000
f 265/265/265 266/266/266 267/267/267
v 1.1244394 -17.8870098 6.4880156
vt 0.2800000 0.9900000
vn 0.2278000 0.3252000 -0.9178000
v 1.3549495 -20.4282430 5.6446860
vt 0.2800000 0.8600000
vn 0.2278000 0.3252000 -0.9178000
v 0.2586211 -19.7873125 5.5997085
vt 0.3300000 0.8800000
vn 0.2278000 0.3252000 -0.9178000
f 268/268/268 269/269/269 270/270/270
v 1.1244394 -17.8870098 6.4880156
vt 0.2800000 0.9900000
vn 0.0601000 0.4001000 -0.9145000
v 0.2586211 -19.7873125 5.5997085
vt 0.3300000 0.8800000
vn 0.0601000 0.4001000 -0.9145000
v -0.4104204 -17.4765894 6.5667264
vt 0.3700000 0.9900000
vn 0.0601000 0.4001000 -0.9145000
f 271/271/271 272/272/272 273/273/273
v -0.8545740 -19.5680468 11.1994169
vt 0.0700000 0.8800000
vn 0.1991000 -0.3262000 -0.9241000
v -0.2811099 -21.2884392 11.9303026
vt 0.0300000 0.8100000
vn 0.1991000 -0.3262000 -0.9241000
v -1.0794619 -22.0305692 12.0202577
vt 0.0700000 0.7600000
vn 0.1991000 -0.3262000 -0.9241000
f 274/274/274 275/275/275 276/276/276
v -0.8545740 -19.5680468 11.1994169
vt 0.0700000 0.8800000
vn -0.4183000 0.5379000 0.7319000
v -1.8384585 -17.5946556 9.1866703
vt 0.1600000 0.9400000
vn -0.4183000 0.5379000 0.7319000
v -2.5749663 -19.6973574 10.3111098
vt 0.1500000 0.8600000
vn -0.4183000 0.5379000 0.7319000
f 277/277/277 278/278/278 279/279/279
v -0.8545740 -19.5680468 11.1994169
vt 0.0700000 0.8800000
vn -0.3188000 0.2786000 0.9059000
v -1.8103475 -20.4788428 11.1431949
vt 0.1100000 0.8400000
vn -0.3188000 0.2786000 0.9059000
v -0.2811099 -21.2884392 11.9303026
vt 0.0300000 0.8100000
vn -0.3188000 0.2786000 0.9059000
f 280/280/280 281/281/281 282/282/282
v -0.8545740 -19.5680468 11.1994169
vt 0.0700000 0.8800000
vn -0.4419000 0.4146000 0.7955000
v -2.5749663 -19.6973574 10.3111098
vt 0.1500000 0.8600000
vn -0.4419000 0.4146000 0.7955000
v -1.8103475 -20.4788428 11.1431949
vt 0.1100000 0.8400000
vn -0.4419000 0.4146000 0.7955000
f 283/283/283 284/284/284 285/285/285
v -1.8384585 -17.5946556 9.1866703
vt 0.1600000 0.9400000
vn -0.8001000 0.4757000 0.3654000
v -3.1821636 -19.3712699 8.5569842
vt 0.2300000 0.8800000
vn -0.8001000 0.4757000 0.3654000
v -2.5749663 -19.6973574 10.3111098
vt 0.1500000 0.8600000
vn -0.8001000 0.4757000 0.3654000
f 286/286/286 287/287/287 288/288/288
v -3.2833632 -20.1471331 7.3032342
vt 0.2800000 0.8600000
vn -0.6293000 0.7508000 -0.2009000
v -2.3613228 -19.5849134 6.5161266
vt 0.3300000 0.8800000
vn -0.6293000 0.7508000 -0.2009000
v -3.9130493 -21.3502834 4.7788677
vt 0.3300000 0.7600000
vn -0.6293000 0.7508000 -0.2009000
f 289/289/289 290/290/290 291/291/291
v -3.2833632 -20.1471331 7.3032342
vt 0.2800000 0.8600000
vn -0.5484000 0.7302000 -0.4076000
v -5.8583295 -21.8113035 7.7867432
vt 0.2300000 0.7600000
vn -0.5484000 0.7302000 -0.4076000
v -3.1821636 -19.3712699 8.5569842
vt 0.2300000 0.8800000
vn -0.5484000 0.7302000 -0.4076000
f 292/292/292 293/293/293 294/294/294
v 1.3549495 -20.4282430 5.6446860
vt 0.2800000 0.8600000
vn 0.4358000 0.7063000 -0.5578000
v 0.0562220 -21.4739717 3.3058520
vt 0.3300000 0.7600000
vn 0.4358000 0.7063000 -0.5578000
v 0.2586211 -19.7873125 5.5997085
vt 0.3300000 0.8800000
vn 0.4358000 0.7063000 -0.5578000
f 295/295/295 296/296/296 297/297/297
v -0.4104204 -17.4765894 6.5667264
vt 0.3700000 0.9900000
vn -0.3656000 0.3589000 -0.8588000
v -1.0682175 -19.5455580 5.9820179
vt 0.3700000 0.8900000
vn -0.3656000 0.3589000 -0.8588000
v -2.3613228 -19.5849134 6.5161266
vt 0.3300000 0.8800000
vn -0.3656000 0.3589000 -0.8588000
f 298/298/298 299/299/299 300/300/300
v -0.4104204 -17.4765894 6.5667264
vt 0.3700000 0.9900000
vn -0.2063000 0.3263000 -0.9225000
v 0.2586211 -19.7873125 5.5997085
vt 0.3300000 0.8800000
vn -0.2063000 0.3263000 -0.9225000
v -1.0682175 -19.5455580 5.9820179
vt 0.3700000 0.8900000
vn -0.2063000 0.3263000 -0.9225000
f 301/301/301 302/302/302 303/303/303
v -1.0682175 -19.5455580 5.9820179
vt 0.3700000 0.8900000
vn -0.2576000 0.7832000 -0.5659000
v -3.9130493 -21.3502834 4.7788677
vt 0.3300000 0.7600000
vn -0.2576000 0.7832000 -0.5659000
v -2.3613228 -19.5849134 6.5161266
vt 0.3300000 0.8800000
vn -0.2576000 0.7832000 -0.5659000
f 304/304/304 305/305/305 306/306/306
v -1.0682175 -19.5455580 5.9820179
vt 0.3700000 0.8900000
vn -0.0233000 0.8064000 -0.5909000
v 0.2586211 -19.7873125 5.5997085
vt 0.3300000 0.8800000
vn -0.0233000 0.8064000 -0.5909000
v 0.0562220 -21.4739717 3.3058520
vt 0.3300000 0.7600000
vn -0.0233000 0.8064000 -0.5909000
f 307/307/307 308/308/308 309/309/309
v -1.8103475 -20.4788428 11.1431949
vt 0.1100000 0.8400000
vn -0.0070000 -0.7038000 -0.7104000
v 0.6521749 -20.2989325 10.9407958
vt 0.0200000 0.8500000
vn -0.0070000 -0.7038000 -0.7104000
v -0.2811099 -21.2884392 11.9303026
vt 0.0300000 0.8100000
vn -0.0070000 -0.7038000 -0.7104000
f 310/310/310 311/311/311 312/312/312
v -1.8103475 -20.4788428 11.1431949
vt 0.1100000 0.8400000
vn 0.6042000 -0.6423000 -0.4716000
v -2.8054764 -21.6089044 11.4074382
vt 0.1200000 0.8000000
vn 0.6042000 -0.6423000 -0.4716000
v -3.4745179 -20.8555300 9.5240021
vt 0.1900000 0.8300000
vn 0.6042000 -0.6423000 -0.4716000
f 313/313/313 314/314/314 315/315/315
v -1.8103475 -20.4788428 11.1431949
vt 0.1100000 0.8400000
vn -0.3541000 0.4970000 0.7922000
v -2.5749663 -19.6973574 10.3111098
vt 0.1500000 0.8600000
vn -0.3541000 0.4970000 0.7922000
v -2.8054764 -21.6089044 11.4074382
vt 0.1200000 0.8000000
vn -0.3541000 0.4970000 0.7922000
f 316/316/316 317/317/317 318/318/318
v -5.8583295 -21.8113035 7.7867432
vt 0.2300000 0.7600000
vn -0.6311000 0.5069000 0.5872000
v -3.4745179 -20.8555300 9.5240021
vt 0.1900000 0.8300000
vn -0.6311000 0.5069000 0.5872000
v -3.1821636 -19.3712699 8.5569842
vt 0.2300000 0.8800000
vn -0.6311000 0.5069000 0.5872000
f 319/319/319 320/320/320 321/321/321
v -3.1821636 -19.3712699 8.5569842
vt 0.2300000 0.8800000
vn -0.8390000 0.4033000 0.3654000
v -3.4745179 -20.8555300 9.5240021
vt 0.1900000 0.8300000
vn -0.8390000 0.4033000 0.3654000
v -2.5749663 -19.6973574 10.3111098
vt 0.1500000 0.8600000
vn -0.8390000 0.4033000 0.3654000
f 322/322/322 323/323/323 324/324/324
v 0.6521749 -20.2989325 10.9407958
vt 0.0200000 0.8500000
vn -0.5053000 -0.7093000 -0.4916000
v 2.6424327 -20.7543304 9.5521131
vt 0.1100000 0.8400000
vn -0.5053000 -0.7093000 -0.4916000
v 2.0015022 -21.3615277 11.0869730
vt 0.0300000 0.8100000
vn -0.5053000 -0.7093000 -0.4916000
f 325/325/325 326/326/326 327/327/327
v -2.8054764 -21.6089044 11.4074382
vt 0.1200000 0.8000000
vn 0.5781000 -0.6659000 -0.4717000
v -3.9242937 -21.8394145 10.3617095
vt 0.1700000 0.7900000
vn 0.5781000 -0.6659000 -0.4717000
v -3.4745179 -20.8555300 9.5240021
vt 0.1900000 0.8300000
vn 0.5781000 -0.6659000 -0.4717000
f 328/328/328 329/329/329 330/330/330
v -2.8054764 -21.6089044 11.4074382
vt 0.1200000 0.8000000
vn 0.5109000 -0.7730000 -0.3762000
v -4.2110257 -22.3791454 11.0813508
vt 0.1500000 0.7600000
vn 0.5109000 -0.7730000 -0.3762000
v -3.9242937 -21.8394145 10.3617095
vt 0.1700000 0.7900000
vn 0.5109000 -0.7730000 -0.3762000
f 331/331/331 332/332/332 333/333/333
v -2.8054764 -21.6089044 11.4074382
vt 0.1200000 0.8000000
vn -0.4413000 0.4859000 0.7544000
v -2.5749663 -19.6973574 10.3111098
vt 0.1500000 0.8600000
vn -0.4413000 0.4859000 0.7544000
v -4.2110257 -22.3791454 11.0813508
vt 0.1500000 0.7600000
vn -0.4413000 0.4859000 0.7544000
f 334/334/334 335/335/335 336/336/336
v -3.4745179 -20.8555300 9.5240021
vt 0.1900000 0.8300000
vn -0.8314000 0.5278000 0.1735000
v -3.9242937 -21.8394145 10.3617095
vt 0.1700000 0.7900000
vn -0.8314000 0.5278000 0.1735000
v -2.5749663 -19.6973574 10.3111098
vt 0.1500000 0.8600000
vn -0.8314000 0.5278000 0.1735000
f 337/337/337 338/338/338 339/339/339
v -2.5749663 -19.6973574 10.3111098
vt 0.1500000 0.8600000
vn -0.8437000 0.5330000 0.0636000
v -3.9242937 -21.8394145 10.3617095
vt 0.1700000 0.7900000
vn -0.8437000 0.5330000 0.0636000
v -4.2110257 -22.3791454 11.0813508
vt 0.1500000 0.7600000
vn -0.8437000 0.5330000 0.0636000
f 340/340/340 341/341/341 342/342/342
v 2.6424327 -20.7543304 9.5521131
vt 0.1100000 0.8400000
vn -0.5298000 -0.6894000 -0.4940000
v 3.0416087 -22.0924134 10.9913956
vt 0.0700000 0.7600000
vn -0.5298000 -0.6894000 -0.4940000
v 2.0015022 -21.3615277 11.0869730
vt 0.0300000 0.8100000
vn -0.5298000 -0.6894000 -0.4940000
f 343/343/343 344/344/344 345/345/345
v 2.6424327 -20.7543304 9.5521131
vt 0.1100000 0.8400000
vn -0.7370000 -0.6714000 0.0783000
v 2.8448318 -21.2434616 7.2638788
vt 0.1900000 0.8300000
vn -0.7370000 -0.6714000 0.0783000
v 3.5476065 -21.8056813 9.0573598
vt 0.1200000 0.8000000
vn -0.7370000 -0.6714000 0.0783000
f 346/346/346 347/347/347 348/348/348
v -3.4745179 -20.8555300 9.5240021
vt 0.1900000 0.8300000
vn 0.4990000 -0.8372000 -0.2241000
v -5.8583295 -21.8113035 7.7867432
vt 0.2300000 0.7600000
vn 0.4990000 -0.8372000 -0.2241000
v -3.2833632 -20.1471331 7.3032342
vt 0.2800000 0.8600000
vn 0.4990000 -0.8372000 -0.2241000
f 349/349/349 350/350/350 351/351/351
v 2.8448318 -21.2434616 7.2638788
vt 0.1900000 0.8300000
vn -0.7056000 -0.7065000 0.0550000
v 3.6937836 -22.0699246 7.5393665
vt 0.1700000 0.7900000
vn -0.7056000 -0.7065000 0.0550000
v 3.5476065 -21.8056813 9.0573598
vt 0.1200000 0.8000000
vn -0.7056000 -0.7065000 0.0550000
f 352/352/352 353/353/353 354/354/354
v 2.8448318 -21.2434616 7.2638788
vt 0.1900000 0.8300000
vn -0.5697000 -0.8138000 0.1145000
v 1.3549495 -20.4282430 5.6446860
vt 0.2800000 0.8600000
vn -0.5697000 -0.8138000 0.1145000
v 3.4688957 -22.0924134 4.3347141
vt 0.2300000 0.7600000
vn -0.5697000 -0.8138000 0.1145000
f 355/355/355 356/356/356 357/357/357
v -3.2833632 -20.1471331 7.3032342
vt 0.2800000 0.8600000
vn 0.3222000 -0.8833000 0.3406000
v -3.9130493 -21.3502834 4.7788677
vt 0.3300000 0.7600000
vn 0.3222000 -0.8833000 0.3406000
v -2.4287892 -20.2820659 6.1450616
vt 0.3300000 0.8500000
vn 0.3222000 -0.8833000 0.3406000
f 358/358/358 359/359/359 360/360/360
v 3.6937836 -22.0699246 7.5393665
vt 0.1700000 0.7900000
vn -0.4072000 -0.9056000 0.1184000
v 4.9812668 -22.5253226 8.4838956
vt 0.1500000 0.7600000
vn -0.4072000 -0.9056000 0.1184000
v 3.5476065 -21.8056813 9.0573598
vt 0.1200000 0.8000000
vn -0.4072000 -0.9056000 0.1184000
f 361/361/361 362/362/362 363/363/363
v 1.3549495 -20.4282430 5.6446860
vt 0.2800000 0.8600000
vn -0.1129000 -0.8822000 0.4571000
v -0.0562220 -20.4282430 5.2961098
vt 0.3300000 0.8500000
vn -0.1129000 -0.8822000 0.4571000
v 0.0562220 -21.4739717 3.3058520
vt 0.3300000 0.7600000
vn -0.1129000 -0.8822000 0.4571000
f 364/364/364 365/365/365 366/366/366
v -3.9130493 -21.3502834 4.7788677
vt 0.3300000 0.7600000
vn 0.4845000 -0.8622000 0.1478000
v -1.0682175 -19.5455580 5.9820179
vt 0.3700000 0.8900000
vn 0.4845000 -0.8622000 0.1478000
v -2.4287892 -20.2820659 6.1450616
vt 0.3300000 0.8500000
vn 0.4845000 -0.8622000 0.1478000
f 367/367/367 368/368/368 369/369/369
v -1.0682175 -19.5455580 5.9820179
vt 0.3700000 0.8900000
vn -0.4334000 -0.8076000 0.3999000
v 0.0562220 -21.4739717 3.3058520
vt 0.3300000 0.7600000
vn -0.4334000 -0.8076000 0.3999000
v -0.0562220 -20.4282430 5.2961098
vt 0.3300000 0.8500000
vn -0.4334000 -0.8076000 0.3999000
f 370/370/370 371/371/371 372/372/372
v 1.0288621 -22.1767463 11.6941703
vt 0.0900000 0.0100000
vn 0.3428000 -0.8192000 -0.4598000
v -0.0337332 -22.8232990 12.0539909
vt 0.0700000 0.0200000
vn 0.3428000 -0.8192000 -0.4598000
v -1.1919058 -23.0144537 11.5311266
vt 0.0700000 0.0200000
vn 0.3428000 -0.8192000 -0.4598000
f 373/373/373 374/374/374 375/375/375
v 1.0288621 -22.1767463 11.6941703
vt 0.0900000 0.0100000
vn 0.2291000 -0.4381000 -0.8692000
v -1.1919058 -23.0144537 11.5311266
vt 0.0700000 0.0200000
vn 0.2291000 -0.4381000 -0.8692000
v -3.1090751 -22.8232990 10.9295514
vt 0.1100000 0.0400000
vn 0.2291000 -0.4381000 -0.8692000
f 376/376/376 377/377/377 378/378/378
v 1.0288621 -22.1767463 11.6941703
vt 0.0900000 0.0100000
vn 0.1648000 -0.9845000 -0.0595000
v -3.1090751 -22.8232990 10.9295514
vt 0.1100000 0.0400000
vn 0.1648000 -0.9845000 -0.0595000
v -3.5476065 -22.8232990 9.7151568
vt 0.1300000 0.0400000
vn 0.1648000 -0.9845000 -0.0595000
f 379/379/379 380/380/380 381/381/381
v 1.0288621 -22.1767463 11.6941703
vt 0.0900000 0.0100000
vn 0.1746000 -0.9811000 -0.0833000
v -3.5476065 -22.8232990 9.7151568
vt 0.1300000 0.0400000
vn 0.1746000 -0.9811000 -0.0833000
v -4.5933352 -22.8232990 7.5224999
vt 0.1600000 0.0400000
vn 0.1746000 -0.9811000 -0.0833000
f 382/382/382 383/383/383 384/384/384
v 1.0288621 -22.1767463 11.6941703
vt 0.0900000 0.0100000
vn 0.0494000 -0.9949000 0.0876000
v -4.5933352 -22.8232990 7.5224999
vt 0.1600000 0.0400000
vn 0.0494000 -0.9949000 0.0876000
v -4.6945347 -23.0144537 5.4085538
vt 0.1900000 0.0300000
vn 0.0494000 -0.9949000 0.0876000
f 385/385/385 386/386/386 387/387/387
v 1.0288621 -22.1767463 11.6941703
vt 0.0900000 0.0100000
vn 0.0925000 -0.9945000 0.0483000
v -4.6945347 -23.0144537 5.4085538
vt 0.1900000 0.0300000
vn 0.0925000 -0.9945000 0.0483000
v -3.8399607 -23.0144537 3.7724944
vt 0.2100000 0.0200000
vn 0.0925000 -0.9945000 0.0483000
f 388/388/388 389/389/389 390/390/390
v 1.0288621 -22.1767463 11.6941703
vt 0.0900000 0.0100000
vn 0.0495000 -0.9960000 0.0749000
v -3.8399607 -23.0144537 3.7724944
vt 0.2100000 0.0200000
vn 0.0495000 -0.9960000 0.0749000
v -1.5517264 -23.0144537 2.2601233
vt 0.2100000 0.0200000
vn 0.0495000 -0.9960000 0.0749000
f 391/391/391 392/392/392 393/393/393
v 1.0288621 -22.1767463 11.6941703
vt 0.0900000 0.0100000
vn -0.0041000 -0.9960000 0.0896000
v -1.5517264 -23.0144537 2.2601233
vt 0.2100000 0.0200000
vn -0.0041000 -0.9960000 0.0896000
v 0.5172421 -23.0144537 2.3557006
vt 0.1900000 0.0300000
vn -0.0041000 -0.9960000 0.0896000
f 394/394/394 395/395/395 396/396/396
v 1.0288621 -22.1767463 11.6941703
vt 0.0900000 0.0100000
vn 0.0043000 -0.9960000 0.0891000
v 0.5172421 -23.0144537 2.3557006
vt 0.1900000 0.0300000
vn 0.0043000 -0.9960000 0.0891000
v 2.4006782 -22.8232990 4.4021804
vt 0.1600000 0.0400000
vn 0.0043000 -0.9960000 0.0891000
f 397/397/397 398/398/398 399/399/399
v 1.0288621 -22.1767463 11.6941703
vt 0.0900000 0.0100000
vn -0.2052000 -0.9775000 0.0481000
v 2.4006782 -22.8232990 4.4021804
vt 0.1600000 0.0400000
vn -0.2052000 -0.9775000 0.0481000
v 3.0528531 -22.8232990 7.1851681
vt 0.1300000 0.0400000
vn -0.2052000 -0.9775000 0.0481000
f 400/400/400 401/401/401 402/402/402
v 1.0288621 -22.1767463 11.6941703
vt 0.0900000 0.0100000
vn -0.1547000 -0.9854000 0.0719000
v 3.0528531 -22.8232990 7.1851681
vt 0.1300000 0.0400000
vn -0.1547000 -0.9854000 0.0719000
v 3.6825392 -22.8232990 8.5401176
vt 0.1100000 0.0400000
vn -0.1547000 -0.9854000 0.0719000
f 403/403/403 404/404/404 405/405/405
v 1.0288621 -22.1767463 11.6941703
vt 0.0900000 0.0100000
vn -0.4800000 -0.8465000 -0.2303000
v 3.6825392 -22.8232990 8.5401176
vt 0.1100000 0.0400000
vn -0.4800000 -0.8465000 -0.2303000
v 2.3444563 -22.8232990 11.3287275
vt 0.0700000 0.0200000
vn -0.4800000 -0.8465000 -0.2303000
f 406/406/406 407/407/407 408/408/408
v -1.1919058 -23.0144537 11.5311266
vt 0.0700000 0.0200000
vn 0.2572000 -0.3056000 -0.9168000
v -2.4344114 -23.0144537 11.1825503
vt 0.0900000 0.0400000
vn 0.2572000 -0.3056000 -0.9168000
v -3.1090751 -22.8232990 10.9295514
vt 0.1100000 0.0400000
vn 0.2572000 -0.3056000 -0.9168000
f 409/409/409 410/410/410 411/411/411
v -3.5476065 -22.8232990 9.7151568
vt 0.1300000 0.0400000
vn 0.1472000 -0.9866000 -0.0702000
v -5.2848654 -23.0144537 8.7593833
vt 0.1500000 0.0500000
vn 0.1472000 -0.9866000 -0.0702000
v -4.5933352 -22.8232990 7.5224999
vt 0.1600000 0.0400000
vn 0.1472000 -0.9866000 -0.0702000
f 412/412/412 413/413/413 414/414/414
v -3.5476065 -22.8232990 9.7151568
vt 0.1300000 0.0400000
vn 0.1276000 -0.9908000 -0.0461000
v -3.1090751 -22.8232990 10.9295514
vt 0.1100000 0.0400000
vn 0.1276000 -0.9908000 -0.0461000
v -4.7901121 -23.0144537 10.3841983
vt 0.1200000 0.0500000
vn 0.1276000 -0.9908000 -0.0461000
f 415/415/415 416/416/416 417/417/417
v -3.5476065 -22.8232990 9.7151568
vt 0.1300000 0.0400000
vn 0.0159000 -0.9688000 -0.2473000
v -4.7901121 -23.0144537 10.3841983
vt 0.1200000 0.0500000
vn 0.0159000 -0.9688000 -0.2473000
v -4.3178475 -22.6996107 9.1810481
vt 0.1500000 0.0500000
vn 0.0159000 -0.9688000 -0.2473000
f 418/418/418 419/419/419 420/420/420
v -4.6945347 -23.0144537 5.4085538
vt 0.1900000 0.0300000
vn 0.0000000 -1.0000000 0.0000000
v -5.1780437 -23.0144537 3.4407847
vt 0.2200000 0.0200000
vn 0.0000000 -1.0000000 0.0000000
v -3.8399607 -23.0144537 3.7724944
vt 0.2100000 0.0200000
vn 0.0000000 -1.0000000 0.0000000
f 421/421/421 422/422/422 423/423/423
v -4.6945347 -23.0144537 5.4085538
vt 0.1900000 0.0300000
vn 0.1526000 -0.9849000 0.0818000
v -4.5933352 -22.8232990 7.5224999
vt 0.1600000 0.0400000
vn 0.1526000 -0.9849000 0.0818000
v -5.4085538 -23.0144537 6.7410145
vt 0.1700000 0.0500000
vn 0.1526000 -0.9849000 0.0818000
f 424/424/424 425/425/425 426/426/426
v -4.6945347 -23.0144537 5.4085538
vt 0.1900000 0.0300000
vn 0.0000000 -1.0000000 0.0000000
v -5.4085538 -23.0144537 6.7410145
vt 0.1700000 0.0500000
vn 0.0000000 -1.0000000 0.0000000
v -5.8077298 -23.0144537 5.6334416
vt 0.1900000 0.0500000
vn 0.0000000 -1.0000000 0.0000000
f 427/427/427 428/428/428 429/429/429
v -1.5517264 -23.0144537 2.2601233
vt 0.2100000 0.0200000
vn 0.0000000 -1.0000000 0.0000000
v -1.3324607 -23.0144537 0.8939294
vt 0.2200000 0.0200000
vn 0.0000000 -1.0000000 0.0000000
v 0.5172421 -23.0144537 2.3557006
vt 0.1900000 0.0300000
vn 0.0000000 -1.0000000 0.0000000
f 430/430/430 431/431/431 432/432/432
v -1.5517264 -23.0144537 2.2601233
vt 0.2100000 0.0200000
vn 0.0000000 -1.0000000 0.0000000
v -3.8399607 -23.0144537 3.7724944
vt 0.2100000 0.0200000
vn 0.0000000 -1.0000000 0.0000000
v -4.6608015 -23.0144537 0.5059978
vt 0.2400000 0.0100000
vn 0.0000000 -1.0000000 0.0000000
f 433/433/433 434/434/434 435/435/435
v 2.4006782 -22.8232990 4.4021804
vt 0.1600000 0.0400000
vn -0.1727000 -0.9842000 0.0405000
v 3.7050280 -23.0144537 5.3185986
vt 0.1500000 0.0500000
vn -0.1727000 -0.9842000 0.0405000
v 3.0528531 -22.8232990 7.1851681
vt 0.1300000 0.0400000
vn -0.1727000 -0.9842000 0.0405000
f 436/436/436 437/437/437 438/438/438
v 2.4006782 -22.8232990 4.4021804
vt 0.1600000 0.0400000
vn -0.0339000 -0.9917000 0.1239000
v 0.5172421 -23.0144537 2.3557006
vt 0.1900000 0.0300000
vn -0.0339000 -0.9917000 0.1239000
v 2.2207679 -23.0144537 2.8223430
vt 0.1700000 0.0500000
vn -0.0339000 -0.9917000 0.1239000
f 439/439/439 440/440/440 441/441/441
v 3.6825392 -22.8232990 8.5401176
vt 0.1100000 0.0400000
vn -0.2307000 -0.9667000 -0.1107000
v 3.4070515 -23.0144537 10.7833743
vt 0.0700000 0.0200000
vn -0.2307000 -0.9667000 -0.1107000
v 2.3444563 -22.8232990 11.3287275
vt 0.0700000 0.0200000
vn -0.2307000 -0.9667000 -0.1107000
f 442/442/442 443/443/443 444/444/444
v 3.6825392 -22.8232990 8.5401176
vt 0.1100000 0.0400000
vn -0.1236000 -0.9907000 0.0575000
v 3.0528531 -22.8232990 7.1851681
vt 0.1300000 0.0400000
vn -0.1236000 -0.9907000 0.0575000
v 4.4302914 -23.0144537 6.8534584
vt 0.1200000 0.0500000
vn -0.1236000 -0.9907000 0.0575000
f 445/445/445 446/446/446 447/447/447
v 3.6825392 -22.8232990 8.5401176
vt 0.1100000 0.0400000
vn -0.1069000 -0.9895000 -0.0974000
v 4.1042040 -23.0144537 10.0187555
vt 0.0900000 0.0400000
vn -0.1069000 -0.9895000 -0.0974000
v 3.4070515 -23.0144537 10.7833743
vt 0.0700000 0.0200000
vn -0.1069000 -0.9895000 -0.0974000
f 448/448/448 449/449/449 450/450/450
v 0.5172421 -23.0144537 2.3557006
vt 0.1900000 0.0300000
vn 0.0000000 -1.0000000 0.0000000
v 1.2593722 -23.0144537 1.4955045
vt 0.1900000 0.0500000
vn 0.0000000 -1.0000000 0.0000000
v 2.2207679 -23.0144537 2.8223430
vt 0.1700000 0.0500000
vn 0.0000000 -1.0000000 0.0000000
f 451/451/451 452/452/452 453/453/453
v 3.0528531 -22.8232990 7.1851681
vt 0.1300000 0.0400000
vn -0.1764000 -0.9688000 -0.1740000
v 3.2721188 -22.6996107 6.2743721
vt 0.1500000 0.0500000
vn -0.1764000 -0.9688000 -0.1740000
v 4.4302914 -23.0144537 6.8534584
vt 0.1200000 0.0500000
vn -0.1764000 -0.9688000 -0.1740000
f 454/454/454 455/455/455 456/456/456
v 0.1011996 -12.0230581 4.8688228
vt 0.6200000 0.3300000
vn -0.0592000 -0.4369000 -0.8976000
v -0.8433296 -6.9518362 2.4625224
vt 0.5400000 0.3300000
vn -0.0592000 -0.4369000 -0.8976000
v 1.8778139 -7.2048351 2.4063004
vt 0.5400000 0.3300000
vn -0.0592000 -0.4369000 -0.8976000
f 457/457/457 458/458/458 459/459/459
v 0.1011996 -12.0230581 4.8688228
vt 0.6200000 0.3300000
vn 0.3947000 -0.3329000 -0.8564000
v -2.7098991 -8.3405189 2.1420572
vt 0.5400000 0.3300000
vn 0.3947000 -0.3329000 -0.8564000
v -0.8433296 -6.9518362 2.4625224
vt 0.5400000 0.3300000
vn 0.3947000 -0.3329000 -0.8564000
f 460/460/460 461/461/461 462/462/462
v 0.1011996 -12.0230581 4.8688228
vt 0.6200000 0.3300000
vn -0.4812000 -0.2517000 -0.8397000
v 1.8778139 -7.2048351 2.4063004
vt 0.5400000 0.3300000
vn -0.4812000 -0.2517000 -0.8397000
v 3.4351625 -8.9252274 2.0296132
vt 0.5400000 0.3300000
vn -0.4812000 -0.2517000 -0.8397000
f 463/463/463 464/464/464 465/465/465
v 0.1011996 -12.0230581 4.8688228
vt 0.6200000 0.3300000
vn 0.6660000 -0.0430000 -0.7447000
v -3.6488060 -10.3195324 1.4167937
vt 0.5400000 0.3300000
vn 0.6660000 -0.0430000 -0.7447000
v -2.7098991 -8.3405189 2.1420572
vt 0.5400000 0.3300000
vn 0.6660000 -0.0430000 -0.7447000
f 466/466/466 467/467/467 468/468/468
v 0.1011996 -12.0230581 4.8688228
vt 0.6200000 0.3300000
vn -0.6817000 0.0658000 -0.7287000
v 3.4351625 -8.9252274 2.0296132
vt 0.5400000 0.3300000
vn -0.6817000 0.0658000 -0.7287000
v 3.9524047 -11.0391736 1.3549495
vt 0.5400000 0.3300000
vn -0.6817000 0.0658000 -0.7287000
f 469/469/469 470/470/470 471/471/471
v 0.1011996 -12.0230581 4.8688228
vt 0.6200000 0.3300000
vn 0.7115000 0.4109000 -0.5701000
v -3.1203195 -12.3266568 0.6296861
vt 0.5400000 0.3300000
vn 0.7115000 0.4109000 -0.5701000
v -3.6488060 -10.3195324 1.4167937
vt 0.5400000 0.3300000
vn 0.7115000 0.4109000 -0.5701000
f 472/472/472 473/473/473 474/474/474
v 0.1011996 -12.0230581 4.8688228
vt 0.6200000 0.3300000
vn -0.6573000 0.4706000 -0.5886000
v 3.9524047 -11.0391736 1.3549495
vt 0.5400000 0.3300000
vn -0.6573000 0.4706000 -0.5886000
v 3.0247421 -12.9113653 0.8939294
vt 0.5400000 0.3300000
vn -0.6573000 0.4706000 -0.5886000
f 475/475/475 476/476/476 477/477/477
v 0.1011996 -12.0230581 4.8688228
vt 0.6200000 0.3300000
vn 0.4659000 0.7840000 -0.4102000
v -1.3493273 -13.7322061 -0.0449776
vt 0.5400000 0.3300000
vn 0.4659000 0.7840000 -0.4102000
v -3.1203195 -12.3266568 0.6296861
vt 0.5400000 0.3300000
vn 0.4659000 0.7840000 -0.4102000
f 478/478/478 479/479/479 480/480/480
v 0.1011996 -12.0230581 4.8688228
vt 0.6200000 0.3300000
vn -0.2687000 0.8789000 -0.3941000
v 3.0247421 -12.9113653 0.8939294
vt 0.5400000 0.3300000
vn -0.2687000 0.8789000 -0.3941000
v 0.9951289 -13.9402274 -0.0168666
vt 0.5400000 0.3300000
vn -0.2687000 0.8789000 -0.3941000
f 481/481/481 482/482/482 483/483/483
v 0.1011996 -12.0230581 4.8688228
vt 0.6200000 0.3300000
vn 0.0870000 0.9327000 -0.3501000
v 0.9951289 -13.9402274 -0.0168666
vt 0.5400000 0.3300000
vn 0.0870000 0.9327000 -0.3501000
v -1.3493273 -13.7322061 -0.0449776
vt 0.5400000 0.3300000
vn 0.0870000 0.9327000 -0.3501000
f 484/484/484 485/485/485 486/486/486
v -0.8433296 -6.9518362 2.4625224
vt 0.5400000 0.3300000
vn -0.0661000 -0.5214000 -0.8508000
v 1.5067489 -6.4514606 1.9733912
vt 0.5200000 0.3300000
vn -0.0661000 -0.5214000 -0.8508000
v 1.8778139 -7.2048351 2.4063004
vt 0.5400000 0.3300000
vn -0.0661000 -0.5214000 -0.8508000
f 487/487/487 488/488/488 489/489/489
v -0.8433296 -6.9518362 2.4625224
vt 0.5400000 0.3300000
vn 0.2437000 -0.1051000 -0.9641000
v -2.7098991 -8.3405189 2.1420572
vt 0.5400000 0.3300000
vn 0.2437000 -0.1051000 -0.9641000
v -2.6199439 -7.5646557 2.0802130
vt 0.5200000 0.3300000
vn 0.2437000 -0.1051000 -0.9641000
f 490/490/490 491/491/491 492/492/492
v -0.8433296 -6.9518362 2.4625224
vt 0.5400000 0.3300000
vn -0.0667000 -0.5196000 -0.8518000
v -0.3541984 -6.2771725 2.0127466
vt 0.5200000 0.3300000
vn -0.0667000 -0.5196000 -0.8518000
v 1.5067489 -6.4514606 1.9733912
vt 0.5200000 0.3300000
vn -0.0667000 -0.5196000 -0.8518000
f 493/493/493 494/494/494 495/495/495
v -0.8433296 -6.9518362 2.4625224
vt 0.5400000 0.3300000
vn 0.2752000 -0.2129000 -0.9375000
v -2.6199439 -7.5646557 2.0802130
vt 0.5200000 0.3300000
vn 0.2752000 -0.2129000 -0.9375000
v -1.3380829 -6.6257488 2.2432567
vt 0.5200000 0.3300000
vn 0.2752000 -0.2129000 -0.9375000
f 496/496/496 497/497/497 498/498/498
v 3.4351625 -8.9252274 2.0296132
vt 0.5400000 0.3300000
vn -0.8288000 -0.0244000 -0.5590000
v 4.2672477 -10.3982431 0.8601962
vt 0.5200000 0.3300000
vn -0.8288000 -0.0244000 -0.5590000
v 3.9524047 -11.0391736 1.3549495
vt 0.5400000 0.3300000
vn -0.8288000 -0.0244000 -0.5590000
f 499/499/499 500/500/500 501/501/501
v 3.4351625 -8.9252274 2.0296132
vt 0.5400000 0.3300000
vn -0.6094000 -0.4020000 -0.6834000
v 1.8778139 -7.2048351 2.4063004
vt 0.5400000 0.3300000
vn -0.6094000 -0.4020000 -0.6834000
v 3.4745179 -8.1437420 1.5348598
vt 0.5200000 0.3300000
vn -0.6094000 -0.4020000 -0.6834000
f 502/502/502 503/503/503 504/504/504
v 3.4351625 -8.9252274 2.0296132
vt 0.5400000 0.3300000
vn -0.8332000 -0.0324000 -0.5520000
v 3.9130493 -8.9533384 1.3099720
vt 0.5200000 0.3300000
vn -0.8332000 -0.0324000 -0.5520000
v 4.2672477 -10.3982431 0.8601962
vt 0.5200000 0.3300000
vn -0.8332000 -0.0324000 -0.5520000
f 505/505/505 506/506/506 507/507/507
v -3.6488060 -10.3195324 1.4167937
vt 0.5400000 0.3300000
vn 0.8384000 0.3756000 -0.3949000
v -3.1203195 -12.3266568 0.6296861
vt 0.5400000 0.3300000
vn 0.8384000 0.3756000 -0.3949000
v -3.9411603 -10.4825761 0.6409305
vt 0.5200000 0.3300000
vn 0.8384000 0.3756000 -0.3949000
f 508/508/508 509/509/509 510/510/510
v -3.6488060 -10.3195324 1.4167937
vt 0.5400000 0.3300000
vn 0.5947000 0.0125000 -0.8039000
v -3.4407847 -8.2786748 1.6023262
vt 0.5200000 0.3300000
vn 0.5947000 0.0125000 -0.8039000
v -2.7098991 -8.3405189 2.1420572
vt 0.5400000 0.3300000
vn 0.5947000 0.0125000 -0.8039000
f 511/511/511 512/512/512 513/513/513
v -3.6488060 -10.3195324 1.4167937
vt 0.5400000 0.3300000
vn 0.5029000 0.0273000 -0.8639000
v -4.1885369 -9.6280021 1.1244394
vt 0.5200000 0.3300000
vn 0.5029000 0.0273000 -0.8639000
v -3.4407847 -8.2786748 1.6023262
vt 0.5200000 0.3300000
vn 0.5029000 0.0273000 -0.8639000
f 514/514/514 515/515/515 516/516/516
v 3.0247421 -12.9113653 0.8939294
vt 0.5400000 0.3300000
vn -0.3816000 0.9076000 -0.1750000
v 2.9179204 -13.1643642 -0.1855325
vt 0.5200000 0.3300000
vn -0.3816000 0.9076000 -0.1750000
v 0.9951289 -13.9402274 -0.0168666
vt 0.5400000 0.3300000
vn -0.3816000 0.9076000 -0.1750000
f 517/517/517 518/518/518 519/519/519
v 3.0247421 -12.9113653 0.8939294
vt 0.5400000 0.3300000
vn -0.8179000 0.4825000 -0.3136000
v 3.9524047 -11.0391736 1.3549495
vt 0.5400000 0.3300000
vn -0.8179000 0.4825000 -0.3136000
v 3.5476065 -12.5403003 0.1011996
vt 0.5200000 0.3300000
vn -0.8179000 0.4825000 -0.3136000
f 520/520/520 521/521/521 522/522/522
v -1.3493273 -13.7322061 -0.0449776
vt 0.5400000 0.3300000
vn 0.5435000 0.8027000 -0.2456000
v -3.0978307 -12.5965222 -0.2023991
vt 0.5200000 0.3300000
vn 0.5435000 0.8027000 -0.2456000
v -3.1203195 -12.3266568 0.6296861
vt 0.5400000 0.3300000
vn 0.5435000 0.8027000 -0.2456000
f 523/523/523 524/524/524 525/525/525
v -1.3493273 -13.7322061 -0.0449776
vt 0.5400000 0.3300000
vn 0.0873000 0.9395000 -0.3313000
v 0.9951289 -13.9402274 -0.0168666
vt 0.5400000 0.3300000
vn 0.0873000 0.9395000 -0.3313000
v 0.5847085 -14.1876041 -0.8264630
vt 0.5200000 0.3300000
vn 0.0873000 0.9395000 -0.3313000
f 526/526/526 527/527/527 528/528/528
v -1.3493273 -13.7322061 -0.0449776
vt 0.5400000 0.3300000
vn 0.5423000 0.7989000 -0.2601000
v -1.8834361 -13.5691624 -0.6577971
vt 0.5200000 0.3300000
vn 0.5423000 0.7989000 -0.2601000
v -3.0978307 -12.5965222 -0.2023991
vt 0.5200000 0.3300000
vn 0.5423000 0.7989000 -0.2601000
f 529/529/529 530/530/530 531/531/531
v -1.3493273 -13.7322061 -0.0449776
vt 0.5400000 0.3300000
vn 0.0924000 0.9427000 -0.3208000
v 0.5847085 -14.1876041 -0.8264630
vt 0.5200000 0.3300000
vn 0.0924000 0.9427000 -0.3208000
v -1.0232399 -14.0358047 -0.8433296
vt 0.5200000 0.3300000
vn 0.0924000 0.9427000 -0.3208000
f 532/532/532 533/533/533 534/534/534
v -0.3541984 -6.2771725 2.0127466
vt 0.5200000 0.3300000
vn -0.0360000 -0.1622000 -0.9861000
v 0.6184417 -5.8779965 1.9115471
vt 0.5100000 0.3300000
vn -0.0360000 -0.1622000 -0.9861000
v 1.5067489 -6.4514606 1.9733912
vt 0.5200000 0.3300000
vn -0.0360000 -0.1622000 -0.9861000
f 535/535/535 536/536/536 537/537/537
v -2.6199439 -7.5646557 2.0802130
vt 0.5200000 0.3300000
vn 0.1590000 -0.0458000 -0.9862000
v -2.0970796 -6.8393923 2.1308128
vt 0.5100000 0.3300000
vn 0.1590000 -0.0458000 -0.9862000
v -1.3380829 -6.6257488 2.2432567
vt 0.5200000 0.3300000
vn 0.1590000 -0.0458000 -0.9862000
f 538/538/538 539/539/539 540/540/540
v 1.8778139 -7.2048351 2.4063004
vt 0.5400000 0.3300000
vn -0.6030000 -0.3689000 -0.7073000
v 2.4063004 -6.9799472 1.8384585
vt 0.5200000 0.3300000
vn -0.6030000 -0.3689000 -0.7073000
v 3.4745179 -8.1437420 1.5348598
vt 0.5200000 0.3300000
vn -0.6030000 -0.3689000 -0.7073000
f 541/541/541 542/542/542 543/543/543
v 3.9130493 -8.9533384 1.3099720
vt 0.5200000 0.3300000
vn -0.6795000 0.0610000 -0.7311000
v 4.3122253 -9.5605357 0.8883072
vt 0.5100000 0.3300000
vn -0.6795000 0.0610000 -0.7311000
v 4.2672477 -10.3982431 0.8601962
vt 0.5200000 0.3300000
vn -0.6795000 0.0610000 -0.7311000
f 544/544/544 545/545/545 546/546/546
v -3.9411603 -10.4825761 0.6409305
vt 0.5200000 0.3300000
vn 0.8338000 0.3736000 -0.4063000
v -3.1203195 -12.3266568 0.6296861
vt 0.5400000 0.3300000
vn 0.8338000 0.3736000 -0.4063000
v -3.5869618 -11.8600144 0.1011996
vt 0.5200000 0.3300000
vn 0.8338000 0.3736000 -0.4063000
f 547/547/547 548/548/548 549/549/549
v -3.9411603 -10.4825761 0.6409305
vt 0.5200000 0.3300000
vn 0.6842000 0.4118000 -0.6019000
v -3.5869618 -11.8600144 0.1011996
vt 0.5200000 0.3300000
vn 0.6842000 0.4118000 -0.6019000
v -3.9805157 -11.1403732 0.1461771
vt 0.5100000 0.3300000
vn 0.6842000 0.4118000 -0.6019000
f 550/550/550 551/551/551 552/552/552
v -4.1885369 -9.6280021 1.1244394
vt 0.5200000 0.3300000
vn 0.7104000 -0.1502000 -0.6875000
v -3.9636491 -8.7959169 1.1750392
vt 0.5100000 0.3300000
vn 0.7104000 -0.1502000 -0.6875000
v -3.4407847 -8.2786748 1.6023262
vt 0.5200000 0.3300000
vn 0.7104000 -0.1502000 -0.6875000
f 553/553/553 554/554/554 555/555/555
v 2.9179204 -13.1643642 -0.1855325
vt 0.5200000 0.3300000
vn -0.3807000 0.8854000 -0.2668000
v 1.5292377 -13.8952498 -0.6296861
vt 0.5200000 0.3300000
vn -0.3807000 0.8854000 -0.2668000
v 0.9951289 -13.9402274 -0.0168666
vt 0.5400000 0.3300000
vn -0.3807000 0.8854000 -0.2668000
f 556/556/556 557/557/557 558/558/558
v 2.9179204 -13.1643642 -0.1855325
vt 0.5200000 0.3300000
vn -0.3032000 0.8444000 -0.4416000
v 2.3388341 -13.6310065 -0.6802859
vt 0.5100000 0.3300000
vn -0.3032000 0.8444000 -0.4416000
v 1.5292377 -13.8952498 -0.6296861
vt 0.5200000 0.3300000
vn -0.3032000 0.8444000 -0.4416000
f 559/559/559 560/560/560 561/561/561
v 3.9524047 -11.0391736 1.3549495
vt 0.5400000 0.3300000
vn -0.7755000 0.5146000 -0.3657000
v 4.1829148 -11.2471949 0.5734641
vt 0.5200000 0.3300000
vn -0.7755000 0.5146000 -0.3657000
v 3.5476065 -12.5403003 0.1011996
vt 0.5200000 0.3300000
vn -0.7755000 0.5146000 -0.3657000
f 562/562/562 563/563/563 564/564/564
v -1.8834361 -13.5691624 -0.6577971
vt 0.5200000 0.3300000
vn 0.4319000 0.7638000 -0.4797000
v -2.6368105 -13.1643642 -0.6915303
vt 0.5100000 0.3300000
vn 0.4319000 0.7638000 -0.4797000
v -3.0978307 -12.5965222 -0.2023991
vt 0.5200000 0.3300000
vn 0.4319000 0.7638000 -0.4797000
f 565/565/565 566/566/566 567/567/567
v 0.5847085 -14.1876041 -0.8264630
vt 0.5200000 0.3300000
vn 0.0767000 0.7385000 -0.6699000
v -0.2586211 -14.4518473 -1.2143946
vt 0.5100000 0.3300000
vn 0.0767000 0.7385000 -0.6699000
v -1.0232399 -14.0358047 -0.8433296
vt 0.5200000 0.3300000
vn 0.0767000 0.7385000 -0.6699000
f 568/568/568 569/569/569 570/570/570
v 2.4063004 -6.9799472 1.8384585
vt 0.5200000 0.3300000
vn -0.4914000 -0.2320000 -0.8395000
v 3.0922085 -7.3341456 1.5348598
vt 0.5100000 0.3300000
vn -0.4914000 -0.2320000 -0.8395000
v 3.4745179 -8.1437420 1.5348598
vt 0.5200000 0.3300000
vn -0.4914000 -0.2320000 -0.8395000
f 571/571/571 572/572/572 573/573/573
v 4.1829148 -11.2471949 0.5734641
vt 0.5200000 0.3300000
vn -0.6322000 0.5203000 -0.5742000
v 4.0704708 -11.9049920 0.1011996
vt 0.5100000 0.3300000
vn -0.6322000 0.5203000 -0.5742000
v 3.5476065 -12.5403003 0.1011996
vt 0.5200000 0.3300000
vn -0.6322000 0.5203000 -0.5742000
f 574/574/574 575/575/575 576/576/576
v 0.0168666 -15.5369314 7.7080324
vt 0.0100000 0.4000000
vn -0.4454000 0.8339000 -0.3260000
v -2.3275897 -16.6726152 8.0060089
vt 0.1300000 0.4500000
vn -0.4454000 0.8339000 -0.3260000
v -2.2207679 -16.2397061 8.9674046
vt 0.1400000 0.3600000
vn -0.4454000 0.8339000 -0.3260000
f 577/577/577 578/578/578 579/579/579
v 0.0168666 -15.5369314 7.7080324
vt 0.0100000 0.4000000
vn -0.4442000 0.8261000 -0.3466000
v -1.7541255 -16.7794370 7.0165022
vt 0.0900000 0.5200000
vn -0.4442000 0.8261000 -0.3466000
v -2.3275897 -16.6726152 8.0060089
vt 0.1300000 0.4500000
vn -0.4442000 0.8261000 -0.3466000
f 580/580/580 581/581/581 582/582/582
v 0.0168666 -15.5369314 7.7080324
vt 0.0100000 0.4000000
vn -0.1379000 0.9487000 0.2844000
v -2.2207679 -16.2397061 8.9674046
vt 0.1400000 0.3600000
vn -0.1379000 0.9487000 0.2844000
v -0.9726401 -16.2453283 9.5914685
vt 0.0900000 0.3000000
vn -0.1379000 0.9487000 0.2844000
f 583/583/583 584/584/584 585/585/585
v 0.0168666 -15.5369314 7.7080324
vt 0.0100000 0.4000000
vn -0.3272000 0.7707000 -0.5468000
v -0.4160426 -16.7738148 6.2237724
vt 0.0100000 0.5500000
vn -0.3272000 0.7707000 -0.5468000
v -1.7541255 -16.7794370 7.0165022
vt 0.0900000 0.5200000
vn -0.3272000 0.7707000 -0.5468000
f 586/586/586 587/587/587 588/588/588
v 0.0168666 -15.5369314 7.7080324
vt 0.0100000 0.4000000
vn 0.1871000 0.8830000 0.4304000
v -0.9726401 -16.2453283 9.5914685
vt 0.0900000 0.3000000
vn 0.1871000 0.8830000 0.4304000
v 0.7927298 -16.8412812 10.0468665
vt 0.0100000 0.2300000
vn 0.1871000 0.8830000 0.4304000
f 589/589/589 590/590/590 591/591/591
v 0.0168666 -15.5369314 7.7080324
vt 0.0100000 0.4000000
vn 0.0925000 0.7515000 -0.6532000
v 1.1525504 -17.1673686 5.9932623
vt 0.0900000 0.5200000
vn 0.0925000 0.7515000 -0.6532000
v -0.4160426 -16.7738148 6.2237724
vt 0.0100000 0.5500000
vn 0.0925000 0.7515000 -0.6532000
f 592/592/592 593/593/593 594/594/594
v 0.0168666 -15.5369314 7.7080324
vt 0.0100000 0.4000000
vn 0.3248000 0.8677000 0.3762000
v 0.7927298 -16.8412812 10.0468665
vt 0.0100000 0.2300000
vn 0.3248000 0.8677000 0.3762000
v 1.9227915 -16.7232150 8.7987387
vt 0.0900000 0.3000000
vn 0.3248000 0.8677000 0.3762000
f 595/595/595 596/596/596 597/597/597
v 0.0168666 -15.5369314 7.7080324
vt 0.0100000 0.4000000
vn 0.2811000 0.7815000 -0.5569000
v 2.1083240 -17.1786130 6.4599046
vt 0.1300000 0.4500000
vn 0.2811000 0.7815000 -0.5569000
v 1.1525504 -17.1673686 5.9932623
vt 0.0900000 0.5200000
vn 0.2811000 0.7815000 -0.5569000
f 598/598/598 599/599/599 600/600/600
v 0.0168666 -15.5369314 7.7080324
vt 0.0100000 0.4000000
vn 0.4691000 0.8735000 0.1303000
v 1.9227915 -16.7232150 8.7987387
vt 0.0900000 0.3000000
vn 0.4691000 0.8735000 0.1303000
v 2.4793890 -16.8300368 7.5112555
vt 0.1400000 0.3600000
vn 0.4691000 0.8735000 0.1303000
f 601/601/601 602/602/602 603/603/603
v 0.0168666 -15.5369314 7.7080324
vt 0.0100000 0.4000000
vn 0.3976000 0.8198000 -0.4121000
v 2.4793890 -16.8300368 7.5112555
vt 0.1400000 0.3600000
vn 0.3976000 0.8198000 -0.4121000
v 2.1083240 -17.1786130 6.4599046
vt 0.1300000 0.4500000
vn 0.3976000 0.8198000 -0.4121000
f 604/604/604 605/605/605 606/606/606
v -2.3275897 -16.6726152 8.0060089
vt 0.1300000 0.4500000
vn -0.7738000 0.6053000 -0.1866000
v -2.8785650 -17.0043249 9.2147813
vt 0.2200000 0.3900000
vn -0.7738000 0.6053000 -0.1866000
v -2.2207679 -16.2397061 8.9674046
vt 0.1400000 0.3600000
vn -0.7738000 0.6053000 -0.1866000
f 607/607/607 608/608/608 609/609/609
v -2.3275897 -16.6726152 8.0060089
vt 0.1300000 0.4500000
vn -0.8275000 0.2436000 -0.5059000
v -1.7541255 -16.7794370 7.0165022
vt 0.0900000 0.5200000
vn -0.8275000 0.2436000 -0.5059000
v -2.5412332 -17.9938316 7.7192768
vt 0.1800000 0.5700000
vn -0.8275000 0.2436000 -0.5059000
f 610/610/610 611/611/611 612/612/612
v -2.3275897 -16.6726152 8.0060089
vt 0.1300000 0.4500000
vn -0.8788000 -0.1678000 -0.4466000
v -2.9628979 -17.8645211 9.7039124
vt 0.2700000 0.5300000
vn -0.8788000 -0.1678000 -0.4466000
v -2.8785650 -17.0043249 9.2147813
vt 0.2200000 0.3900000
vn -0.8788000 -0.1678000 -0.4466000
f 613/613/613 614/614/614 615/615/615
v -2.3275897 -16.6726152 8.0060089
vt 0.1300000 0.4500000
vn -0.9554000 0.2014000 -0.2161000
v -2.5412332 -17.9938316 7.7192768
vt 0.1800000 0.5700000
vn -0.9554000 0.2014000 -0.2161000
v -2.9628979 -17.8645211 9.7039124
vt 0.2700000 0.5300000
vn -0.9554000 0.2014000 -0.2161000
f 616/616/616 617/617/617 618/618/618
v -0.9726401 -16.2453283 9.5914685
vt 0.0900000 0.3000000
vn 0.0624000 0.7160000 0.6953000
v -1.3605717 -16.9649695 10.3673317
vt 0.1200000 0.2300000
vn 0.0624000 0.7160000 0.6953000
v 0.7927298 -16.8412812 10.0468665
vt 0.0100000 0.2300000
vn 0.0624000 0.7160000 0.6953000
f 619/619/619 620/620/620 621/621/621
v -0.9726401 -16.2453283 9.5914685
vt 0.0900000 0.3000000
vn -0.2937000 0.7489000 0.5941000
v -2.2207679 -16.2397061 8.9674046
vt 0.1400000 0.3600000
vn -0.2937000 0.7489000 0.5941000
v -2.3275897 -16.9818361 9.8500896
vt 0.1900000 0.2600000
vn -0.2937000 0.7489000 0.5941000
f 622/622/622 623/623/623 624/624/624
v -0.9726401 -16.2453283 9.5914685
vt 0.0900000 0.3000000
vn -0.3117000 0.7693000 0.5577000
v -2.3275897 -16.9818361 9.8500896
vt 0.1900000 0.2600000
vn -0.3117000 0.7693000 0.5577000
v -1.3605717 -16.9649695 10.3673317
vt 0.1200000 0.2300000
vn -0.3117000 0.7693000 0.5577000
f 625/625/625 626/626/626 627/627/627
v -0.4160426 -16.7738148 6.2237724
vt 0.0100000 0.5500000
vn -0.0663000 0.2941000 -0.9535000
v 1.1525504 -17.1673686 5.9932623
vt 0.0900000 0.5200000
vn -0.0663000 0.2941000 -0.9535000
v 0.0056222 -18.6291399 5.6221972
vt 0.0600000 0.6500000
vn -0.0663000 0.2941000 -0.9535000
f 628/628/628 629/629/629 630/630/630
v -0.4160426 -16.7738148 6.2237724
vt 0.0100000 0.5500000
vn -0.4709000 0.3882000 -0.7922000
v -1.5854596 -18.3873854 6.1281950
vt 0.0600000 0.6500000
vn -0.4709000 0.3882000 -0.7922000
v -1.7541255 -16.7794370 7.0165022
vt 0.0900000 0.5200000
vn -0.4709000 0.3882000 -0.7922000
f 631/631/631 632/632/632 633/633/633
v -0.4160426 -16.7738148 6.2237724
vt 0.0100000 0.5500000
vn 0.3514000 0.3601000 -0.8642000
v 0.0056222 -18.6291399 5.6221972
vt 0.0600000 0.6500000
vn 0.3514000 0.3601000 -0.8642000
v -1.2537500 -19.3431589 4.8126008
vt 0.0100000 0.7400000
vn 0.3514000 0.3601000 -0.8642000
f 634/634/634 635/635/635 636/636/636
v -0.4160426 -16.7738148 6.2237724
vt 0.0100000 0.5500000
vn -0.6653000 0.5142000 -0.5413000
v -1.2537500 -19.3431589 4.8126008
vt 0.0100000 0.7400000
vn -0.6653000 0.5142000 -0.5413000
v -1.5854596 -18.3873854 6.1281950
vt 0.0600000 0.6500000
vn -0.6653000 0.5142000 -0.5413000
f 637/637/637 638/638/638 639/639/639
v 1.9227915 -16.7232150 8.7987387
vt 0.0900000 0.3000000
vn 0.7782000 0.5569000 0.2902000
v 2.9010538 -17.8588989 8.3545851
vt 0.1900000 0.2600000
vn 0.7782000 0.5569000 0.2902000
v 2.4793890 -16.8300368 7.5112555
vt 0.1400000 0.3600000
vn 0.7782000 0.5569000 0.2902000
f 640/640/640 641/641/641 642/642/642
v 1.9227915 -16.7232150 8.7987387
vt 0.0900000 0.3000000
vn 0.5445000 0.6310000 0.5526000
v 0.7927298 -16.8412812 10.0468665
vt 0.0100000 0.2300000
vn 0.5445000 0.6310000 0.5526000
v 2.4793890 -17.6564998 9.3159808
vt 0.1200000 0.2300000
vn 0.5445000 0.6310000 0.5526000
f 643/643/643 644/644/644 645/645/645
v 1.9227915 -16.7232150 8.7987387
vt 0.0900000 0.3000000
vn 0.7800000 0.5864000 0.2187000
v 2.4793890 -17.6564998 9.3159808
vt 0.1200000 0.2300000
vn 0.7800000 0.5864000 0.2187000
v 2.9010538 -17.8588989 8.3545851
vt 0.1900000 0.2600000
vn 0.7800000 0.5864000 0.2187000
f 646/646/646 647/647/647 648/648/648
v 2.1083240 -17.1786130 6.4599046
vt 0.1300000 0.4500000
vn 0.4292000 0.2300000 -0.8735000
v 2.0689686 -18.6853619 6.0438620
vt 0.1800000 0.5700000
vn 0.4292000 0.2300000 -0.8735000
v 1.1525504 -17.1673686 5.9932623
vt 0.0900000 0.5200000
vn 0.4292000 0.2300000 -0.8735000
f 649/649/649 650/650/650 651/651/651
v 2.1083240 -17.1786130 6.4599046
vt 0.1300000 0.4500000
vn 0.6746000 0.5959000 -0.4357000
v 2.4793890 -16.8300368 7.5112555
vt 0.1400000 0.3600000
vn 0.6746000 0.5959000 -0.4357000
v 2.9122982 -17.5215670 7.2357679
vt 0.2200000 0.3900000
vn 0.6746000 0.5959000 -0.4357000
f 652/652/652 653/653/653 654/654/654
v 2.1083240 -17.1786130 6.4599046
vt 0.1300000 0.4500000
vn 0.3458000 0.2413000 -0.9068000
v 3.9524047 -18.5954067 6.7859921
vt 0.2700000 0.5300000
vn 0.3458000 0.2413000 -0.9068000
v 2.0689686 -18.6853619 6.0438620
vt 0.1800000 0.5700000
vn 0.3458000 0.2413000 -0.9068000
f 655/655/655 656/656/656 657/657/657
v 2.1083240 -17.1786130 6.4599046
vt 0.1300000 0.4500000
vn 0.6127000 0.7251000 -0.3144000
v 2.9122982 -17.5215670 7.2357679
vt 0.2200000 0.3900000
vn 0.6127000 0.7251000 -0.3144000
v 3.9524047 -18.5954067 6.7859921
vt 0.2700000 0.5300000
vn 0.6127000 0.7251000 -0.3144000
f 658/658/658 659/659/659 660/660/660
v -2.8785650 -17.0043249 9.2147813
vt 0.2200000 0.3900000
vn -0.6410000 0.3267000 -0.6946000
v -3.5026289 -16.3521500 10.0974663
vt 0.2700000 0.3200000
vn -0.6410000 0.3267000 -0.6946000
v -2.2207679 -16.2397061 8.9674046
vt 0.1400000 0.3600000
vn -0.6410000 0.3267000 -0.6946000
f 661/661/661 662/662/662 663/663/663
v -2.2207679 -16.2397061 8.9674046
vt 0.1400000 0.3600000
vn 0.4723000 0.6457000 0.6000000
v -3.5026289 -16.3521500 10.0974663
vt 0.2700000 0.3200000
vn 0.4723000 0.6457000 0.6000000
v -2.3275897 -16.9818361 9.8500896
vt 0.1900000 0.2600000
vn 0.4723000 0.6457000 0.6000000
f 664/664/664 665/665/665 666/666/666
v -2.5412332 -17.9938316 7.7192768
vt 0.1800000 0.5700000
vn -0.8532000 0.5182000 -0.0601000
v -1.7541255 -16.7794370 7.0165022
vt 0.0900000 0.5200000
vn -0.8532000 0.5182000 -0.0601000
v -2.9122982 -18.7528282 6.4430380
vt 0.1600000 0.6800000
vn -0.8532000 0.5182000 -0.0601000
f 667/667/667 668/668/668 669/669/669
v -2.9122982 -18.7528282 6.4430380
vt 0.1600000 0.6800000
vn -0.3192000 0.4324000 -0.8433000
v -1.7541255 -16.7794370 7.0165022
vt 0.0900000 0.5200000
vn -0.3192000 0.4324000 -0.8433000
v -1.5854596 -18.3873854 6.1281950
vt 0.0600000 0.6500000
vn -0.3192000 0.4324000 -0.8433000
f 670/670/670 671/671/671 672/672/672
v -1.3605717 -16.9649695 10.3673317
vt 0.1200000 0.2300000
vn 0.0935000 0.5396000 0.8367000
v -0.3654428 -18.1400087 11.0138844
vt 0.0900000 0.1400000
vn 0.0935000 0.5396000 0.8367000
v 0.7927298 -16.8412812 10.0468665
vt 0.0100000 0.2300000
vn 0.0935000 0.5396000 0.8367000
f 673/673/673 674/674/674 675/675/675
v -1.3605717 -16.9649695 10.3673317
vt 0.1200000 0.2300000
vn -0.4025000 0.5461000 0.7347000
v -2.3275897 -16.9818361 9.8500896
vt 0.1900000 0.2600000
vn -0.4025000 0.5461000 0.7347000
v -1.8665695 -18.5785401 11.2893721
vt 0.1900000 0.0900000
vn -0.4025000 0.5461000 0.7347000
f 676/676/676 677/677/677 678/678/678
v -1.3605717 -16.9649695 10.3673317
vt 0.1200000 0.2300000
vn 0.0159000 0.4923000 0.8703000
v -1.8665695 -18.5785401 11.2893721
vt 0.1900000 0.0900000
vn 0.0159000 0.4923000 0.8703000
v -0.3654428 -18.1400087 11.0138844
vt 0.0900000 0.1400000
vn 0.0159000 0.4923000 0.8703000
f 679/679/679 680/680/680 681/681/681
v 0.0056222 -18.6291399 5.6221972
vt 0.0600000 0.6500000
vn -0.2347000 0.4081000 -0.8822000
v 1.1525504 -17.1673686 5.9932623
vt 0.0900000 0.5200000
vn -0.2347000 0.4081000 -0.8822000
v 1.4167937 -19.4218697 4.8800672
vt 0.1600000 0.6800000
vn -0.2347000 0.4081000 -0.8822000
f 682/682/682 683/683/683 684/684/684
v 1.4167937 -19.4218697 4.8800672
vt 0.1600000 0.6800000
vn 0.6773000 0.3880000 -0.6251000
v 1.1525504 -17.1673686 5.9932623
vt 0.0900000 0.5200000
vn 0.6773000 0.3880000 -0.6251000
v 2.0689686 -18.6853619 6.0438620
vt 0.1800000 0.5700000
vn 0.6773000 0.3880000 -0.6251000
f 685/685/685 686/686/686 687/687/687
v 2.4793890 -17.6564998 9.3159808
vt 0.1200000 0.2300000
vn 0.8799000 0.3602000 0.3101000
v 3.0359865 -19.5680468 9.9569113
vt 0.1900000 0.0900000
vn 0.8799000 0.3602000 0.3101000
v 2.9010538 -17.8588989 8.3545851
vt 0.1900000 0.2600000
vn 0.8799000 0.3602000 0.3101000
f 688/688/688 689/689/689 690/690/690
v 2.4793890 -17.6564998 9.3159808
vt 0.1200000 0.2300000
vn 0.5313000 0.4635000 0.7091000
v 0.7927298 -16.8412812 10.0468665
vt 0.0100000 0.2300000
vn 0.5313000 0.4635000 0.7091000
v 1.8946805 -18.4829628 10.2942432
vt 0.0900000 0.1400000
vn 0.5313000 0.4635000 0.7091000
f 691/691/691 692/692/692 693/693/693
v 2.4793890 -17.6564998 9.3159808
vt 0.1200000 0.2300000
vn 0.5917000 0.4058000 0.6965000
v 1.8946805 -18.4829628 10.2942432
vt 0.0900000 0.1400000
vn 0.5917000 0.4058000 0.6965000
v 3.0359865 -19.5680468 9.9569113
vt 0.1900000 0.0900000
vn 0.5917000 0.4058000 0.6965000
f 694/694/694 695/695/695 696/696/696
v 2.4793890 -16.8300368 7.5112555
vt 0.1400000 0.3600000
vn 0.3293000 0.5201000 -0.7881000
v 3.7443834 -17.0942800 7.8654539
vt 0.2700000 0.3200000
vn 0.3293000 0.5201000 -0.7881000
v 2.9122982 -17.5215670 7.2357679
vt 0.2200000 0.3900000
vn 0.3293000 0.5201000 -0.7881000
f 697/697/697 698/698/698 699/699/699
v 2.4793890 -16.8300368 7.5112555
vt 0.1400000 0.3600000
vn -0.0938000 0.6079000 0.7885000
v 2.9010538 -17.8588989 8.3545851
vt 0.1900000 0.2600000
vn -0.0938000 0.6079000 0.7885000
v 3.7443834 -17.0942800 7.8654539
vt 0.2700000 0.3200000
vn -0.0938000 0.6079000 0.7885000
f 700/700/700 701/701/701 702/702/702
v -0.3654428 -18.1400087 11.0138844
vt 0.0900000 0.1400000
vn -0.1120000 0.6558000 0.7466000
v 0.9164182 -17.7801881 10.8901961
vt 0.0100000 0.1600000
vn -0.1120000 0.6558000 0.7466000
v 0.7927298 -16.8412812 10.0468665
vt 0.0100000 0.2300000
vn -0.1120000 0.6558000 0.7466000
f 703/703/703 704/704/704 705/705/705
v -0.3654428 -18.1400087 11.0138844
vt 0.0900000 0.1400000
vn -0.0760000 0.5553000 0.8282000
v 1.0401065 -19.7254683 12.2057902
vt 0.0100000 0.0100000
vn -0.0760000 0.5553000 0.8282000
v 0.9164182 -17.7801881 10.8901961
vt 0.0100000 0.1600000
vn -0.0760000 0.5553000 0.8282000
f 706/706/706 707/707/707 708/708/708
v 0.9164182 -17.7801881 10.8901961
vt 0.0100000 0.1600000
vn 0.6764000 0.4417000 0.5895000
v 1.0401065 -19.7254683 12.2057902
vt 0.0100000 0.0100000
vn 0.6764000 0.4417000 0.5895000
v 1.8946805 -18.4829628 10.2942432
vt 0.0900000 0.1400000
vn 0.6764000 0.4417000 0.5895000
f 709/709/709 710/710/710 711/711/711
v 0.9164182 -17.7801881 10.8901961
vt 0.0100000 0.1600000
vn 0.6853000 0.5345000 0.4946000
v 1.8946805 -18.4829628 10.2942432
vt 0.0900000 0.1400000
vn 0.6853000 0.5345000 0.4946000
v 0.7927298 -16.8412812 10.0468665
vt 0.0100000 0.2300000
vn 0.6853000 0.5345000 0.4946000
f 712/712/712 713/713/713 714/714/714
v -5.2511322 -12.3322790 3.9524047
vt 0.8300000 0.8800000
vn -0.7255000 0.0765000 -0.6840000
v -3.4464069 -10.6512420 2.2263901
vt 0.8100000 0.9900000
vn -0.7255000 0.0765000 -0.6840000
v -2.9460314 -12.5403003 1.4842601
vt 0.8900000 0.9500000
vn -0.7255000 0.0765000 -0.6840000
f 715/715/715 716/716/716 717/717/717
v -5.2511322 -12.3322790 3.9524047
vt 0.8300000 0.8800000
vn -0.7962000 0.4893000 -0.3560000
v -2.8504540 -8.6834730 3.5982062
vt 0.7000000 0.9900000
vn -0.7962000 0.4893000 -0.3560000
v -3.4464069 -10.6512420 2.2263901
vt 0.8100000 0.9900000
vn -0.7962000 0.4893000 -0.3560000
f 718/718/718 719/719/719 720/720/720
v -5.2511322 -12.3322790 3.9524047
vt 0.8300000 0.8800000
vn -0.7312000 -0.1061000 -0.6739000
v -2.9460314 -12.5403003 1.4842601
vt 0.8900000 0.9500000
vn -0.7312000 -0.1061000 -0.6739000
v -2.5974551 -15.3345323 1.5461042
vt 0.9500000 0.8800000
vn -0.7312000 -0.1061000 -0.6739000
f 721/721/721 722/722/722 723/723/723
v -5.2511322 -12.3322790 3.9524047
vt 0.8300000 0.8800000
vn -0.8144000 0.5087000 -0.2792000
v -4.2054035 -9.2232039 6.5667264
vt 0.7400000 0.8800000
vn -0.8144000 0.5087000 -0.2792000
v -2.8504540 -8.6834730 3.5982062
vt 0.7000000 0.9900000
vn -0.8144000 0.5087000 -0.2792000
f 724/724/724 725/725/725 726/726/726
v -5.2511322 -12.3322790 3.9524047
vt 0.8300000 0.8800000
vn -0.8052000 -0.3033000 -0.5096000
v -2.5974551 -15.3345323 1.5461042
vt 0.9500000 0.8800000
vn -0.8052000 -0.3033000 -0.5096000
v -3.4464069 -17.1617464 3.9748935
vt 0.9400000 0.7500000
vn -0.8052000 -0.3033000 -0.5096000
f 727/727/727 728/728/728 729/729/729
v -5.2511322 -12.3322790 3.9524047
vt 0.8300000 0.8800000
vn -0.9645000 0.2481000 0.0907000
v -4.6326905 -11.7531927 8.9449158
vt 0.7500000 0.7400000
vn -0.9645000 0.2481000 0.0907000
v -4.2054035 -9.2232039 6.5667264
vt 0.7400000 0.8800000
vn -0.9645000 0.2481000 0.0907000
f 730/730/730 731/731/731 732/732/732
v -5.2511322 -12.3322790 3.9524047
vt 0.8300000 0.8800000
vn -0.8470000 -0.3185000 -0.4257000
v -3.4464069 -17.1617464 3.9748935
vt 0.9400000 0.7500000
vn -0.8470000 -0.3185000 -0.4257000
v -5.5097533 -14.5980245 6.1619282
vt 0.8400000 0.7500000
vn -0.8470000 -0.3185000 -0.4257000
f 733/733/733 734/734/734 735/735/735
v -5.2511322 -12.3322790 3.9524047
vt 0.8300000 0.8800000
vn -0.9738000 0.2055000 0.0968000
v -5.5097533 -14.5980245 6.1619282
vt 0.8400000 0.7500000
vn -0.9738000 0.2055000 0.0968000
v -4.6326905 -11.7531927 8.9449158
vt 0.7500000 0.7400000
vn -0.9738000 0.2055000 0.0968000
f 736/736/736 737/737/737 738/738/738
v -2.9460314 -12.5403003 1.4842601
vt 0.8900000 0.9500000
vn -0.4142000 -0.0718000 -0.9073000
v -1.2762388 -13.8615166 0.8264630
vt 0.9600000 0.9500000
vn -0.4142000 -0.0718000 -0.9073000
v -2.5974551 -15.3345323 1.5461042
vt 0.9500000 0.8800000
vn -0.4142000 -0.0718000 -0.9073000
f 739/739/739 740/740/740 741/741/741
v -2.8504540 -8.6834730 3.5982062
vt 0.7000000 0.9900000
vn -0.5948000 0.7938000 -0.1271000
v -4.2054035 -9.2232039 6.5667264
vt 0.7400000 0.8800000
vn -0.5948000 0.7938000 -0.1271000
v -1.4561491 -7.5028115 4.4471580
vt 0.6300000 0.9900000
vn -0.5948000 0.7938000 -0.1271000
f 742/742/742 743/743/743 744/744/744
v -3.4464069 -17.1617464 3.9748935
vt 0.9400000 0.7500000
vn -0.7868000 -0.6169000 -0.0192000
v -3.9748935 -16.6051489 7.7417656
vt 0.8600000 0.6500000
vn -0.7868000 -0.6169000 -0.0192000
v -5.5097533 -14.5980245 6.1619282
vt 0.8400000 0.7500000
vn -0.7868000 -0.6169000 -0.0192000
f 745/745/745 746/746/746 747/747/747
v -3.4464069 -17.1617464 3.9748935
vt 0.9400000 0.7500000
vn -0.3880000 -0.6662000 -0.6368000
v -2.5974551 -15.3345323 1.5461042
vt 0.9500000 0.8800000
vn -0.3880000 -0.6662000 -0.6368000
v -0.5172421 -18.1906085 3.2664966
vt 0.9900000 0.7500000
vn -0.3880000 -0.6662000 -0.6368000
f 748/748/748 749/749/749 750/750/750
v -3.4464069 -17.1617464 3.9748935
vt 0.9400000 0.7500000
vn -0.3136000 -0.9447000 0.0956000
v -0.5059978 -17.9038764 6.2856165
vt 0.9600000 0.6500000
vn -0.3136000 -0.9447000 0.0956000
v -3.9748935 -16.6051489 7.7417656
vt 0.8600000 0.6500000
vn -0.3136000 -0.9447000 0.0956000
f 751/751/751 752/752/752 753/753/753
v -3.4464069 -17.1617464 3.9748935
vt 0.9400000 0.7500000
vn -0.3104000 -0.9463000 0.0910000
v -0.5172421 -18.1906085 3.2664966
vt 0.9900000 0.7500000
vn -0.3104000 -0.9463000 0.0910000
v -0.5059978 -17.9038764 6.2856165
vt 0.9600000 0.6500000
vn -0.3104000 -0.9463000 0.0910000
f 754/754/754 755/755/755 756/756/756
v -4.6326905 -11.7531927 8.9449158
vt 0.7500000 0.7400000
vn -0.5710000 0.6114000 0.5479000
v -3.4857623 -11.4327274 9.7826232
vt 0.7000000 0.7300000
vn -0.5710000 0.6114000 0.5479000
v -4.2054035 -9.2232039 6.5667264
vt 0.7400000 0.8800000
vn -0.5710000 0.6114000 0.5479000
f 757/757/757 758/758/758 759/759/759
v -4.6326905 -11.7531927 8.9449158
vt 0.7500000 0.7400000
vn -0.8643000 -0.1894000 0.4660000
v -5.5097533 -14.5980245 6.1619282
vt 0.8400000 0.7500000
vn -0.8643000 -0.1894000 0.4660000
v -3.9186715 -12.7708104 9.8557118
vt 0.7400000 0.6900000
vn -0.8643000 -0.1894000 0.4660000
f 760/760/760 761/761/761 762/762/762
v -4.6326905 -11.7531927 8.9449158
vt 0.7500000 0.7400000
vn -0.6154000 0.2401000 0.7507000
v -3.9186715 -12.7708104 9.8557118
vt 0.7400000 0.6900000
vn -0.6154000 0.2401000 0.7507000
v -3.4857623 -11.4327274 9.7826232
vt 0.7000000 0.7300000
vn -0.6154000 0.2401000 0.7507000
f 763/763/763 764/764/764 765/765/765
v -5.5097533 -14.5980245 6.1619282
vt 0.8400000 0.7500000
vn -0.8354000 -0.2559000 0.4864000
v -3.9748935 -16.6051489 7.7417656
vt 0.8600000 0.6500000
vn -0.8354000 -0.2559000 0.4864000
v -3.9186715 -12.7708104 9.8557118
vt 0.7400000 0.6900000
vn -0.8354000 -0.2559000 0.4864000
f 766/766/766 767/767/767 768/768/768
v -1.2762388 -13.8615166 0.8264630
vt 0.9600000 0.9500000
vn -0.2342000 -0.2491000 -0.9397000
v -0.3485762 -15.9642184 1.1525504
vt 0.9900000 0.8800000
vn -0.2342000 -0.2491000 -0.9397000
v -2.5974551 -15.3345323 1.5461042
vt 0.9500000 0.8800000
vn -0.2342000 -0.2491000 -0.9397000
f 769/769/769 770/770/770 771/771/771
v -1.2762388 -13.8615166 0.8264630
vt 0.9600000 0.9500000
vn -0.1877000 -0.2309000 -0.9547000
v -0.1967769 -14.2044707 0.6971525
vt 0.9900000 0.9500000
vn -0.1877000 -0.2309000 -0.9547000
v -0.3485762 -15.9642184 1.1525504
vt 0.9900000 0.8800000
vn -0.1877000 -0.2309000 -0.9547000
f 772/772/772 773/773/773 774/774/774
v -2.5974551 -15.3345323 1.5461042
vt 0.9500000 0.8800000
vn -0.3032000 -0.6440000 -0.7024000
v -0.3485762 -15.9642184 1.1525504
vt 0.9900000 0.8800000
vn -0.3032000 -0.6440000 -0.7024000
v -0.5172421 -18.1906085 3.2664966
vt 0.9900000 0.7500000
vn -0.3032000 -0.6440000 -0.7024000
f 775/775/775 776/776/776 777/777/777
v -1.4561491 -7.5028115 4.4471580
vt 0.6300000 0.9900000
vn -0.4746000 0.8751000 0.0947000
v -4.2054035 -9.2232039 6.5667264
vt 0.7400000 0.8800000
vn -0.4746000 0.8751000 0.0947000
v -1.8890583 -8.0875200 7.6799214
vt 0.6500000 0.8800000
vn -0.4746000 0.8751000 0.0947000
f 778/778/778 779/779/779 780/780/780
v -1.4561491 -7.5028115 4.4471580
vt 0.6300000 0.9900000
vn -0.1250000 0.9791000 0.1604000
v -1.8890583 -8.0875200 7.6799214
vt 0.6500000 0.8800000
vn -0.1250000 0.9791000 0.1604000
v 0.5622197 -7.8345212 8.0453643
vt 0.5500000 0.8800000
vn -0.1250000 0.9791000 0.1604000
f 781/781/781 782/782/782 783/783/783
v -1.4561491 -7.5028115 4.4471580
vt 0.6300000 0.9900000
vn -0.0598000 0.9904000 0.1249000
v 0.5622197 -7.8345212 8.0453643
vt 0.5500000 0.8800000
vn -0.0598000 0.9904000 0.1249000
v 0.5341087 -7.3903676 4.5090022
vt 0.5500000 0.9900000
vn -0.0598000 0.9904000 0.1249000
f 784/784/784 785/785/785 786/786/786
v -4.2054035 -9.2232039 6.5667264
vt 0.7400000 0.8800000
vn -0.5656000 0.6152000 0.5492000
v -3.4857623 -11.4327274 9.7826232
vt 0.7000000 0.7300000
vn -0.5656000 0.6152000 0.5492000
v -1.8890583 -8.0875200 7.6799214
vt 0.6500000 0.8800000
vn -0.5656000 0.6152000 0.5492000
f 787/787/787 788/788/788 789/789/789
v -0.5059978 -17.9038764 6.2856165
vt 0.9600000 0.6500000
vn -0.1062000 -0.8543000 0.5089000
v 0.1574215 -16.7906814 8.2927409
vt 0.8100000 0.5800000
vn -0.1062000 -0.8543000 0.5089000
v -3.9748935 -16.6051489 7.7417656
vt 0.8600000 0.6500000
vn -0.1062000 -0.8543000 0.5089000
f 790/790/790 791/791/791 792/792/792
v -0.5059978 -17.9038764 6.2856165
vt 0.9600000 0.6500000
vn 0.1295000 -0.9872000 0.0933000
v -0.5172421 -18.1906085 3.2664966
vt 0.9900000 0.7500000
vn 0.1295000 -0.9872000 0.0933000
v 2.5805885 -17.7295883 3.8455829
vt 0.9400000 0.7500000
vn 0.1295000 -0.9872000 0.0933000
f 793/793/793 794/794/794 795/795/795
v -0.5059978 -17.9038764 6.2856165
vt 0.9600000 0.6500000
vn 0.0971000 -0.8836000 0.4580000
v 3.3620740 -17.0155693 7.1795459
vt 0.8600000 0.6500000
vn 0.0971000 -0.8836000 0.4580000
v 0.1574215 -16.7906814 8.2927409
vt 0.8100000 0.5800000
vn 0.0971000 -0.8836000 0.4580000
f 796/796/796 797/797/797 798/798/798
v -0.5059978 -17.9038764 6.2856165
vt 0.9600000 0.6500000
vn 0.1846000 -0.9690000 0.1643000
v 2.5805885 -17.7295883 3.8455829
vt 0.9400000 0.7500000
vn 0.1846000 -0.9690000 0.1643000
v 3.3620740 -17.0155693 7.1795459
vt 0.8600000 0.6500000
vn 0.1846000 -0.9690000 0.1643000
f 799/799/799 800/800/800 801/801/801
v -3.9186715 -12.7708104 9.8557118
vt 0.7400000 0.6900000
vn -0.3755000 0.1712000 0.9109000
v -2.4175448 -14.0245603 10.7102858
vt 0.7200000 0.6300000
vn -0.3755000 0.1712000 0.9109000
v -3.4857623 -11.4327274 9.7826232
vt 0.7000000 0.7300000
vn -0.3755000 0.1712000 0.9109000
f 802/802/802 803/803/803 804/804/804
v -3.9186715 -12.7708104 9.8557118
vt 0.7400000 0.6900000
vn -0.6675000 -0.3520000 0.6562000
v -3.9748935 -16.6051489 7.7417656
vt 0.8600000 0.6500000
vn -0.6675000 -0.3520000 0.6562000
v -2.4175448 -14.0245603 10.7102858
vt 0.7200000 0.6300000
vn -0.6675000 -0.3520000 0.6562000
f 805/805/805 806/806/806 807/807/807
v -3.9748935 -16.6051489 7.7417656
vt 0.8600000 0.6500000
vn -0.1238000 -0.7158000 0.6872000
v 0.1574215 -16.7906814 8.2927409
vt 0.8100000 0.5800000
vn -0.1238000 -0.7158000 0.6872000
v -2.4175448 -14.0245603 10.7102858
vt 0.7200000 0.6300000
vn -0.1238000 -0.7158000 0.6872000
f 808/808/808 809/809/809 810/810/810
v -0.1967769 -14.2044707 0.6971525
vt 0.9900000 0.9500000
vn 0.1628000 -0.2603000 -0.9517000
v 0.9389069 -14.0695379 0.8545740
vt 0.9600000 0.9500000
vn 0.1628000 -0.2603000 -0.9517000
v -0.3485762 -15.9642184 1.1525504
vt 0.9900000 0.8800000
vn 0.1628000 -0.2603000 -0.9517000
f 811/811/811 812/812/812 813/813/813
v 0.5622197 -7.8345212 8.0453643
vt 0.5500000 0.8800000
vn 0.2506000 0.9608000 0.1187000
v 2.4569002 -7.8738765 4.3628251
vt 0.6300000 0.9900000
vn 0.2506000 0.9608000 0.1187000
v 0.5341087 -7.3903676 4.5090022
vt 0.5500000 0.9900000
vn 0.2506000 0.9608000 0.1187000
f 814/814/814 815/815/815 816/816/816
v 0.5622197 -7.8345212 8.0453643
vt 0.5500000 0.8800000
vn -0.1777000 0.6298000 0.7562000
v -1.8890583 -8.0875200 7.6799214
vt 0.6500000 0.8800000
vn -0.1777000 0.6298000 0.7562000
v -1.2762388 -11.2696837 10.4741535
vt 0.6200000 0.7200000
vn -0.1777000 0.6298000 0.7562000
f 817/817/817 818/818/818 819/819/819
v 0.5622197 -7.8345212 8.0453643
vt 0.5500000 0.8800000
vn 0.3126000 0.9378000 0.1508000
v 2.9122982 -8.5429180 7.5787219
vt 0.6500000 0.8800000
vn 0.3126000 0.9378000 0.1508000
v 2.4569002 -7.8738765 4.3628251
vt 0.6300000 0.9900000
vn 0.3126000 0.9378000 0.1508000
f 820/820/820 821/821/821 822/822/822
v 0.5622197 -7.8345212 8.0453643
vt 0.5500000 0.8800000
vn -0.0816000 0.6041000 0.7927000
v -1.2762388 -11.2696837 10.4741535
vt 0.6200000 0.7200000
vn -0.0816000 0.6041000 0.7927000
v 0.3373318 -10.4319763 10.0018889
vt 0.5500000 0.7500000
vn -0.0816000 0.6041000 0.7927000
f 823/823/823 824/824/824 825/825/825
v 0.5622197 -7.8345212 8.0453643
vt 0.5500000 0.8800000
vn 0.3211000 0.5642000 0.7606000
v 1.6979036 -11.7250817 10.4516647
vt 0.6200000 0.7200000
vn 0.3211000 0.5642000 0.7606000
v 2.9122982 -8.5429180 7.5787219
vt 0.6500000 0.8800000
vn 0.3211000 0.5642000 0.7606000
f 826/826/826 827/827/827 828/828/828
v 0.5622197 -7.8345212 8.0453643
vt 0.5500000 0.8800000
vn 0.2773000 0.5626000 0.7788000
v 0.3373318 -10.4319763 10.0018889
vt 0.5500000 0.7500000
vn 0.2773000 0.5626000 0.7788000
v 1.6979036 -11.7250817 10.4516647
vt 0.6200000 0.7200000
vn 0.2773000 0.5626000 0.7788000
f 829/829/829 830/830/830 831/831/831
v -1.8890583 -8.0875200 7.6799214
vt 0.6500000 0.8800000
vn -0.2785000 0.6029000 0.7477000
v -3.4857623 -11.4327274 9.7826232
vt 0.7000000 0.7300000
vn -0.2785000 0.6029000 0.7477000
v -1.2762388 -11.2696837 10.4741535
vt 0.6200000 0.7200000
vn -0.2785000 0.6029000 0.7477000
f 832/832/832 833/833/833 834/834/834
v -0.5172421 -18.1906085 3.2664966
vt 0.9900000 0.7500000
vn 0.2298000 -0.7163000 -0.6588000
v 1.9902578 -15.7730637 1.5123711
vt 0.9500000 0.8800000
vn 0.2298000 -0.7163000 -0.6588000
v 2.5805885 -17.7295883 3.8455829
vt 0.9400000 0.7500000
vn 0.2298000 -0.7163000 -0.6588000
f 835/835/835 836/836/836 837/837/837
v -0.5172421 -18.1906085 3.2664966
vt 0.9900000 0.7500000
vn 0.1651000 -0.6857000 -0.7090000
v -0.3485762 -15.9642184 1.1525504
vt 0.9900000 0.8800000
vn 0.1651000 -0.6857000 -0.7090000
v 1.9902578 -15.7730637 1.5123711
vt 0.9500000 0.8800000
vn 0.1651000 -0.6857000 -0.7090000
f 838/838/838 839/839/839 840/840/840
v -0.3485762 -15.9642184 1.1525504
vt 0.9900000 0.8800000
vn 0.1677000 -0.2634000 -0.9500000
v 0.9389069 -14.0695379 0.8545740
vt 0.9600000 0.9500000
vn 0.1677000 -0.2634000 -0.9500000
v 1.9902578 -15.7730637 1.5123711
vt 0.9500000 0.8800000
vn 0.1677000 -0.2634000 -0.9500000
f 841/841/841 842/842/842 843/843/843
v 3.3620740 -17.0155693 7.1795459
vt 0.8600000 0.6500000
vn 0.1782000 -0.7295000 0.6603000
v 2.8054764 -14.3169146 10.3111098
vt 0.7200000 0.6300000
vn 0.1782000 -0.7295000 0.6603000
v 0.1574215 -16.7906814 8.2927409
vt 0.8100000 0.5800000
vn 0.1782000 -0.7295000 0.6603000
f 844/844/844 845/845/845 846/846/846
v 3.3620740 -17.0155693 7.1795459
vt 0.8600000 0.6500000
vn 0.6209000 -0.7835000 0.0223000
v 2.5805885 -17.7295883 3.8455829
vt 0.9400000 0.7500000
vn 0.6209000 -0.7835000 0.0223000
v 5.1780437 -15.6100200 5.9988845
vt 0.8400000 0.7500000
vn 0.6209000 -0.7835000 0.0223000
f 847/847/847 848/848/848 849/849/849
v 3.3620740 -17.0155693 7.1795459
vt 0.8600000 0.6500000
vn 0.6061000 -0.5461000 0.5783000
v 4.1154484 -13.5298070 9.6814237
vt 0.7400000 0.6900000
vn 0.6061000 -0.5461000 0.5783000
v 2.8054764 -14.3169146 10.3111098
vt 0.7200000 0.6300000
vn 0.6061000 -0.5461000 0.5783000
f 850/850/850 851/851/851 852/852/852
v 3.3620740 -17.0155693 7.1795459
vt 0.8600000 0.6500000
vn 0.7100000 -0.5054000 0.4904000
v 5.1780437 -15.6100200 5.9988845
vt 0.8400000 0.7500000
vn 0.7100000 -0.5054000 0.4904000
v 4.1154484 -13.5298070 9.6814237
vt 0.7400000 0.6900000
vn 0.7100000 -0.5054000 0.4904000
f 853/853/853 854/854/854 855/855/855
v -2.4175448 -14.0245603 10.7102858
vt 0.7200000 0.6300000
vn -0.5073000 0.0974000 0.8562000
v -1.7822365 -12.1973462 10.8789517
vt 0.6300000 0.6700000
vn -0.5073000 0.0974000 0.8562000
v -3.4857623 -11.4327274 9.7826232
vt 0.7000000 0.7300000
vn -0.5073000 0.0974000 0.8562000
f 856/856/856 857/857/857 858/858/858
v -2.4175448 -14.0245603 10.7102858
vt 0.7200000 0.6300000
vn -0.2240000 -0.7512000 0.6209000
v 0.1574215 -16.7906814 8.2927409
vt 0.8100000 0.5800000
vn -0.2240000 -0.7512000 0.6209000
v 0.1068217 -14.4799583 11.0701064
vt 0.7000000 0.5700000
vn -0.2240000 -0.7512000 0.6209000
f 859/859/859 860/860/860 861/861/861
v -2.4175448 -14.0245603 10.7102858
vt 0.7200000 0.6300000
vn -0.4663000 0.0808000 0.8809000
v -1.3324607 -12.9113653 11.1825503
vt 0.6400000 0.6300000
vn -0.4663000 0.0808000 0.8809000
v -1.7822365 -12.1973462 10.8789517
vt 0.6300000 0.6700000
vn -0.4663000 0.0808000 0.8809000
f 862/862/862 863/863/863 864/864/864
v -2.4175448 -14.0245603 10.7102858
vt 0.7200000 0.6300000
vn -0.1782000 -0.2320000 0.9563000
v 0.1068217 -14.4799583 11.0701064
vt 0.7000000 0.5700000
vn -0.1782000 -0.2320000 0.9563000
v -1.3324607 -12.9113653 11.1825503
vt 0.6400000 0.6300000
vn -0.1782000 -0.2320000 0.9563000
f 865/865/865 866/866/866 867/867/867
v 0.1574215 -16.7906814 8.2927409
vt 0.8100000 0.5800000
vn 0.2213000 -0.7477000 0.6261000
v 2.8054764 -14.3169146 10.3111098
vt 0.7200000 0.6300000
vn 0.2213000 -0.7477000 0.6261000
v 0.1068217 -14.4799583 11.0701064
vt 0.7000000 0.5700000
vn 0.2213000 -0.7477000 0.6261000
f 868/868/868 869/869/869 870/870/870
v -3.4857623 -11.4327274 9.7826232
vt 0.7000000 0.7300000
vn -0.2908000 0.5115000 0.8086000
v -1.7822365 -12.1973462 10.8789517
vt 0.6300000 0.6700000
vn -0.2908000 0.5115000 0.8086000
v -1.2762388 -11.2696837 10.4741535
vt 0.6200000 0.7200000
vn -0.2908000 0.5115000 0.8086000
f 871/871/871 872/872/872 873/873/873
v 2.4569002 -7.8738765 4.3628251
vt 0.6300000 0.9900000
vn 0.6334000 0.7706000 0.0706000
v 2.9122982 -8.5429180 7.5787219
vt 0.6500000 0.8800000
vn 0.6334000 0.7706000 0.0706000
v 4.9250448 -10.0890223 6.3980605
vt 0.7400000 0.8800000
vn 0.6334000 0.7706000 0.0706000
f 874/874/874 875/875/875 876/876/876
v 2.4569002 -7.8738765 4.3628251
vt 0.6300000 0.9900000
vn 0.7276000 0.6683000 -0.1550000
v 4.9250448 -10.0890223 6.3980605
vt 0.7400000 0.8800000
vn 0.7276000 0.6683000 -0.1550000
v 3.5700953 -9.2906703 3.4801401
vt 0.7000000 0.9900000
vn 0.7276000 0.6683000 -0.1550000
f 877/877/877 878/878/878 879/879/879
v 0.3373318 -10.4319763 10.0018889
vt 0.5500000 0.7500000
vn 0.5518000 0.7244000 0.4133000
v 0.3429540 -10.6062644 10.2998654
vt 0.5400000 0.7400000
vn 0.5518000 0.7244000 0.4133000
v 1.6979036 -11.7250817 10.4516647
vt 0.6200000 0.7200000
vn 0.5518000 0.7244000 0.4133000
f 880/880/880 881/881/881 882/882/882
v 0.3373318 -10.4319763 10.0018889
vt 0.5500000 0.7500000
vn -0.2855000 0.8249000 0.4879000
v -1.2762388 -11.2696837 10.4741535
vt 0.6200000 0.7200000
vn -0.2855000 0.8249000 0.4879000
v 0.3429540 -10.6062644 10.2998654
vt 0.5400000 0.7400000
vn -0.2855000 0.8249000 0.4879000
f 883/883/883 884/884/884 885/885/885
v 0.9389069 -14.0695379 0.8545740
vt 0.9600000 0.9500000
vn 0.3781000 -0.1210000 -0.9178000
v 2.8504540 -13.0856534 1.5123711
vt 0.8900000 0.9500000
vn 0.3781000 -0.1210000 -0.9178000
v 1.9902578 -15.7730637 1.5123711
vt 0.9500000 0.8800000
vn 0.3781000 -0.1210000 -0.9178000
f 886/886/886 887/887/887 888/888/888
v 2.5805885 -17.7295883 3.8455829
vt 0.9400000 0.7500000
vn 0.7577000 -0.4293000 -0.4915000
v 5.2567544 -13.3274079 4.1266928
vt 0.8300000 0.8800000
vn 0.7577000 -0.4293000 -0.4915000
v 5.1780437 -15.6100200 5.9988845
vt 0.8400000 0.7500000
vn 0.7577000 -0.4293000 -0.4915000
f 889/889/889 890/890/890 891/891/891
v 2.5805885 -17.7295883 3.8455829
vt 0.9400000 0.7500000
vn 0.7373000 -0.4141000 -0.5338000
v 1.9902578 -15.7730637 1.5123711
vt 0.9500000 0.8800000
vn 0.7373000 -0.4141000 -0.5338000
v 5.2567544 -13.3274079 4.1266928
vt 0.8300000 0.8800000
vn 0.7373000 -0.4141000 -0.5338000
f 892/892/892 893/893/893 894/894/894
v 1.9902578 -15.7730637 1.5123711
vt 0.9500000 0.8800000
vn 0.7062000 -0.2261000 -0.6709000
v 2.8504540 -13.0856534 1.5123711
vt 0.8900000 0.9500000
vn 0.7062000 -0.2261000 -0.6709000
v 5.2567544 -13.3274079 4.1266928
vt 0.8300000 0.8800000
vn 0.7062000 -0.2261000 -0.6709000
f 895/895/895 896/896/896 897/897/897
v 4.1154484 -13.5298070 9.6814237
vt 0.7400000 0.6900000
vn 0.3894000 0.0857000 0.9171000
v 3.9411603 -12.1355021 9.6252017
vt 0.7000000 0.7300000
vn 0.3894000 0.0857000 0.9171000
v 2.8054764 -14.3169146 10.3111098
vt 0.7200000 0.6300000
vn 0.3894000 0.0857000 0.9171000
f 898/898/898 899/899/899 900/900/900
v 4.1154484 -13.5298070 9.6814237
vt 0.7400000 0.6900000
vn 0.8311000 -0.3460000 0.4353000
v 5.1780437 -15.6100200 5.9988845
vt 0.8400000 0.7500000
vn 0.8311000 -0.3460000 0.4353000
v 4.9700224 -12.6583664 8.7425167
vt 0.7500000 0.7400000
vn 0.8311000 -0.3460000 0.4353000
f 901/901/901 902/902/902 903/903/903
v 4.1154484 -13.5298070 9.6814237
vt 0.7400000 0.6900000
vn 0.6797000 0.1142000 0.7246000
v 4.9700224 -12.6583664 8.7425167
vt 0.7500000 0.7400000
vn 0.6797000 0.1142000 0.7246000
v 3.9411603 -12.1355021 9.6252017
vt 0.7000000 0.7300000
vn 0.6797000 0.1142000 0.7246000
f 904/904/904 905/905/905 906/906/906
v 4.9250448 -10.0890223 6.3980605
vt 0.7400000 0.8800000
vn 0.6903000 0.4971000 0.5257000
v 2.9122982 -8.5429180 7.5787219
vt 0.6500000 0.8800000
vn 0.6903000 0.4971000 0.5257000
v 3.9411603 -12.1355021 9.6252017
vt 0.7000000 0.7300000
vn 0.6903000 0.4971000 0.5257000
f 907/907/907 908/908/908 909/909/909
v 4.9250448 -10.0890223 6.3980605
vt 0.7400000 0.8800000
vn 0.8898000 0.3196000 -0.3257000
v 5.2567544 -13.3274079 4.1266928
vt 0.8300000 0.8800000
vn 0.8898000 0.3196000 -0.3257000
v 3.5700953 -9.2906703 3.4801401
vt 0.7000000 0.9900000
vn 0.8898000 0.3196000 -0.3257000
f 910/910/910 911/911/911 912/912/912
v 4.9250448 -10.0890223 6.3980605
vt 0.7400000 0.8800000
vn 0.9965000 0.0653000 0.0524000
v 4.9700224 -12.6583664 8.7425167
vt 0.7500000 0.7400000
vn 0.9965000 0.0653000 0.0524000
v 5.2567544 -13.3274079 4.1266928
vt 0.8300000 0.8800000
vn 0.9965000 0.0653000 0.0524000
f 913/913/913 914/914/914 915/915/915
v 4.9250448 -10.0890223 6.3980605
vt 0.7400000 0.8800000
vn 0.6976000 0.4896000 0.5231000
v 3.9411603 -12.1355021 9.6252017
vt 0.7000000 0.7300000
vn 0.6976000 0.4896000 0.5231000
v 4.9700224 -12.6583664 8.7425167
vt 0.7500000 0.7400000
vn 0.6976000 0.4896000 0.5231000
f 916/916/916 917/917/917 918/918/918
v 4.9700224 -12.6583664 8.7425167
vt 0.7500000 0.7400000
vn 0.9981000 0.0147000 0.0599000
v 5.1780437 -15.6100200 5.9988845
vt 0.8400000 0.7500000
vn 0.9981000 0.0147000 0.0599000
v 5.2567544 -13.3274079 4.1266928
vt 0.8300000 0.8800000
vn 0.9981000 0.0147000 0.0599000
f 919/919/919 920/920/920 921/921/921
v 2.9122982 -8.5429180 7.5787219
vt 0.6500000 0.8800000
vn 0.3764000 0.5376000 0.7545000
v 1.6979036 -11.7250817 10.4516647
vt 0.6200000 0.7200000
vn 0.3764000 0.5376000 0.7545000
v 3.9411603 -12.1355021 9.6252017
vt 0.7000000 0.7300000
vn 0.3764000 0.5376000 0.7545000
f 922/922/922 923/923/923 924/924/924
v -1.3324607 -12.9113653 11.1825503
vt 0.6400000 0.6300000
vn -0.2242000 -0.2728000 0.9356000
v 0.1068217 -14.4799583 11.0701064
vt 0.7000000 0.5700000
vn -0.2242000 -0.2728000 0.9356000
v 0.0337332 -13.4173630 11.3624606
vt 0.6400000 0.5700000
vn -0.2242000 -0.2728000 0.9356000
f 925/925/925 926/926/926 927/927/927
v -1.3324607 -12.9113653 11.1825503
vt 0.6400000 0.6300000
vn -0.7848000 -0.2540000 0.5653000
v -1.0007511 -10.7074640 12.6330772
vt 0.4900000 0.6300000
vn -0.7848000 -0.2540000 0.5653000
v -1.7822365 -12.1973462 10.8789517
vt 0.6300000 0.6700000
vn -0.7848000 -0.2540000 0.5653000
f 928/928/928 929/929/929 930/930/930
v -1.3324607 -12.9113653 11.1825503
vt 0.6400000 0.6300000
vn -0.3094000 -0.5630000 0.7664000
v 0.0337332 -13.4173630 11.3624606
vt 0.6400000 0.5700000
vn -0.3094000 -0.5630000 0.7664000
v -0.7533744 -11.1403732 12.7174102
vt 0.4900000 0.6100000
vn -0.3094000 -0.5630000 0.7664000
f 931/931/931 932/932/932 933/933/933
v -1.3324607 -12.9113653 11.1825503
vt 0.6400000 0.6300000
vn -0.7290000 -0.2964000 0.6170000
v -0.7533744 -11.1403732 12.7174102
vt 0.4900000 0.6100000
vn -0.7290000 -0.2964000 0.6170000
v -1.0007511 -10.7074640 12.6330772
vt 0.4900000 0.6300000
vn -0.7290000 -0.2964000 0.6170000
f 934/934/934 935/935/935 936/936/936
v -1.2762388 -11.2696837 10.4741535
vt 0.6200000 0.7200000
vn -0.3751000 0.7868000 -0.4901000
v 0.1911547 -9.6561131 11.9415470
vt 0.4900000 0.7000000
vn -0.3751000 0.7868000 -0.4901000
v 0.3429540 -10.6062644 10.2998654
vt 0.5400000 0.7400000
vn -0.3751000 0.7868000 -0.4901000
f 937/937/937 938/938/938 939/939/939
v -1.2762388 -11.2696837 10.4741535
vt 0.6200000 0.7200000
vn -0.8828000 0.4690000 -0.0287000
v -1.7822365 -12.1973462 10.8789517
vt 0.6300000 0.6700000
vn -0.8828000 0.4690000 -0.0287000
v -0.6802859 -10.0328003 12.3519674
vt 0.4900000 0.6700000
vn -0.8828000 0.4690000 -0.0287000
f 940/940/940 941/941/941 942/942/942
v -1.2762388 -11.2696837 10.4741535
vt 0.6200000 0.7200000
vn -0.5070000 0.7849000 -0.3561000
v -0.6802859 -10.0328003 12.3519674
vt 0.4900000 0.6700000
vn -0.5070000 0.7849000 -0.3561000
v 0.1911547 -9.6561131 11.9415470
vt 0.4900000 0.7000000
vn -0.5070000 0.7849000 -0.3561000
f 943/943/943 944/944/944 945/945/945
v -0.6802859 -10.0328003 12.3519674
vt 0.4900000 0.6700000
vn -0.8984000 0.4384000 0.0279000
v -1.7822365 -12.1973462 10.8789517
vt 0.6300000 0.6700000
vn -0.8984000 0.4384000 0.0279000
v -1.0007511 -10.7074640 12.6330772
vt 0.4900000 0.6300000
vn -0.8984000 0.4384000 0.0279000
f 946/946/946 947/947/947 948/948/948
v 2.8504540 -13.0856534 1.5123711
vt 0.8900000 0.9500000
vn 0.7264000 -0.1087000 -0.6786000
v 3.7275168 -11.3315279 2.1701681
vt 0.8100000 0.9900000
vn 0.7264000 -0.1087000 -0.6786000
v 5.2567544 -13.3274079 4.1266928
vt 0.8300000 0.8800000
vn 0.7264000 -0.1087000 -0.6786000
f 949/949/949 950/950/950 951/951/951
v 5.2567544 -13.3274079 4.1266928
vt 0.8300000 0.8800000
vn 0.8761000 0.3065000 -0.3722000
v 3.7275168 -11.3315279 2.1701681
vt 0.8100000 0.9900000
vn 0.8761000 0.3065000 -0.3722000
v 3.5700953 -9.2906703 3.4801401
vt 0.7000000 0.9900000
vn 0.8761000 0.3065000 -0.3722000
f 952/952/952 953/953/953 954/954/954
v 2.8054764 -14.3169146 10.3111098
vt 0.7200000 0.6300000
vn 0.5385000 -0.0154000 0.8425000
v 3.9411603 -12.1355021 9.6252017
vt 0.7000000 0.7300000
vn 0.5385000 -0.0154000 0.8425000
v 2.0521020 -12.6696108 10.8227297
vt 0.6300000 0.6700000
vn 0.5385000 -0.0154000 0.8425000
f 955/955/955 956/956/956 957/957/957
v 2.8054764 -14.3169146 10.3111098
vt 0.7200000 0.6300000
vn 0.2729000 -0.3562000 0.8937000
v 1.4673935 -13.2543193 11.1431949
vt 0.6400000 0.6300000
vn 0.2729000 -0.3562000 0.8937000
v 0.1068217 -14.4799583 11.0701064
vt 0.7000000 0.5700000
vn 0.2729000 -0.3562000 0.8937000
f 958/958/958 959/959/959 960/960/960
v 2.8054764 -14.3169146 10.3111098
vt 0.7200000 0.6300000
vn 0.5073000 -0.0354000 0.8610000
v 2.0521020 -12.6696108 10.8227297
vt 0.6300000 0.6700000
vn 0.5073000 -0.0354000 0.8610000
v 1.4673935 -13.2543193 11.1431949
vt 0.6400000 0.6300000
vn 0.5073000 -0.0354000 0.8610000
f 961/961/961 962/962/962 963/963/963
v 0.1068217 -14.4799583 11.0701064
vt 0.7000000 0.5700000
vn 0.1741000 -0.2501000 0.9524000
v 1.4673935 -13.2543193 11.1431949
vt 0.6400000 0.6300000
vn 0.1741000 -0.2501000 0.9524000
v 0.0337332 -13.4173630 11.3624606
vt 0.6400000 0.5700000
vn 0.1741000 -0.2501000 0.9524000
f 964/964/964 965/965/965 966/966/966
v 3.9411603 -12.1355021 9.6252017
vt 0.7000000 0.7300000
vn 0.3799000 0.4582000 0.8036000
v 1.6979036 -11.7250817 10.4516647
vt 0.6200000 0.7200000
vn 0.3799000 0.4582000 0.8036000
v 2.0521020 -12.6696108 10.8227297
vt 0.6300000 0.6700000
vn 0.3799000 0.4582000 0.8036000
f 967/967/967 968/968/968 969/969/969
v -0.7533744 -11.1403732 12.7174102
vt 0.4900000 0.6100000
vn -0.1616000 -0.5453000 0.8225000
v 0.0337332 -13.4173630 11.3624606
vt 0.6400000 0.5700000
vn -0.1616000 -0.5453000 0.8225000
v 0.3991760 -11.7194595 12.5599887
vt 0.4900000 0.5700000
vn -0.1616000 -0.5453000 0.8225000
f 970/970/970 971/971/971 972/972/972
v 0.3429540 -10.6062644 10.2998654
vt 0.5400000 0.7400000
vn -0.0447000 0.8628000 -0.5035000
v 0.1911547 -9.6561131 11.9415470
vt 0.4900000 0.7000000
vn -0.0447000 0.8628000 -0.5035000
v 0.8433296 -9.7404460 11.7391479
vt 0.4900000 0.7400000
vn -0.0447000 0.8628000 -0.5035000
f 973/973/973 974/974/974 975/975/975
v 0.3429540 -10.6062644 10.2998654
vt 0.5400000 0.7400000
vn 0.5247000 0.5470000 -0.6523000
v 1.4449047 -10.0609113 11.6435705
vt 0.4900000 0.7000000
vn 0.5247000 0.5470000 -0.6523000
v 1.6979036 -11.7250817 10.4516647
vt 0.6200000 0.7200000
vn 0.5247000 0.5470000 -0.6523000
f 976/976/976 977/977/977 978/978/978
v 0.3429540 -10.6062644 10.2998654
vt 0.5400000 0.7400000
vn 0.3152000 0.7608000 -0.5673000
v 0.8433296 -9.7404460 11.7391479
vt 0.4900000 0.7400000
vn 0.3152000 0.7608000 -0.5673000
v 1.4449047 -10.0609113 11.6435705
vt 0.4900000 0.7000000
vn 0.3152000 0.7608000 -0.5673000
f 979/979/979 980/980/980 981/981/981
v 1.4673935 -13.2543193 11.1431949
vt 0.6400000 0.6300000
vn 0.7396000 -0.4823000 0.4694000
v 2.0521020 -12.6696108 10.8227297
vt 0.6300000 0.6700000
vn 0.7396000 -0.4823000 0.4694000
v 2.0015022 -11.6801041 11.9190582
vt 0.4900000 0.6300000
vn 0.7396000 -0.4823000 0.4694000
f 982/982/982 983/983/983 984/984/984
v 1.4673935 -13.2543193 11.1431949
vt 0.6400000 0.6300000
vn 0.1872000 -0.6028000 0.7756000
v 1.6191928 -11.9049920 12.1551904
vt 0.4900000 0.6100000
vn 0.1872000 -0.6028000 0.7756000
v 0.0337332 -13.4173630 11.3624606
vt 0.6400000 0.5700000
vn 0.1872000 -0.6028000 0.7756000
f 985/985/985 986/986/986 987/987/987
v 1.4673935 -13.2543193 11.1431949
vt 0.6400000 0.6300000
vn 0.6486000 -0.5020000 0.5721000
v 2.0015022 -11.6801041 11.9190582
vt 0.4900000 0.6300000
vn 0.6486000 -0.5020000 0.5721000
v 1.6191928 -11.9049920 12.1551904
vt 0.4900000 0.6100000
vn 0.6486000 -0.5020000 0.5721000
f 988/988/988 989/989/989 990/990/990
v 1.6191928 -11.9049920 12.1551904
vt 0.4900000 0.6100000
vn 0.1712000 -0.5922000 0.7874000
v 0.3991760 -11.7194595 12.5599887
vt 0.4900000 0.5700000
vn 0.1712000 -0.5922000 0.7874000
v 0.0337332 -13.4173630 11.3624606
vt 0.6400000 0.5700000
vn 0.1712000 -0.5922000 0.7874000
f 991/991/991 992/992/992 993/993/993
v 1.6979036 -11.7250817 10.4516647
vt 0.6200000 0.7200000
vn 0.7336000 0.4659000 -0.4948000
v 1.4449047 -10.0609113 11.6435705
vt 0.4900000 0.7000000
vn 0.7336000 0.4659000 -0.4948000
v 2.0296132 -10.9098631 11.7110369
vt 0.4900000 0.6700000
vn 0.7336000 0.4659000 -0.4948000
f 994/994/994 995/995/995 996/996/996
v 1.6979036 -11.7250817 10.4516647
vt 0.6200000 0.7200000
vn 0.9092000 0.1968000 -0.3669000
v 2.0296132 -10.9098631 11.7110369
vt 0.4900000 0.6700000
vn 0.9092000 0.1968000 -0.3669000
v 2.0521020 -12.6696108 10.8227297
vt 0.6300000 0.6700000
vn 0.9092000 0.1968000 -0.3669000
f 997/997/997 998/998/998 999/999/999
v 2.0521020 -12.6696108 10.8227297
vt 0.6300000 0.6700000
vn 0.9978000 -0.0193000 0.0635000
v 2.0296132 -10.9098631 11.7110369
vt 0.4900000 0.6700000
vn 0.9978000 -0.0193000 0.0635000
v 2.0015022 -11.6801041 11.9190582
vt 0.4900000 0.6300000
vn 0.9978000 -0.0193000 0.0635000
f 1000/1000/1000 1001/1001/1001 1002/1002/1002
v -1.6135706 -15.5987756 10.5247532
vt 0.6000000 0.1400000
vn 0.2514000 -0.1542000 -0.9555000
v -1.4055493 -16.0260626 10.6484416
vt 0.5100000 0.1100000
vn 0.2514000 -0.1542000 -0.9555000
v -2.1870347 -15.7674415 10.4010649
vt 0.6000000 0.0900000
vn 0.2514000 -0.1542000 -0.9555000
f 1003/1003/1003 1004/1004/1004 1005/1005/1005
v -1.6135706 -15.5987756 10.5247532
vt 0.6000000 0.1400000
vn 0.9036000 0.3862000 -0.1854000
v -1.1075729 -16.3858832 11.3512162
vt 0.5100000 0.1300000
vn 0.9036000 0.3862000 -0.1854000
v -1.4055493 -16.0260626 10.6484416
vt 0.5100000 0.1100000
vn 0.9036000 0.3862000 -0.1854000
f 1006/1006/1006 1007/1007/1007 1008/1008/1008
v -1.6135706 -15.5987756 10.5247532
vt 0.6000000 0.1400000
vn -0.3396000 0.8298000 0.4428000
v -2.1870347 -15.7674415 10.4010649
vt 0.6000000 0.0900000
vn -0.3396000 0.8298000 0.4428000
v -2.6199439 -16.2565726 10.9857734
vt 0.6800000 0.1100000
vn -0.3396000 0.8298000 0.4428000
f 1009/1009/1009 1010/1010/1010 1011/1011/1011
v -1.6135706 -15.5987756 10.5247532
vt 0.6000000 0.1400000
vn 0.5378000 -0.4211000 -0.7303000
v -0.1574215 -14.8116680 11.1431949
vt 0.5400000 0.2000000
vn 0.5378000 -0.4211000 -0.7303000
v -1.1075729 -16.3858832 11.3512162
vt 0.5100000 0.1300000
vn 0.5378000 -0.4211000 -0.7303000
f 1012/1012/1012 1013/1013/1013 1014/1014/1014
v -1.6135706 -15.5987756 10.5247532
vt 0.6000000 0.1400000
vn -0.4973000 0.1638000 -0.8520000
v -2.6199439 -16.2565726 10.9857734
vt 0.6800000 0.1100000
vn -0.4973000 0.1638000 -0.8520000
v -2.6255661 -15.6887307 11.0982174
vt 0.6800000 0.1300000
vn -0.4973000 0.1638000 -0.8520000
f 1015/1015/1015 1016/1016/1016 1017/1017/1017
v -1.6135706 -15.5987756 10.5247532
vt 0.6000000 0.1400000
vn 0.4259000 -0.0799000 -0.9012000
v -0.6802859 -13.7940503 10.8058631
vt 0.6000000 0.2000000
vn 0.4259000 -0.0799000 -0.9012000
v -0.1574215 -14.8116680 11.1431949
vt 0.5400000 0.2000000
vn 0.4259000 -0.0799000 -0.9012000
f 1018/1018/1018 1019/1019/1019 1020/1020/1020
v -1.6135706 -15.5987756 10.5247532
vt 0.6000000 0.1400000
vn -0.4976000 0.1385000 -0.8563000
v -2.6255661 -15.6887307 11.0982174
vt 0.6800000 0.1300000
vn -0.4976000 0.1385000 -0.8563000
v -2.0127466 -13.7659393 11.0532398
vt 0.6500000 0.2000000
vn -0.4976000 0.1385000 -0.8563000
f 1021/1021/1021 1022/1022/1022 1023/1023/1023
v -1.6135706 -15.5987756 10.5247532
vt 0.6000000 0.1400000
vn -0.1724000 0.2381000 -0.9558000
v -2.0127466 -13.7659393 11.0532398
vt 0.6500000 0.2000000
vn -0.1724000 0.2381000 -0.9558000
v -0.6802859 -13.7940503 10.8058631
vt 0.6000000 0.2000000
vn -0.1724000 0.2381000 -0.9558000
f 1024/1024/1024 1025/1025/1025 1026/1026/1026
v -1.4055493 -16.0260626 10.6484416
vt 0.5100000 0.1100000
vn 0.4116000 0.7539000 -0.5121000
v -1.9452802 -16.8693921 8.9730268
vt 0.5400000 0.0300000
vn 0.4116000 0.7539000 -0.5121000
v -2.1870347 -15.7674415 10.4010649
vt 0.6000000 0.0900000
vn 0.4116000 0.7539000 -0.5121000
f 1027/1027/1027 1028/1028/1028 1029/1029/1029
v -1.4055493 -16.0260626 10.6484416
vt 0.5100000 0.1100000
vn 0.9577000 -0.0500000 -0.2833000
v -1.9340359 -17.3866343 9.1023373
vt 0.5100000 0.0300000
vn 0.9577000 -0.0500000 -0.2833000
v -1.9452802 -16.8693921 8.9730268
vt 0.5400000 0.0300000
vn 0.9577000 -0.0500000 -0.2833000
f 1030/1030/1030 1031/1031/1031 1032/1032/1032
v -1.1075729 -16.3858832 11.3512162
vt 0.5100000 0.1300000
vn 0.5278000 -0.2098000 0.8230000
v -0.1574215 -14.8116680 11.1431949
vt 0.5400000 0.2000000
vn 0.5278000 -0.2098000 0.8230000
v -1.0007511 -15.3232879 11.5536153
vt 0.5100000 0.2200000
vn 0.5278000 -0.2098000 0.8230000
f 1033/1033/1033 1034/1034/1034 1035/1035/1035
v -2.6199439 -16.2565726 10.9857734
vt 0.6800000 0.1100000
vn -0.6196000 -0.1584000 0.7687000
v -1.8946805 -16.6107711 11.4973934
vt 0.7400000 0.1200000
vn -0.6196000 -0.1584000 0.7687000
v -2.6255661 -15.6887307 11.0982174
vt 0.6800000 0.1300000
vn -0.6196000 -0.1584000 0.7687000
f 1036/1036/1036 1037/1037/1037 1038/1038/1038
v -2.6199439 -16.2565726 10.9857734
vt 0.6800000 0.1100000
vn -0.8114000 0.5714000 -0.1228000
v -2.1870347 -15.7674415 10.4010649
vt 0.6000000 0.0900000
vn -0.8114000 0.5714000 -0.1228000
v -2.8785650 -17.0043249 9.2147813
vt 0.6800000 0.0300000
vn -0.8114000 0.5714000 -0.1228000
f 1039/1039/1039 1040/1040/1040 1041/1041/1041
v -2.6199439 -16.2565726 10.9857734
vt 0.6800000 0.1100000
vn -0.6126000 -0.6852000 0.3940000
v -2.3557006 -17.5271892 9.1866703
vt 0.7400000 0.0300000
vn -0.6126000 -0.6852000 0.3940000
v -1.8946805 -16.6107711 11.4973934
vt 0.7400000 0.1200000
vn -0.6126000 -0.6852000 0.3940000
f 1042/1042/1042 1043/1043/1043 1044/1044/1044
v -2.6199439 -16.2565726 10.9857734
vt 0.6800000 0.1100000
vn -0.6453000 -0.6655000 0.3752000
v -2.8785650 -17.0043249 9.2147813
vt 0.6800000 0.0300000
vn -0.6453000 -0.6655000 0.3752000
v -2.3557006 -17.5271892 9.1866703
vt 0.7400000 0.0300000
vn -0.6453000 -0.6655000 0.3752000
f 1045/1045/1045 1046/1046/1046 1047/1047/1047
v -2.0127466 -13.7659393 11.0532398
vt 0.6500000 0.2000000
vn -0.0645000 0.8913000 -0.4488000
v -1.6641704 -13.3217857 11.8853250
vt 0.6300000 0.2500000
vn -0.0645000 0.8913000 -0.4488000
v -0.6802859 -13.7940503 10.8058631
vt 0.6000000 0.2000000
vn -0.0645000 0.8913000 -0.4488000
f 1048/1048/1048 1049/1049/1049 1050/1050/1050
v -2.0127466 -13.7659393 11.0532398
vt 0.6500000 0.2000000
vn -0.7695000 0.2313000 -0.5953000
v -2.6255661 -15.6887307 11.0982174
vt 0.6800000 0.1300000
vn -0.7695000 0.2313000 -0.5953000
v -2.4681446 -14.1088933 11.5086378
vt 0.6800000 0.2200000
vn -0.7695000 0.2313000 -0.5953000
f 1051/1051/1051 1052/1052/1052 1053/1053/1053
v -2.0127466 -13.7659393 11.0532398
vt 0.6500000 0.2000000
vn -0.3946000 0.8690000 -0.2985000
v -3.1990302 -13.8334056 12.4250559
vt 0.6800000 0.3000000
vn -0.3946000 0.8690000 -0.2985000
v -1.6641704 -13.3217857 11.8853250
vt 0.6300000 0.2500000
vn -0.3946000 0.8690000 -0.2985000
f 1054/1054/1054 1055/1055/1055 1056/1056/1056
v -2.0127466 -13.7659393 11.0532398
vt 0.6500000 0.2000000
vn -0.7520000 0.1445000 -0.6432000
v -2.4681446 -14.1088933 11.5086378
vt 0.6800000 0.2200000
vn -0.7520000 0.1445000 -0.6432000
v -3.1990302 -13.8334056 12.4250559
vt 0.6800000 0.3000000
vn -0.7520000 0.1445000 -0.6432000
f 1057/1057/1057 1058/1058/1058 1059/1059/1059
v -1.9340359 -17.3866343 9.1023373
vt 0.5100000 0.0300000
vn -0.3262000 0.2226000 0.9187000
v -1.8384585 -17.5946556 9.1866703
vt 0.5400000 0.0100000
vn -0.3262000 0.2226000 0.9187000
v -1.9452802 -16.8693921 8.9730268
vt 0.5400000 0.0300000
vn -0.3262000 0.2226000 0.9187000
f 1060/1060/1060 1061/1061/1061 1062/1062/1062
v -1.9340359 -17.3866343 9.1023373
vt 0.5100000 0.0300000
vn -0.9014000 -0.2804000 0.3299000
v -2.0296132 -17.8532767 8.4445403
vt 0.5100000 0.0100000
vn -0.9014000 -0.2804000 0.3299000
v -1.8384585 -17.5946556 9.1866703
vt 0.5400000 0.0100000
vn -0.9014000 -0.2804000 0.3299000
f 1063/1063/1063 1064/1064/1064 1065/1065/1065
v -0.1574215 -14.8116680 11.1431949
vt 0.5400000 0.2000000
vn 0.1479000 -0.7556000 -0.6381000
v -0.7983520 -16.0148182 12.4194337
vt 0.5100000 0.3000000
vn 0.1479000 -0.7556000 -0.6381000
v -1.0007511 -15.3232879 11.5536153
vt 0.5100000 0.2200000
vn 0.1479000 -0.7556000 -0.6381000
f 1066/1066/1066 1067/1067/1067 1068/1068/1068
v -0.1574215 -14.8116680 11.1431949
vt 0.5400000 0.2000000
vn 0.8922000 0.4512000 -0.0217000
v -0.6802859 -13.7940503 10.8058631
vt 0.6000000 0.2000000
vn 0.8922000 0.4512000 -0.0217000
v -0.3373318 -14.4181141 11.9303026
vt 0.5600000 0.2500000
vn 0.8922000 0.4512000 -0.0217000
f 1069/1069/1069 1070/1070/1070 1071/1071/1071
v -0.1574215 -14.8116680 11.1431949
vt 0.5400000 0.2000000
vn 0.9364000 -0.1776000 0.3028000
v -0.3373318 -14.4181141 11.9303026
vt 0.5600000 0.2500000
vn 0.9364000 -0.1776000 0.3028000
v -0.7983520 -16.0148182 12.4194337
vt 0.5100000 0.3000000
vn 0.9364000 -0.1776000 0.3028000
f 1072/1072/1072 1073/1073/1073 1074/1074/1074
v -2.1870347 -15.7674415 10.4010649
vt 0.6000000 0.0900000
vn -0.7335000 0.6371000 -0.2367000
v -2.4793890 -16.6220155 9.0067600
vt 0.6000000 0.0300000
vn -0.7335000 0.6371000 -0.2367000
v -2.8785650 -17.0043249 9.2147813
vt 0.6800000 0.0300000
vn -0.7335000 0.6371000 -0.2367000
f 1075/1075/1075 1076/1076/1076 1077/1077/1077
v -2.1870347 -15.7674415 10.4010649
vt 0.6000000 0.0900000
vn 0.3245000 0.7746000 -0.5428000
v -1.9452802 -16.8693921 8.9730268
vt 0.5400000 0.0300000
vn 0.3245000 0.7746000 -0.5428000
v -2.4793890 -16.6220155 9.0067600
vt 0.6000000 0.0300000
vn 0.3245000 0.7746000 -0.5428000
f 1078/1078/1078 1079/1079/1079 1080/1080/1080
v -1.8946805 -16.6107711 11.4973934
vt 0.7400000 0.1200000
vn 0.8117000 -0.5801000 0.0681000
v -2.3557006 -17.5271892 9.1866703
vt 0.7400000 0.0300000
vn 0.8117000 -0.5801000 0.0681000
v -1.4055493 -16.0260626 10.6484416
vt 0.8100000 0.1100000
vn 0.8117000 -0.5801000 0.0681000
f 1081/1081/1081 1082/1082/1082 1083/1083/1083
v -1.8946805 -16.6107711 11.4973934
vt 0.7400000 0.1200000
vn -0.8036000 -0.4920000 0.3349000
v -1.8665695 -16.1553731 12.2339012
vt 0.7400000 0.1400000
vn -0.8036000 -0.4920000 0.3349000
v -2.6255661 -15.6887307 11.0982174
vt 0.6800000 0.1300000
vn -0.8036000 -0.4920000 0.3349000
f 1084/1084/1084 1085/1085/1085 1086/1086/1086
v -1.8946805 -16.6107711 11.4973934
vt 0.7400000 0.1200000
vn 0.1507000 -0.8526000 -0.5004000
v -1.4055493 -16.0260626 10.6484416
vt 0.8100000 0.1100000
vn 0.1507000 -0.8526000 -0.5004000
v -1.1075729 -16.3858832 11.3512162
vt 0.8100000 0.1300000
vn 0.1507000 -0.8526000 -0.5004000
f 1087/1087/1087 1088/1088/1088 1089/1089/1089
v -1.8946805 -16.6107711 11.4973934
vt 0.7400000 0.1200000
vn 0.3224000 -0.8106000 0.4889000
v -1.1075729 -16.3858832 11.3512162
vt 0.8100000 0.1300000
vn 0.3224000 -0.8106000 0.4889000
v -1.8665695 -16.1553731 12.2339012
vt 0.7400000 0.1400000
vn 0.3224000 -0.8106000 0.4889000
f 1090/1090/1090 1091/1091/1091 1092/1092/1092
v -1.6641704 -13.3217857 11.8853250
vt 0.6300000 0.2500000
vn 0.1303000 0.9465000 -0.2953000
v -0.5903307 -13.4117408 12.0708575
vt 0.6000000 0.2500000
vn 0.1303000 0.9465000 -0.2953000
v -0.6802859 -13.7940503 10.8058631
vt 0.6000000 0.2000000
vn 0.1303000 0.9465000 -0.2953000
f 1093/1093/1093 1094/1094/1094 1095/1095/1095
v -1.6641704 -13.3217857 11.8853250
vt 0.6300000 0.2500000
vn -0.0416000 0.7831000 0.6205000
v -1.5067489 -14.2044707 13.0097644
vt 0.6000000 0.3000000
vn -0.0416000 0.7831000 0.6205000
v -0.5903307 -13.4117408 12.0708575
vt 0.6000000 0.2500000
vn -0.0416000 0.7831000 0.6205000
f 1096/1096/1096 1097/1097/1097 1098/1098/1098
v -0.5903307 -13.4117408 12.0708575
vt 0.6000000 0.2500000
vn 0.9543000 0.2604000 -0.1466000
v -0.3373318 -14.4181141 11.9303026
vt 0.5600000 0.2500000
vn 0.9543000 0.2604000 -0.1466000
v -0.6802859 -13.7940503 10.8058631
vt 0.6000000 0.2000000
vn 0.9543000 0.2604000 -0.1466000
f 1099/1099/1099 1100/1100/1100 1101/1101/1101
v -0.5903307 -13.4117408 12.0708575
vt 0.6000000 0.2500000
vn 0.6835000 0.0704000 0.7265000
v -1.5067489 -14.2044707 13.0097644
vt 0.6000000 0.3000000
vn 0.6835000 0.0704000 0.7265000
v -0.3373318 -14.4181141 11.9303026
vt 0.5600000 0.2500000
vn 0.6835000 0.0704000 0.7265000
f 1102/1102/1102 1103/1103/1103 1104/1104/1104
v -2.4681446 -14.1088933 11.5086378
vt 0.6800000 0.2200000
vn -0.0773000 -0.2435000 0.9668000
v -2.6255661 -15.6887307 11.0982174
vt 0.6800000 0.1300000
vn -0.0773000 -0.2435000 0.9668000
v -2.1364350 -14.7723126 11.3680828
vt 0.7100000 0.1900000
vn -0.0773000 -0.2435000 0.9668000
f 1105/1105/1105 1106/1106/1106 1107/1107/1107
v -2.4681446 -14.1088933 11.5086378
vt 0.6800000 0.2200000
vn -0.0581000 0.1790000 -0.9821000
v -2.1364350 -14.7723126 11.3680828
vt 0.7100000 0.1900000
vn -0.0581000 0.1790000 -0.9821000
v -3.3733183 -14.9578451 11.4074382
vt 0.7100000 0.2600000
vn -0.0581000 0.1790000 -0.9821000
f 1108/1108/1108 1109/1109/1109 1110/1110/1110
v -2.6255661 -15.6887307 11.0982174
vt 0.6800000 0.1300000
vn -0.7631000 0.2294000 0.6042000
v -1.8665695 -16.1553731 12.2339012
vt 0.7400000 0.1400000
vn -0.7631000 0.2294000 0.6042000
v -2.1364350 -14.7723126 11.3680828
vt 0.7100000 0.1900000
vn -0.7631000 0.2294000 0.6042000
f 1111/1111/1111 1112/1112/1112 1113/1113/1113
v -1.8384585 -17.5946556 9.1866703
vt 0.5400000 0.0100000
vn -0.5480000 0.1611000 0.8208000
v -1.6360594 -17.0493025 9.2147813
vt 0.6000000 0.0100000
vn -0.5480000 0.1611000 0.8208000
v -1.9452802 -16.8693921 8.9730268
vt 0.5400000 0.0300000
vn -0.5480000 0.1611000 0.8208000
f 1114/1114/1114 1115/1115/1115 1116/1116/1116
v -1.9452802 -16.8693921 8.9730268
vt 0.5400000 0.0300000
vn -0.4235000 -0.8971000 -0.1260000
v -1.6360594 -17.0493025 9.2147813
vt 0.6000000 0.0100000
vn -0.4235000 -0.8971000 -0.1260000
v -2.4793890 -16.6220155 9.0067600
vt 0.6000000 0.0300000
vn -0.4235000 -0.8971000 -0.1260000
f 1117/1117/1117 1118/1118/1118 1119/1119/1119
v -2.8785650 -17.0043249 9.2147813
vt 0.6800000 0.0300000
vn -0.4508000 -0.4081000 -0.7939000
v -2.2263901 -16.7513260 8.7144057
vt 0.6800000 0.0100000
vn -0.4508000 -0.4081000 -0.7939000
v -2.3557006 -17.5271892 9.1866703
vt 0.7400000 0.0300000
vn -0.4508000 -0.4081000 -0.7939000
f 1120/1120/1120 1121/1121/1121 1122/1122/1122
v -2.8785650 -17.0043249 9.2147813
vt 0.6800000 0.0300000
vn -0.6512000 0.3009000 -0.6967000
v -2.4793890 -16.6220155 9.0067600
vt 0.6000000 0.0300000
vn -0.6512000 0.3009000 -0.6967000
v -2.2263901 -16.7513260 8.7144057
vt 0.6800000 0.0100000
vn -0.6512000 0.3009000 -0.6967000
f 1123/1123/1123 1124/1124/1124 1125/1125/1125
v -2.4793890 -16.6220155 9.0067600
vt 0.6000000 0.0300000
vn 0.4525000 0.8918000 -0.0028000
v -1.6360594 -17.0493025 9.2147813
vt 0.6000000 0.0100000
vn 0.4525000 0.8918000 -0.0028000
v -2.2263901 -16.7513260 8.7144057
vt 0.6800000 0.0100000
vn 0.4525000 0.8918000 -0.0028000
f 1126/1126/1126 1127/1127/1127 1128/1128/1128
v -1.4055493 -16.0260626 10.6484416
vt 0.8100000 0.1100000
vn 0.3613000 -0.7578000 0.5434000
v -2.3557006 -17.5271892 9.1866703
vt 0.7400000 0.0300000
vn 0.3613000 -0.7578000 0.5434000
v -1.9340359 -17.3866343 9.1023373
vt 0.8100000 0.0300000
vn 0.3613000 -0.7578000 0.5434000
f 1129/1129/1129 1130/1130/1130 1131/1131/1131
v -1.1075729 -16.3858832 11.3512162
vt 0.8100000 0.1300000
vn 0.7681000 0.1229000 0.6284000
v -1.3043498 -15.3570211 11.3905716
vt 0.7700000 0.1900000
vn 0.7681000 0.1229000 0.6284000
v -1.8665695 -16.1553731 12.2339012
vt 0.7400000 0.1400000
vn 0.7681000 0.1229000 0.6284000
f 1132/1132/1132 1133/1133/1133 1134/1134/1134
v -1.1075729 -16.3858832 11.3512162
vt 0.8100000 0.1300000
vn -0.4591000 -0.1215000 0.8800000
v -1.0007511 -15.3232879 11.5536153
vt 0.8100000 0.2200000
vn -0.4591000 -0.1215000 0.8800000
v -1.3043498 -15.3570211 11.3905716
vt 0.7700000 0.1900000
vn -0.4591000 -0.1215000 0.8800000
f 1135/1135/1135 1136/1136/1136 1137/1137/1137
v -3.3733183 -14.9578451 11.4074382
vt 0.7100000 0.2600000
vn -0.0774000 0.3156000 -0.9457000
v -2.1364350 -14.7723126 11.3680828
vt 0.7100000 0.1900000
vn -0.0774000 0.3156000 -0.9457000
v -2.0464798 -15.1546220 11.2331501
vt 0.7400000 0.2200000
vn -0.0774000 0.3156000 -0.9457000
f 1138/1138/1138 1139/1139/1139 1140/1140/1140
v -1.8665695 -16.1553731 12.2339012
vt 0.7400000 0.1400000
vn 0.0448000 0.7104000 0.7024000
v -1.3043498 -15.3570211 11.3905716
vt 0.7700000 0.1900000
vn 0.0448000 0.7104000 0.7024000
v -2.0464798 -15.1546220 11.2331501
vt 0.7400000 0.2200000
vn 0.0448000 0.7104000 0.7024000
f 1141/1141/1141 1142/1142/1142 1143/1143/1143
v -1.8665695 -16.1553731 12.2339012
vt 0.7400000 0.1400000
vn 0.9757000 0.2154000 0.0400000
v -2.0464798 -15.1546220 11.2331501
vt 0.7400000 0.2200000
vn 0.9757000 0.2154000 0.0400000
v -2.1364350 -14.7723126 11.3680828
vt 0.7100000 0.1900000
vn 0.9757000 0.2154000 0.0400000
f 1144/1144/1144 1145/1145/1145 1146/1146/1146
v -2.2263901 -16.7513260 8.7144057
vt 0.6800000 0.0100000
vn -0.9627000 -0.0042000 -0.2704000
v -2.0464798 -17.4541007 8.0847196
vt 0.7400000 0.0100000
vn -0.9627000 -0.0042000 -0.2704000
v -2.3557006 -17.5271892 9.1866703
vt 0.7400000 0.0300000
vn -0.9627000 -0.0042000 -0.2704000
f 1147/1147/1147 1148/1148/1148 1149/1149/1149
v -1.9340359 -17.3866343 9.1023373
vt 0.8100000 0.0300000
vn 0.3622000 -0.7843000 0.5037000
v -2.3557006 -17.5271892 9.1866703
vt 0.7400000 0.0300000
vn 0.3622000 -0.7843000 0.5037000
v -2.0296132 -17.8532767 8.4445403
vt 0.8100000 0.0100000
vn 0.3622000 -0.7843000 0.5037000
f 1150/1150/1150 1151/1151/1151 1152/1152/1152
v -2.0296132 -17.8532767 8.4445403
vt 0.8100000 0.0100000
vn -0.9169000 -0.2879000 -0.2764000
v -2.3557006 -17.5271892 9.1866703
vt 0.7400000 0.0300000
vn -0.9169000 -0.2879000 -0.2764000
v -2.0464798 -17.4541007 8.0847196
vt 0.7400000 0.0100000
vn -0.9169000 -0.2879000 -0.2764000
f 1153/1153/1153 1154/1154/1154 1155/1155/1155
v -1.0007511 -15.3232879 11.5536153
vt 0.8100000 0.2200000
vn 0.4159000 -0.6450000 -0.6410000
v -2.3781894 -16.1947285 11.5367488
vt 0.7700000 0.2600000
vn 0.4159000 -0.6450000 -0.6410000
v -1.3043498 -15.3570211 11.3905716
vt 0.7700000 0.1900000
vn 0.4159000 -0.6450000 -0.6410000
f 1156/1156/1156 1157/1157/1157 1158/1158/1158
v -1.3043498 -15.3570211 11.3905716
vt 0.7700000 0.1900000
vn 0.1150000 -0.3120000 -0.9431000
v -2.3781894 -16.1947285 11.5367488
vt 0.7700000 0.2600000
vn 0.1150000 -0.3120000 -0.9431000
v -2.0464798 -15.1546220 11.2331501
vt 0.7400000 0.2200000
vn 0.1150000 -0.3120000 -0.9431000
f 1159/1159/1159 1160/1160/1160 1161/1161/1161
v 3.7387612 -16.8918809 8.7931165
vt 0.6000000 0.1400000
vn -0.0157000 0.4239000 0.9056000
v 3.6150728 -17.0886578 8.8830717
vt 0.6000000 0.0900000
vn -0.0157000 0.4239000 0.9056000
v 3.8568273 -17.8364101 9.2372701
vt 0.5100000 0.1100000
vn -0.0157000 0.4239000 0.9056000
f 1162/1162/1162 1163/1163/1163 1164/1164/1164
v 3.7387612 -16.8918809 8.7931165
vt 0.6000000 0.1400000
vn -0.5563000 -0.0299000 -0.8304000
v 4.3403363 -16.9987027 8.3939405
vt 0.6800000 0.1100000
vn -0.5563000 -0.0299000 -0.8304000
v 3.6150728 -17.0886578 8.8830717
vt 0.6000000 0.0900000
vn -0.5563000 -0.0299000 -0.8304000
f 1165/1165/1165 1166/1166/1166 1167/1167/1167
v 3.7387612 -16.8918809 8.7931165
vt 0.6000000 0.1400000
vn -0.9672000 -0.0014000 0.2542000
v 3.8568273 -17.8364101 9.2372701
vt 0.5100000 0.1100000
vn -0.9672000 -0.0014000 0.2542000
v 3.9748935 -17.7295883 9.6870459
vt 0.5100000 0.1300000
vn -0.9672000 -0.0014000 0.2542000
f 1168/1168/1168 1169/1169/1169 1170/1170/1170
v 3.7387612 -16.8918809 8.7931165
vt 0.6000000 0.1400000
vn -0.0029000 0.9649000 -0.2626000
v 4.8519562 -16.9818361 8.4501625
vt 0.6800000 0.1300000
vn -0.0029000 0.9649000 -0.2626000
v 4.3403363 -16.9987027 8.3939405
vt 0.6800000 0.1100000
vn -0.0029000 0.9649000 -0.2626000
f 1171/1171/1171 1172/1172/1172 1173/1173/1173
v 3.7387612 -16.8918809 8.7931165
vt 0.6000000 0.1400000
vn -0.8899000 -0.4257000 -0.1638000
v 3.9748935 -17.7295883 9.6870459
vt 0.5100000 0.1300000
vn -0.8899000 -0.4257000 -0.1638000
v 3.0472309 -15.9979516 10.2267768
vt 0.5400000 0.2000000
vn -0.8899000 -0.4257000 -0.1638000
f 1174/1174/1174 1175/1175/1175 1176/1176/1176
v 3.7387612 -16.8918809 8.7931165
vt 0.6000000 0.1400000
vn -0.2679000 0.2408000 -0.9329000
v 4.6270683 -15.2501993 8.9617824
vt 0.6500000 0.2000000
vn -0.2679000 0.2408000 -0.9329000
v 4.8519562 -16.9818361 8.4501625
vt 0.6800000 0.1300000
vn -0.2679000 0.2408000 -0.9329000
f 1177/1177/1177 1178/1178/1178 1179/1179/1179
v 3.7387612 -16.8918809 8.7931165
vt 0.6000000 0.1400000
vn -0.9061000 -0.0234000 -0.4224000
v 3.0472309 -15.9979516 10.2267768
vt 0.5400000 0.2000000
vn -0.9061000 -0.0234000 -0.4224000
v 3.3283408 -15.0084449 9.5689797
vt 0.6000000 0.2000000
vn -0.9061000 -0.0234000 -0.4224000
f 1180/1180/1180 1181/1181/1181 1182/1182/1182
v 3.7387612 -16.8918809 8.7931165
vt 0.6000000 0.1400000
vn -0.3614000 0.2867000 -0.8872000
v 3.3283408 -15.0084449 9.5689797
vt 0.6000000 0.2000000
vn -0.3614000 0.2867000 -0.8872000
v 4.6270683 -15.2501993 8.9617824
vt 0.6500000 0.2000000
vn -0.3614000 0.2867000 -0.8872000
f 1183/1183/1183 1184/1184/1184 1185/1185/1185
v 3.6150728 -17.0886578 8.8830717
vt 0.6000000 0.0900000
vn -0.6455000 0.1464000 0.7496000
v 2.3669450 -18.1006533 8.0060089
vt 0.5400000 0.0300000
vn -0.6455000 0.1464000 0.7496000
v 3.8568273 -17.8364101 9.2372701
vt 0.5100000 0.1100000
vn -0.6455000 0.1464000 0.7496000
f 1186/1186/1186 1187/1187/1187 1188/1188/1188
v 3.6150728 -17.0886578 8.8830717
vt 0.6000000 0.0900000
vn -0.2250000 0.9617000 -0.1567000
v 4.3403363 -16.9987027 8.3939405
vt 0.6800000 0.1100000
vn -0.2250000 0.9617000 -0.1567000
v 2.9122982 -17.5215670 7.2357679
vt 0.6800000 0.0300000
vn -0.2250000 0.9617000 -0.1567000
f 1189/1189/1189 1190/1190/1190 1191/1191/1191
v 3.6150728 -17.0886578 8.8830717
vt 0.6000000 0.0900000
vn -0.7046000 0.3203000 0.6331000
v 2.4456558 -17.5496780 7.8148542
vt 0.6000000 0.0300000
vn -0.7046000 0.3203000 0.6331000
v 2.3669450 -18.1006533 8.0060089
vt 0.5400000 0.0300000
vn -0.7046000 0.3203000 0.6331000
f 1192/1192/1192 1193/1193/1193 1194/1194/1194
v 3.6150728 -17.0886578 8.8830717
vt 0.6000000 0.0900000
vn -0.2422000 0.9588000 -0.1486000
v 2.9122982 -17.5215670 7.2357679
vt 0.6800000 0.0300000
vn -0.2422000 0.9588000 -0.1486000
v 2.4456558 -17.5496780 7.8148542
vt 0.6000000 0.0300000
vn -0.2422000 0.9588000 -0.1486000
f 1195/1195/1195 1196/1196/1196 1197/1197/1197
v 3.9748935 -17.7295883 9.6870459
vt 0.5100000 0.1300000
vn -0.4224000 -0.4682000 0.7761000
v 3.8343385 -16.6894818 10.2380212
vt 0.5100000 0.2200000
vn -0.4224000 -0.4682000 0.7761000
v 3.0472309 -15.9979516 10.2267768
vt 0.5400000 0.2000000
vn -0.4224000 -0.4682000 0.7761000
f 1198/1198/1198 1199/1199/1199 1200/1200/1200
v 4.8519562 -16.9818361 8.4501625
vt 0.6800000 0.1300000
vn 0.6430000 0.2926000 -0.7078000
v 4.6270683 -15.2501993 8.9617824
vt 0.6500000 0.2000000
vn 0.6430000 0.2926000 -0.7078000
v 5.2736210 -15.8686410 9.2934921
vt 0.6800000 0.2200000
vn 0.6430000 0.2926000 -0.7078000
f 1201/1201/1201 1202/1202/1202 1203/1203/1203
v 4.8519562 -16.9818361 8.4501625
vt 0.6800000 0.1300000
vn 0.1134000 -0.3835000 -0.9166000
v 4.8407118 -17.7914325 8.7874943
vt 0.7400000 0.1200000
vn 0.1134000 -0.3835000 -0.9166000
v 4.3403363 -16.9987027 8.3939405
vt 0.6800000 0.1100000
vn 0.1134000 -0.3835000 -0.9166000
f 1204/1204/1204 1205/1205/1205 1206/1206/1206
v 4.8519562 -16.9818361 8.4501625
vt 0.6800000 0.1300000
vn 0.6499000 -0.5998000 0.4667000
v 5.2736210 -15.8686410 9.2934921
vt 0.6800000 0.2200000
vn 0.6499000 -0.5998000 0.4667000
v 4.9081782 -16.3521500 9.1810481
vt 0.7100000 0.1900000
vn 0.6499000 -0.5998000 0.4667000
f 1207/1207/1207 1208/1208/1208 1209/1209/1209
v 4.8519562 -16.9818361 8.4501625
vt 0.6800000 0.1300000
vn 0.8016000 -0.2394000 -0.5478000
v 5.3635762 -17.4428563 9.4003138
vt 0.7400000 0.1400000
vn 0.8016000 -0.2394000 -0.5478000
v 4.8407118 -17.7914325 8.7874943
vt 0.7400000 0.1200000
vn 0.8016000 -0.2394000 -0.5478000
f 1210/1210/1210 1211/1211/1211 1212/1212/1212
v 4.8519562 -16.9818361 8.4501625
vt 0.6800000 0.1300000
vn 0.8923000 0.3058000 -0.3321000
v 4.9081782 -16.3521500 9.1810481
vt 0.7100000 0.1900000
vn 0.8923000 0.3058000 -0.3321000
v 5.3635762 -17.4428563 9.4003138
vt 0.7400000 0.1400000
vn 0.8923000 0.3058000 -0.3321000
f 1213/1213/1213 1214/1214/1214 1215/1215/1215
v 3.3283408 -15.0084449 9.5689797
vt 0.6000000 0.2000000
vn -0.8700000 0.4194000 0.2591000
v 3.0472309 -15.9979516 10.2267768
vt 0.5400000 0.2000000
vn -0.8700000 0.4194000 0.2591000
v 3.4576513 -15.5425536 10.8677073
vt 0.5600000 0.2500000
vn -0.8700000 0.4194000 0.2591000
f 1216/1216/1216 1217/1217/1217 1218/1218/1218
v 3.3283408 -15.0084449 9.5689797
vt 0.6000000 0.2000000
vn -0.0120000 0.9199000 -0.3919000
v 4.7676233 -14.8004236 10.0131333
vt 0.6300000 0.2500000
vn -0.0120000 0.9199000 -0.3919000
v 4.6270683 -15.2501993 8.9617824
vt 0.6500000 0.2000000
vn -0.0120000 0.9199000 -0.3919000
f 1219/1219/1219 1220/1220/1220 1221/1221/1221
v 3.3283408 -15.0084449 9.5689797
vt 0.6000000 0.2000000
vn -0.8920000 0.3798000 0.2450000
v 3.4576513 -15.5425536 10.8677073
vt 0.5600000 0.2500000
vn -0.8920000 0.3798000 0.2450000
v 3.8455829 -14.5699135 10.7721299
vt 0.6000000 0.2500000
vn -0.8920000 0.3798000 0.2450000
f 1222/1222/1222 1223/1223/1223 1224/1224/1224
v 3.3283408 -15.0084449 9.5689797
vt 0.6000000 0.2000000
vn -0.0349000 0.9437000 -0.3290000
v 3.8455829 -14.5699135 10.7721299
vt 0.6000000 0.2500000
vn -0.0349000 0.9437000 -0.3290000
v 4.7676233 -14.8004236 10.0131333
vt 0.6300000 0.2500000
vn -0.0349000 0.9437000 -0.3290000
f 1225/1225/1225 1226/1226/1226 1227/1227/1227
v 3.8568273 -17.8364101 9.2372701
vt 0.5100000 0.1100000
vn -0.2707000 -0.8204000 0.5036000
v 2.3669450 -18.1006533 8.0060089
vt 0.5400000 0.0300000
vn -0.2707000 -0.8204000 0.5036000
v 2.7042769 -18.4604740 7.6012107
vt 0.5100000 0.0300000
vn -0.2707000 -0.8204000 0.5036000
f 1228/1228/1228 1229/1229/1229 1230/1230/1230
v 2.9122982 -17.5215670 7.2357679
vt 0.6800000 0.0300000
vn 0.2400000 0.9409000 0.2391000
v 2.3332119 -17.3810121 7.2638788
vt 0.6800000 0.0100000
vn 0.2400000 0.9409000 0.2391000
v 2.4456558 -17.5496780 7.8148542
vt 0.6000000 0.0300000
vn 0.2400000 0.9409000 0.2391000
f 1231/1231/1231 1232/1232/1232 1233/1233/1233
v 2.9122982 -17.5215670 7.2357679
vt 0.6800000 0.0300000
vn 0.6012000 0.1109000 -0.7914000
v 4.3403363 -16.9987027 8.3939405
vt 0.6800000 0.1100000
vn 0.6012000 0.1109000 -0.7914000
v 2.9572758 -18.2468305 7.1683015
vt 0.7400000 0.0300000
vn 0.6012000 0.1109000 -0.7914000
f 1234/1234/1234 1235/1235/1235 1236/1236/1236
v 2.9122982 -17.5215670 7.2357679
vt 0.6800000 0.0300000
vn -0.0262000 0.0910000 -0.9955000
v 2.9572758 -18.2468305 7.1683015
vt 0.7400000 0.0300000
vn -0.0262000 0.0910000 -0.9955000
v 2.3332119 -17.3810121 7.2638788
vt 0.6800000 0.0100000
vn -0.0262000 0.0910000 -0.9955000
f 1237/1237/1237 1238/1238/1238 1239/1239/1239
v 4.3403363 -16.9987027 8.3939405
vt 0.6800000 0.1100000
vn 0.6474000 0.0305000 -0.7616000
v 4.8407118 -17.7914325 8.7874943
vt 0.7400000 0.1200000
vn 0.6474000 0.0305000 -0.7616000
v 2.9572758 -18.2468305 7.1683015
vt 0.7400000 0.0300000
vn 0.6474000 0.0305000 -0.7616000
f 1240/1240/1240 1241/1241/1241 1242/1242/1242
v 3.8343385 -16.6894818 10.2380212
vt 0.5100000 0.2200000
vn -0.6034000 -0.6932000 -0.3941000
v 3.5532287 -17.1223910 11.4299270
vt 0.5100000 0.3000000
vn -0.6034000 -0.6932000 -0.3941000
v 3.0472309 -15.9979516 10.2267768
vt 0.5400000 0.2000000
vn -0.6034000 -0.6932000 -0.3941000
f 1243/1243/1243 1244/1244/1244 1245/1245/1245
v 3.0472309 -15.9979516 10.2267768
vt 0.5400000 0.2000000
vn -0.8719000 0.1165000 0.4756000
v 3.5532287 -17.1223910 11.4299270
vt 0.5100000 0.3000000
vn -0.8719000 0.1165000 0.4756000
v 3.4576513 -15.5425536 10.8677073
vt 0.5600000 0.2500000
vn -0.8719000 0.1165000 0.4756000
f 1246/1246/1246 1247/1247/1247 1248/1248/1248
v 5.2736210 -15.8686410 9.2934921
vt 0.6800000 0.2200000
vn 0.1450000 0.1188000 -0.9823000
v 5.7908632 -17.1505020 9.2147813
vt 0.7100000 0.2600000
vn 0.1450000 0.1188000 -0.9823000
v 4.9081782 -16.3521500 9.1810481
vt 0.7100000 0.1900000
vn 0.1450000 0.1188000 -0.9823000
f 1249/1249/1249 1250/1250/1250 1251/1251/1251
v 5.2736210 -15.8686410 9.2934921
vt 0.6800000 0.2200000
vn 0.6109000 0.2328000 -0.7567000
v 4.6270683 -15.2501993 8.9617824
vt 0.6500000 0.2000000
vn 0.6109000 0.2328000 -0.7567000
v 6.2518833 -15.9136186 10.0693553
vt 0.6800000 0.3000000
vn 0.6109000 0.2328000 -0.7567000
f 1252/1252/1252 1253/1253/1253 1254/1254/1254
v 6.2518833 -15.9136186 10.0693553
vt 0.6800000 0.3000000
vn 0.5624000 0.7303000 -0.3876000
v 4.6270683 -15.2501993 8.9617824
vt 0.6500000 0.2000000
vn 0.5624000 0.7303000 -0.3876000
v 4.7676233 -14.8004236 10.0131333
vt 0.6300000 0.2500000
vn 0.5624000 0.7303000 -0.3876000
f 1255/1255/1255 1256/1256/1256 1257/1257/1257
v 5.3635762 -17.4428563 9.4003138
vt 0.7400000 0.1400000
vn 0.2528000 -0.9177000 0.3064000
v 3.9748935 -17.7295883 9.6870459
vt 0.8100000 0.1300000
vn 0.2528000 -0.9177000 0.3064000
v 4.8407118 -17.7914325 8.7874943
vt 0.7400000 0.1200000
vn 0.2528000 -0.9177000 0.3064000
f 1258/1258/1258 1259/1259/1259 1260/1260/1260
v 5.3635762 -17.4428563 9.4003138
vt 0.7400000 0.1400000
vn 0.1507000 0.2549000 0.9551000
v 4.9081782 -16.3521500 9.1810481
vt 0.7100000 0.1900000
vn 0.1507000 0.2549000 0.9551000
v 4.6832903 -16.8300368 9.3440918
vt 0.7400000 0.2200000
vn 0.1507000 0.2549000 0.9551000
f 1261/1261/1261 1262/1262/1262 1263/1263/1263
v 5.3635762 -17.4428563 9.4003138
vt 0.7400000 0.1400000
vn 0.2196000 -0.0923000 0.9712000
v 4.1885369 -16.8075480 9.7264012
vt 0.7700000 0.1900000
vn 0.2196000 -0.0923000 0.9712000
v 3.9748935 -17.7295883 9.6870459
vt 0.8100000 0.1300000
vn 0.2196000 -0.0923000 0.9712000
f 1264/1264/1264 1265/1265/1265 1266/1266/1266
v 5.3635762 -17.4428563 9.4003138
vt 0.7400000 0.1400000
vn 0.5008000 0.6121000 0.6121000
v 4.6832903 -16.8300368 9.3440918
vt 0.7400000 0.2200000
vn 0.5008000 0.6121000 0.6121000
v 4.1885369 -16.8075480 9.7264012
vt 0.7700000 0.1900000
vn 0.5008000 0.6121000 0.6121000
f 1267/1267/1267 1268/1268/1268 1269/1269/1269
v 4.9081782 -16.3521500 9.1810481
vt 0.7100000 0.1900000
vn -0.1809000 -0.2403000 -0.9537000
v 5.7908632 -17.1505020 9.2147813
vt 0.7100000 0.2600000
vn -0.1809000 -0.2403000 -0.9537000
v 4.6832903 -16.8300368 9.3440918
vt 0.7400000 0.2200000
vn -0.1809000 -0.2403000 -0.9537000
f 1270/1270/1270 1271/1271/1271 1272/1272/1272
v 3.8455829 -14.5699135 10.7721299
vt 0.6000000 0.2500000
vn -0.4848000 0.2750000 0.8303000
v 3.4576513 -15.5425536 10.8677073
vt 0.5600000 0.2500000
vn -0.4848000 0.2750000 0.8303000
v 4.9531558 -15.5537980 11.7447701
vt 0.6000000 0.3000000
vn -0.4848000 0.2750000 0.8303000
f 1273/1273/1273 1274/1274/1274 1275/1275/1275
v 3.8455829 -14.5699135 10.7721299
vt 0.6000000 0.2500000
vn 0.4636000 0.8296000 0.3112000
v 4.9531558 -15.5537980 11.7447701
vt 0.6000000 0.3000000
vn 0.4636000 0.8296000 0.3112000
v 4.7676233 -14.8004236 10.0131333
vt 0.6300000 0.2500000
vn 0.4636000 0.8296000 0.3112000
f 1276/1276/1276 1277/1277/1277 1278/1278/1278
v 2.3669450 -18.1006533 8.0060089
vt 0.5400000 0.0300000
vn 0.5945000 -0.2875000 0.7510000
v 2.1589237 -18.3986298 8.0566087
vt 0.5400000 0.0100000
vn 0.5945000 -0.2875000 0.7510000
v 2.7042769 -18.4604740 7.6012107
vt 0.5100000 0.0300000
vn 0.5945000 -0.2875000 0.7510000
f 1279/1279/1279 1280/1280/1280 1281/1281/1281
v 2.3669450 -18.1006533 8.0060089
vt 0.5400000 0.0300000
vn 0.6575000 0.1614000 0.7360000
v 2.4456558 -17.5496780 7.8148542
vt 0.6000000 0.0300000
vn 0.6575000 0.1614000 0.7360000
v 2.0408576 -17.7464549 8.2196524
vt 0.6000000 0.0100000
vn 0.6575000 0.1614000 0.7360000
f 1282/1282/1282 1283/1283/1283 1284/1284/1284
v 2.3669450 -18.1006533 8.0060089
vt 0.5400000 0.0300000
vn 0.4263000 -0.1460000 0.8927000
v 2.0408576 -17.7464549 8.2196524
vt 0.6000000 0.0100000
vn 0.4263000 -0.1460000 0.8927000
v 2.1589237 -18.3986298 8.0566087
vt 0.5400000 0.0100000
vn 0.4263000 -0.1460000 0.8927000
f 1285/1285/1285 1286/1286/1286 1287/1287/1287
v 2.0408576 -17.7464549 8.2196524
vt 0.6000000 0.0100000
vn -0.1403000 0.9384000 0.3159000
v 2.4456558 -17.5496780 7.8148542
vt 0.6000000 0.0300000
vn -0.1403000 0.9384000 0.3159000
v 2.3332119 -17.3810121 7.2638788
vt 0.6800000 0.0100000
vn -0.1403000 0.9384000 0.3159000
f 1288/1288/1288 1289/1289/1289 1290/1290/1290
v 2.9572758 -18.2468305 7.1683015
vt 0.7400000 0.0300000
vn 0.1118000 -0.9829000 0.1464000
v 4.8407118 -17.7914325 8.7874943
vt 0.7400000 0.1200000
vn 0.1118000 -0.9829000 0.1464000
v 3.8568273 -17.8364101 9.2372701
vt 0.8100000 0.1100000
vn 0.1118000 -0.9829000 0.1464000
f 1291/1291/1291 1292/1292/1292 1293/1293/1293
v 2.9572758 -18.2468305 7.1683015
vt 0.7400000 0.0300000
vn 0.3708000 0.3617000 -0.8554000
v 1.8609473 -18.0669202 6.7691255
vt 0.7400000 0.0100000
vn 0.3708000 0.3617000 -0.8554000
v 2.3332119 -17.3810121 7.2638788
vt 0.6800000 0.0100000
vn 0.3708000 0.3617000 -0.8554000
f 1294/1294/1294 1295/1295/1295 1296/1296/1296
v 2.9572758 -18.2468305 7.1683015
vt 0.7400000 0.0300000
vn 0.5599000 -0.8247000 -0.0798000
v 3.8568273 -17.8364101 9.2372701
vt 0.8100000 0.1100000
vn 0.5599000 -0.8247000 -0.0798000
v 2.7042769 -18.4604740 7.6012107
vt 0.8100000 0.0300000
vn 0.5599000 -0.8247000 -0.0798000
f 1297/1297/1297 1298/1298/1298 1299/1299/1299
v 2.9572758 -18.2468305 7.1683015
vt 0.7400000 0.0300000
vn 0.2027000 -0.5550000 -0.8068000
v 1.9733912 -18.5897845 7.1570571
vt 0.8100000 0.0100000
vn 0.2027000 -0.5550000 -0.8068000
v 1.8609473 -18.0669202 6.7691255
vt 0.7400000 0.0100000
vn 0.2027000 -0.5550000 -0.8068000
f 1300/1300/1300 1301/1301/1301 1302/1302/1302
v 2.9572758 -18.2468305 7.1683015
vt 0.7400000 0.0300000
vn 0.3203000 -0.9103000 -0.2621000
v 2.7042769 -18.4604740 7.6012107
vt 0.8100000 0.0300000
vn 0.3203000 -0.9103000 -0.2621000
v 1.9733912 -18.5897845 7.1570571
vt 0.8100000 0.0100000
vn 0.3203000 -0.9103000 -0.2621000
f 1303/1303/1303 1304/1304/1304 1305/1305/1305
v 3.8568273 -17.8364101 9.2372701
vt 0.8100000 0.1100000
vn 0.1338000 -0.9715000 0.1956000
v 4.8407118 -17.7914325 8.7874943
vt 0.7400000 0.1200000
vn 0.1338000 -0.9715000 0.1956000
v 3.9748935 -17.7295883 9.6870459
vt 0.8100000 0.1300000
vn 0.1338000 -0.9715000 0.1956000
f 1306/1306/1306 1307/1307/1307 1308/1308/1308
v 4.1885369 -16.8075480 9.7264012
vt 0.7700000 0.1900000
vn -0.5853000 -0.3368000 -0.7376000
v 4.6832903 -16.8300368 9.3440918
vt 0.7400000 0.2200000
vn -0.5853000 -0.3368000 -0.7376000
v 4.5708464 -17.9151208 9.9288003
vt 0.7700000 0.2600000
vn -0.5853000 -0.3368000 -0.7376000
f 1309/1309/1309 1310/1310/1310 1311/1311/1311
v 4.1885369 -16.8075480 9.7264012
vt 0.7700000 0.1900000
vn 0.7816000 -0.2062000 0.5887000
v 3.8343385 -16.6894818 10.2380212
vt 0.8100000 0.2200000
vn 0.7816000 -0.2062000 0.5887000
v 3.9748935 -17.7295883 9.6870459
vt 0.8100000 0.1300000
vn 0.7816000 -0.2062000 0.5887000
f 1312/1312/1312 1313/1313/1313 1314/1314/1314
v 4.1885369 -16.8075480 9.7264012
vt 0.7700000 0.1900000
vn -0.8031000 -0.3635000 -0.4721000
v 4.5708464 -17.9151208 9.9288003
vt 0.7700000 0.2600000
vn -0.8031000 -0.3635000 -0.4721000
v 3.8343385 -16.6894818 10.2380212
vt 0.8100000 0.2200000
vn -0.8031000 -0.3635000 -0.4721000
f 1315/1315/1315 1316/1316/1316 1317/1317/1317
v 2.7042769 -18.4604740 7.6012107
vt 0.5100000 0.0300000
vn 0.0535000 -0.9789000 0.1970000
v 2.1589237 -18.3986298 8.0566087
vt 0.5400000 0.0100000
vn 0.0535000 -0.9789000 0.1970000
v 1.9733912 -18.5897845 7.1570571
vt 0.5100000 0.0100000
vn 0.0535000 -0.9789000 0.1970000
f 1318/1318/1318 1319/1319/1319 1320/1320/1320
v -3.4351625 -16.0541735 10.9126849
vt 0.9900000 0.4700000
vn 0.3642000 -0.5613000 -0.7432000
v -1.0007511 -15.3232879 11.5536153
vt 0.9100000 0.5600000
vn 0.3642000 -0.5613000 -0.7432000
v -2.3781894 -16.1947285 11.5367488
vt 0.9500000 0.4700000
vn 0.3642000 -0.5613000 -0.7432000
f 1321/1321/1321 1322/1322/1322 1323/1323/1323
v -3.4351625 -16.0541735 10.9126849
vt 0.9900000 0.4700000
vn 0.2786000 -0.0894000 -0.9562000
v -2.0464798 -15.1546220 11.2331501
vt 0.9900000 0.5600000
vn 0.2786000 -0.0894000 -0.9562000
v -1.0007511 -15.3232879 11.5536153
vt 0.9100000 0.5600000
vn 0.2786000 -0.0894000 -0.9562000
f 1324/1324/1324 1325/1325/1325 1326/1326/1326
v -3.4351625 -16.0541735 10.9126849
vt 0.9900000 0.4700000
vn 0.3433000 -0.6056000 -0.7179000
v -2.3781894 -16.1947285 11.5367488
vt 0.9500000 0.4700000
vn 0.3433000 -0.6056000 -0.7179000
v -3.6544282 -16.9649695 11.5761041
vt 0.9600000 0.4000000
vn 0.3433000 -0.6056000 -0.7179000
f 1327/1327/1327 1328/1328/1328 1329/1329/1329
v -3.4351625 -16.0541735 10.9126849
vt 0.9900000 0.4700000
vn 0.0458000 0.2717000 -0.9613000
v -2.4681446 -14.1088933 11.5086378
vt 0.9100000 0.5600000
vn 0.0458000 0.2717000 -0.9613000
v -2.0464798 -15.1546220 11.2331501
vt 0.9900000 0.5600000
vn 0.0458000 0.2717000 -0.9613000
f 1330/1330/1330 1331/1331/1331 1332/1332/1332
v -3.4351625 -16.0541735 10.9126849
vt 0.9900000 0.4700000
vn 0.1719000 -0.6067000 -0.7761000
v -3.6544282 -16.9649695 11.5761041
vt 0.9600000 0.4000000
vn 0.1719000 -0.6067000 -0.7761000
v -4.8126008 -17.2067240 11.5086378
vt 0.9900000 0.3500000
vn 0.1719000 -0.6067000 -0.7761000
f 1333/1333/1333 1334/1334/1334 1335/1335/1335
v -3.4351625 -16.0541735 10.9126849
vt 0.9900000 0.4700000
vn -0.5483000 0.4819000 -0.6835000
v -3.4632735 -15.0815334 11.6210817
vt 0.9500000 0.4700000
vn -0.5483000 0.4819000 -0.6835000
v -2.4681446 -14.1088933 11.5086378
vt 0.9100000 0.5600000
vn -0.5483000 0.4819000 -0.6835000
f 1336/1336/1336 1337/1337/1337 1338/1338/1338
v -3.4351625 -16.0541735 10.9126849
vt 0.9900000 0.4700000
vn -0.5949000 0.3327000 -0.7317000
v -4.8126008 -17.2067240 11.5086378
vt 0.9900000 0.3500000
vn -0.5949000 0.3327000 -0.7317000
v -4.3403363 -16.1272621 11.6154595
vt 0.9600000 0.4000000
vn -0.5949000 0.3327000 -0.7317000
f 1339/1339/1339 1340/1340/1340 1341/1341/1341
v -3.4351625 -16.0541735 10.9126849
vt 0.9900000 0.4700000
vn -0.5630000 0.4759000 -0.6757000
v -4.3403363 -16.1272621 11.6154595
vt 0.9600000 0.4000000
vn -0.5630000 0.4759000 -0.6757000
v -3.4632735 -15.0815334 11.6210817
vt 0.9500000 0.4700000
vn -0.5630000 0.4759000 -0.6757000
f 1342/1342/1342 1343/1343/1343 1344/1344/1344
v -1.0007511 -15.3232879 11.5536153
vt 0.9100000 0.5600000
vn 0.1372000 -0.1980000 -0.9705000
v -2.3163453 -16.8131702 11.6716815
vt 0.9100000 0.4500000
vn 0.1372000 -0.1980000 -0.9705000
v -2.3781894 -16.1947285 11.5367488
vt 0.9500000 0.4700000
vn 0.1372000 -0.1980000 -0.9705000
f 1345/1345/1345 1346/1346/1346 1347/1347/1347
v -1.0007511 -15.3232879 11.5536153
vt 0.9100000 0.5600000
vn 0.7387000 -0.6342000 0.2281000
v -1.8328363 -15.9304852 12.5599887
vt 0.8500000 0.4500000
vn 0.7387000 -0.6342000 0.2281000
v -2.3163453 -16.8131702 11.6716815
vt 0.9100000 0.4500000
vn 0.7387000 -0.6342000 0.2281000
f 1348/1348/1348 1349/1349/1349 1350/1350/1350
v -1.0007511 -15.3232879 11.5536153
vt 0.9100000 0.5600000
vn 0.3841000 -0.8960000 -0.2230000
v -0.8826850 -15.5819090 12.7961209
vt 0.8100000 0.5000000
vn 0.3841000 -0.8960000 -0.2230000
v -1.8328363 -15.9304852 12.5599887
vt 0.8500000 0.4500000
vn 0.3841000 -0.8960000 -0.2230000
f 1351/1351/1351 1352/1352/1352 1353/1353/1353
v -1.0007511 -15.3232879 11.5536153
vt 0.9100000 0.5600000
vn 0.8279000 -0.5283000 -0.1886000
v -0.3373318 -14.4181141 11.9303026
vt 0.8100000 0.5600000
vn 0.8279000 -0.5283000 -0.1886000
v -0.8826850 -15.5819090 12.7961209
vt 0.8100000 0.5000000
vn 0.8279000 -0.5283000 -0.1886000
f 1354/1354/1354 1355/1355/1355 1356/1356/1356
v -2.4681446 -14.1088933 11.5086378
vt 0.9100000 0.5600000
vn -0.1738000 0.0642000 -0.9827000
v -3.4632735 -15.0815334 11.6210817
vt 0.9500000 0.4700000
vn -0.1738000 0.0642000 -0.9827000
v -3.9186715 -14.8510233 11.7166591
vt 0.9100000 0.4500000
vn -0.1738000 0.0642000 -0.9827000
f 1357/1357/1357 1358/1358/1358 1359/1359/1359
v -2.4681446 -14.1088933 11.5086378
vt 0.9100000 0.5600000
vn -0.4132000 0.8766000 0.2466000
v -3.9186715 -14.8510233 11.7166591
vt 0.9100000 0.4500000
vn -0.4132000 0.8766000 0.2466000
v -3.0809641 -14.5811579 12.1608126
vt 0.8500000 0.4500000
vn -0.4132000 0.8766000 0.2466000
f 1360/1360/1360 1361/1361/1361 1362/1362/1362
v -2.4681446 -14.1088933 11.5086378
vt 0.9100000 0.5600000
vn -0.6585000 0.7487000 -0.0766000
v -3.0809641 -14.5811579 12.1608126
vt 0.8500000 0.4500000
vn -0.6585000 0.7487000 -0.0766000
v -2.3051009 -13.8446500 12.6892992
vt 0.8100000 0.5000000
vn -0.6585000 0.7487000 -0.0766000
f 1363/1363/1363 1364/1364/1364 1365/1365/1365
v -2.4681446 -14.1088933 11.5086378
vt 0.9100000 0.5600000
vn -0.6812000 0.7288000 -0.0691000
v -2.3051009 -13.8446500 12.6892992
vt 0.8100000 0.5000000
vn -0.6812000 0.7288000 -0.0691000
v -1.6641704 -13.3217857 11.8853250
vt 0.8100000 0.5600000
vn -0.6812000 0.7288000 -0.0691000
f 1366/1366/1366 1367/1367/1367 1368/1368/1368
v -2.3781894 -16.1947285 11.5367488
vt 0.9500000 0.4700000
vn -0.1699000 -0.2263000 -0.9591000
v -2.3163453 -16.8131702 11.6716815
vt 0.9100000 0.4500000
vn -0.1699000 -0.2263000 -0.9591000
v -3.4351625 -16.7119706 11.8459696
vt 0.9400000 0.4100000
vn -0.1699000 -0.2263000 -0.9591000
f 1369/1369/1369 1370/1370/1370 1371/1371/1371
v -2.3781894 -16.1947285 11.5367488
vt 0.9500000 0.4700000
vn -0.3296000 0.1133000 -0.9373000
v -3.4351625 -16.7119706 11.8459696
vt 0.9400000 0.4100000
vn -0.3296000 0.1133000 -0.9373000
v -3.0191199 -15.7337083 11.8178586
vt 0.9500000 0.4700000
vn -0.3296000 0.1133000 -0.9373000
f 1372/1372/1372 1373/1373/1373 1374/1374/1374
v -1.8328363 -15.9304852 12.5599887
vt 0.8500000 0.4500000
vn 0.3933000 -0.8695000 -0.2988000
v -0.8826850 -15.5819090 12.7961209
vt 0.8100000 0.5000000
vn 0.3933000 -0.8695000 -0.2988000
v -1.5517264 -15.9810850 13.0772308
vt 0.8100000 0.4500000
vn 0.3933000 -0.8695000 -0.2988000
f 1375/1375/1375 1376/1376/1376 1377/1377/1377
v -1.8328363 -15.9304852 12.5599887
vt 0.8500000 0.4500000
vn 0.6704000 -0.6757000 0.3066000
v -2.7267657 -16.8300368 12.5318777
vt 0.8800000 0.4100000
vn 0.6704000 -0.6757000 0.3066000
v -2.3163453 -16.8131702 11.6716815
vt 0.9100000 0.4500000
vn 0.6704000 -0.6757000 0.3066000
f 1378/1378/1378 1379/1379/1379 1380/1380/1380
v -1.8328363 -15.9304852 12.5599887
vt 0.8500000 0.4500000
vn 0.6503000 -0.6359000 -0.4156000
v -1.5517264 -15.9810850 13.0772308
vt 0.8100000 0.4500000
vn 0.6503000 -0.6359000 -0.4156000
v -2.1195684 -16.2678170 12.6274550
vt 0.8300000 0.4300000
vn 0.6503000 -0.6359000 -0.4156000
f 1381/1381/1381 1382/1382/1382 1383/1383/1383
v -0.3373318 -14.4181141 11.9303026
vt 0.8100000 0.5600000
vn 0.5267000 0.3345000 0.7814000
v -1.5685930 -14.9747117 12.9985200
vt 0.7700000 0.4600000
vn 0.5267000 0.3345000 0.7814000
v -0.8826850 -15.5819090 12.7961209
vt 0.8100000 0.5000000
vn 0.5267000 0.3345000 0.7814000
f 1384/1384/1384 1385/1385/1385 1386/1386/1386
v -0.3373318 -14.4181141 11.9303026
vt 0.8100000 0.5600000
vn 0.6390000 0.0583000 0.7670000
v -1.2031502 -13.9514718 12.6162106
vt 0.7600000 0.5600000
vn 0.6390000 0.0583000 0.7670000
v -1.5685930 -14.9747117 12.9985200
vt 0.7700000 0.4600000
vn 0.6390000 0.0583000 0.7670000
f 1387/1387/1387 1388/1388/1388 1389/1389/1389
v -0.8826850 -15.5819090 12.7961209
vt 0.8100000 0.5000000
vn 0.3458000 0.0789000 0.9350000
v -1.5685930 -14.9747117 12.9985200
vt 0.7700000 0.4600000
vn 0.3458000 0.0789000 0.9350000
v -1.5517264 -15.9810850 13.0772308
vt 0.8100000 0.4500000
vn 0.3458000 0.0789000 0.9350000
f 1390/1390/1390 1391/1391/1391 1392/1392/1392
v -3.4632735 -15.0815334 11.6210817
vt 0.9500000 0.4700000
vn -0.3141000 -0.2395000 -0.9187000
v -4.4808912 -15.4076209 12.0539909
vt 0.9100000 0.4000000
vn -0.3141000 -0.2395000 -0.9187000
v -3.9186715 -14.8510233 11.7166591
vt 0.9100000 0.4500000
vn -0.3141000 -0.2395000 -0.9187000
f 1393/1393/1393 1394/1394/1394 1395/1395/1395
v -3.4632735 -15.0815334 11.6210817
vt 0.9500000 0.4700000
vn 0.0504000 -0.2569000 -0.9651000
v -3.0191199 -15.7337083 11.8178586
vt 0.9500000 0.4700000
vn 0.0504000 -0.2569000 -0.9651000
v -4.0367376 -15.9754628 11.8291030
vt 0.9400000 0.4100000
vn 0.0504000 -0.2569000 -0.9651000
f 1396/1396/1396 1397/1397/1397 1398/1398/1398
v -3.4632735 -15.0815334 11.6210817
vt 0.9500000 0.4700000
vn -0.4036000 0.0462000 -0.9138000
v -4.0367376 -15.9754628 11.8291030
vt 0.9400000 0.4100000
vn -0.4036000 0.0462000 -0.9138000
v -4.4808912 -15.4076209 12.0539909
vt 0.9100000 0.4000000
vn -0.4036000 0.0462000 -0.9138000
f 1399/1399/1399 1400/1400/1400 1401/1401/1401
v -3.0809641 -14.5811579 12.1608126
vt 0.8500000 0.4500000
vn -0.6987000 0.7148000 0.0296000
v -2.8785650 -14.4012476 12.5937218
vt 0.8100000 0.4500000
vn -0.6987000 0.7148000 0.0296000
v -2.3051009 -13.8446500 12.6892992
vt 0.8100000 0.5000000
vn -0.6987000 0.7148000 0.0296000
f 1402/1402/1402 1403/1403/1403 1404/1404/1404
v -3.0809641 -14.5811579 12.1608126
vt 0.8500000 0.4500000
vn -0.4953000 0.7071000 0.5046000
v -3.9186715 -14.8510233 11.7166591
vt 0.9100000 0.4500000
vn -0.4953000 0.7071000 0.5046000
v -4.0086266 -15.2670659 12.2114124
vt 0.8800000 0.4100000
vn -0.4953000 0.7071000 0.5046000
f 1405/1405/1405 1406/1406/1406 1407/1407/1407
v -3.0809641 -14.5811579 12.1608126
vt 0.8500000 0.4500000
vn -0.7319000 0.6787000 0.0601000
v -3.3227186 -14.8622677 12.3913227
vt 0.8300000 0.4300000
vn -0.7319000 0.6787000 0.0601000
v -2.8785650 -14.4012476 12.5937218
vt 0.8100000 0.4500000
vn -0.7319000 0.6787000 0.0601000
f 1408/1408/1408 1409/1409/1409 1410/1410/1410
v -3.9186715 -14.8510233 11.7166591
vt 0.9100000 0.4500000
vn -0.4009000 0.7358000 0.5458000
v -4.4808912 -15.4076209 12.0539909
vt 0.9100000 0.4000000
vn -0.4009000 0.7358000 0.5458000
v -4.0086266 -15.2670659 12.2114124
vt 0.8800000 0.4100000
vn -0.4009000 0.7358000 0.5458000
f 1411/1411/1411 1412/1412/1412 1413/1413/1413
v -1.6641704 -13.3217857 11.8853250
vt 0.8100000 0.5600000
vn -0.1710000 0.6905000 0.7028000
v -2.0689686 -14.4406029 12.8860761
vt 0.7700000 0.4600000
vn -0.1710000 0.6905000 0.7028000
v -1.2031502 -13.9514718 12.6162106
vt 0.7600000 0.5600000
vn -0.1710000 0.6905000 0.7028000
f 1414/1414/1414 1415/1415/1415 1416/1416/1416
v -1.6641704 -13.3217857 11.8853250
vt 0.8100000 0.5600000
vn 0.5338000 0.4483000 0.7170000
v -2.3051009 -13.8446500 12.6892992
vt 0.8100000 0.5000000
vn 0.5338000 0.4483000 0.7170000
v -2.0689686 -14.4406029 12.8860761
vt 0.7700000 0.4600000
vn 0.5338000 0.4483000 0.7170000
f 1417/1417/1417 1418/1418/1418 1419/1419/1419
v -2.3051009 -13.8446500 12.6892992
vt 0.8100000 0.5000000
vn -0.3266000 0.1771000 0.9284000
v -2.8785650 -14.4012476 12.5937218
vt 0.8100000 0.4500000
vn -0.3266000 0.1771000 0.9284000
v -2.0689686 -14.4406029 12.8860761
vt 0.7700000 0.4600000
vn -0.3266000 0.1771000 0.9284000
f 1420/1420/1420 1421/1421/1421 1422/1422/1422
v -3.4351625 -16.7119706 11.8459696
vt 0.9400000 0.4100000
vn -0.1769000 -0.5473000 -0.8180000
v -2.3163453 -16.8131702 11.6716815
vt 0.9100000 0.4500000
vn -0.1769000 -0.5473000 -0.8180000
v -3.6881614 -17.3360345 12.3182342
vt 0.9100000 0.3600000
vn -0.1769000 -0.5473000 -0.8180000
f 1423/1423/1423 1424/1424/1424 1425/1425/1425
v -3.6881614 -17.3360345 12.3182342
vt 0.9100000 0.3600000
vn 0.4251000 -0.8860000 0.1854000
v -2.3163453 -16.8131702 11.6716815
vt 0.9100000 0.4500000
vn 0.4251000 -0.8860000 0.1854000
v -2.7267657 -16.8300368 12.5318777
vt 0.8800000 0.4100000
vn 0.4251000 -0.8860000 0.1854000
f 1426/1426/1426 1427/1427/1427 1428/1428/1428
v -2.1195684 -16.2678170 12.6274550
vt 0.8300000 0.4300000
vn 0.2658000 -0.9292000 0.2567000
v -1.5517264 -15.9810850 13.0772308
vt 0.8100000 0.4500000
vn 0.2658000 -0.9292000 0.2567000
v -2.2095235 -16.2003507 12.9647869
vt 0.8100000 0.4100000
vn 0.2658000 -0.9292000 0.2567000
f 1429/1429/1429 1430/1430/1430 1431/1431/1431
v -1.5685930 -14.9747117 12.9985200
vt 0.7700000 0.4600000
vn -0.1460000 0.0747000 0.9865000
v -1.9396581 -15.6999751 12.9985200
vt 0.7900000 0.4400000
vn -0.1460000 0.0747000 0.9865000
v -1.5517264 -15.9810850 13.0772308
vt 0.8100000 0.4500000
vn -0.1460000 0.0747000 0.9865000
f 1432/1432/1432 1433/1433/1433 1434/1434/1434
v -1.5517264 -15.9810850 13.0772308
vt 0.8100000 0.4500000
vn -0.1780000 0.0297000 0.9836000
v -1.9396581 -15.6999751 12.9985200
vt 0.7900000 0.4400000
vn -0.1780000 0.0297000 0.9836000
v -2.2095235 -16.2003507 12.9647869
vt 0.8100000 0.4100000
vn -0.1780000 0.0297000 0.9836000
f 1435/1435/1435 1436/1436/1436 1437/1437/1437
v -4.0367376 -15.9754628 11.8291030
vt 0.9400000 0.4100000
vn -0.3738000 0.0738000 -0.9246000
v -4.7676233 -16.0148182 12.1214573
vt 0.9100000 0.3600000
vn -0.3738000 0.0738000 -0.9246000
v -4.4808912 -15.4076209 12.0539909
vt 0.9100000 0.4000000
vn -0.3738000 0.0738000 -0.9246000
f 1438/1438/1438 1439/1439/1439 1440/1440/1440
v -3.3227186 -14.8622677 12.3913227
vt 0.8300000 0.4300000
vn -0.6718000 0.3640000 0.6451000
v -3.2608744 -14.9972005 12.5318777
vt 0.8100000 0.4100000
vn -0.6718000 0.3640000 0.6451000
v -2.8785650 -14.4012476 12.5937218
vt 0.8100000 0.4500000
vn -0.6718000 0.3640000 0.6451000
f 1441/1441/1441 1442/1442/1442 1443/1443/1443
v -4.0086266 -15.2670659 12.2114124
vt 0.8800000 0.4100000
vn -0.3769000 0.2762000 0.8841000
v -4.4808912 -15.4076209 12.0539909
vt 0.9100000 0.4000000
vn -0.3769000 0.2762000 0.8841000
v -4.4190470 -15.5931534 12.1383239
vt 0.8900000 0.3900000
vn -0.3769000 0.2762000 0.8841000
f 1444/1444/1444 1445/1445/1445 1446/1446/1446
v -4.4190470 -15.5931534 12.1383239
vt 0.8900000 0.3900000
vn -0.3769000 0.2762000 0.8841000
v -4.4808912 -15.4076209 12.0539909
vt 0.9100000 0.4000000
vn -0.3769000 0.2762000 0.8841000
v -4.7676233 -16.0148182 12.1214573
vt 0.9100000 0.3600000
vn -0.3769000 0.2762000 0.8841000
f 1447/1447/1447 1448/1448/1448 1449/1449/1449
v -2.0689686 -14.4406029 12.8860761
vt 0.7700000 0.4600000
vn -0.3391000 0.0125000 0.9407000
v -2.8785650 -14.4012476 12.5937218
vt 0.8100000 0.4500000
vn -0.3391000 0.0125000 0.9407000
v -2.6761659 -14.8341567 12.6724326
vt 0.7900000 0.4400000
vn -0.3391000 0.0125000 0.9407000
f 1450/1450/1450 1451/1451/1451 1452/1452/1452
v -2.6761659 -14.8341567 12.6724326
vt 0.7900000 0.4400000
vn -0.2489000 0.0594000 0.9667000
v -2.8785650 -14.4012476 12.5937218
vt 0.8100000 0.4500000
vn -0.2489000 0.0594000 0.9667000
v -3.2608744 -14.9972005 12.5318777
vt 0.8100000 0.4100000
vn -0.2489000 0.0594000 0.9667000
f 1453/1453/1453 1454/1454/1454 1455/1455/1455
v 5.1049551 -18.2636971 9.2541367
vt 0.9900000 0.4700000
vn -0.8207000 -0.4211000 -0.3861000
v 4.5314910 -17.9657206 10.1480660
vt 0.9500000 0.4700000
vn -0.8207000 -0.4211000 -0.3861000
v 3.8343385 -16.6894818 10.2380212
vt 0.9100000 0.5600000
vn -0.8207000 -0.4211000 -0.3861000
f 1456/1456/1456 1457/1457/1457 1458/1458/1458
v 5.1049551 -18.2636971 9.2541367
vt 0.9900000 0.4700000
vn -0.8193000 -0.4263000 -0.3835000
v 5.1724215 -19.1014045 10.0412443
vt 0.9600000 0.4000000
vn -0.8193000 -0.4263000 -0.3835000
v 4.5314910 -17.9657206 10.1480660
vt 0.9500000 0.4700000
vn -0.8193000 -0.4263000 -0.3835000
f 1459/1459/1459 1460/1460/1460 1461/1461/1461
v 5.1049551 -18.2636971 9.2541367
vt 0.9900000 0.4700000
vn -0.7277000 -0.1724000 -0.6639000
v 3.8343385 -16.6894818 10.2380212
vt 0.9100000 0.5600000
vn -0.7277000 -0.1724000 -0.6639000
v 4.6832903 -16.8300368 9.3440918
vt 0.9900000 0.5600000
vn -0.7277000 -0.1724000 -0.6639000
f 1462/1462/1462 1463/1463/1463 1464/1464/1464
v 5.1049551 -18.2636971 9.2541367
vt 0.9900000 0.4700000
vn -0.6449000 -0.5503000 -0.5304000
v 6.0551064 -19.8322901 9.7264012
vt 0.9900000 0.3500000
vn -0.6449000 -0.5503000 -0.5304000
v 5.1724215 -19.1014045 10.0412443
vt 0.9600000 0.4000000
vn -0.6449000 -0.5503000 -0.5304000
f 1465/1465/1465 1466/1466/1466 1467/1467/1467
v 5.1049551 -18.2636971 9.2541367
vt 0.9900000 0.4700000
vn -0.1260000 0.0252000 -0.9917000
v 4.6832903 -16.8300368 9.3440918
vt 0.9900000 0.5600000
vn -0.1260000 0.0252000 -0.9917000
v 5.2736210 -15.8686410 9.2934921
vt 0.9100000 0.5600000
vn -0.1260000 0.0252000 -0.9917000
f 1468/1468/1468 1469/1469/1469 1470/1470/1470
v 5.1049551 -18.2636971 9.2541367
vt 0.9900000 0.4700000
vn 0.3897000 -0.0409000 -0.9200000
v 6.1000840 -18.6460065 9.6926681
vt 0.9600000 0.4000000
vn 0.3897000 -0.0409000 -0.9200000
v 6.0551064 -19.8322901 9.7264012
vt 0.9900000 0.3500000
vn 0.3897000 -0.0409000 -0.9200000
f 1471/1471/1471 1472/1472/1472 1473/1473/1473
v 5.1049551 -18.2636971 9.2541367
vt 0.9900000 0.4700000
vn 0.4389000 -0.0161000 -0.8984000
v 5.2736210 -15.8686410 9.2934921
vt 0.9100000 0.5600000
vn 0.4389000 -0.0161000 -0.8984000
v 5.8189742 -17.3135457 9.5858463
vt 0.9500000 0.4700000
vn 0.4389000 -0.0161000 -0.8984000
f 1474/1474/1474 1475/1475/1475 1476/1476/1476
v 5.1049551 -18.2636971 9.2541367
vt 0.9900000 0.4700000
vn 0.4073000 0.0127000 -0.9132000
v 5.8189742 -17.3135457 9.5858463
vt 0.9500000 0.4700000
vn 0.4073000 0.0127000 -0.9132000
v 6.1000840 -18.6460065 9.6926681
vt 0.9600000 0.4000000
vn 0.4073000 0.0127000 -0.9132000
f 1477/1477/1477 1478/1478/1478 1479/1479/1479
v 4.5314910 -17.9657206 10.1480660
vt 0.9500000 0.4700000
vn -0.4437000 -0.1805000 -0.8778000
v 4.1154484 -18.3648966 10.4404203
vt 0.9100000 0.4500000
vn -0.4437000 -0.1805000 -0.8778000
v 3.8343385 -16.6894818 10.2380212
vt 0.9100000 0.5600000
vn -0.4437000 -0.1805000 -0.8778000
f 1480/1480/1480 1481/1481/1481 1482/1482/1482
v 4.5314910 -17.9657206 10.1480660
vt 0.9500000 0.4700000
vn -0.2636000 -0.3759000 -0.8884000
v 5.1724215 -18.7472060 10.2886210
vt 0.9400000 0.4100000
vn -0.2636000 -0.3759000 -0.8884000
v 4.1154484 -18.3648966 10.4404203
vt 0.9100000 0.4500000
vn -0.2636000 -0.3759000 -0.8884000
f 1483/1483/1483 1484/1484/1484 1485/1485/1485
v 4.5314910 -17.9657206 10.1480660
vt 0.9500000 0.4700000
vn -0.4714000 -0.5153000 -0.7157000
v 5.0149999 -17.7520771 9.6758015
vt 0.9500000 0.4700000
vn -0.4714000 -0.5153000 -0.7157000
v 5.1724215 -18.7472060 10.2886210
vt 0.9400000 0.4100000
vn -0.4714000 -0.5153000 -0.7157000
f 1486/1486/1486 1487/1487/1487 1488/1488/1488
v 5.2736210 -15.8686410 9.2934921
vt 0.9100000 0.5600000
vn 0.1002000 -0.1608000 -0.9819000
v 6.2687499 -17.3079235 9.6308239
vt 0.9100000 0.4500000
vn 0.1002000 -0.1608000 -0.9819000
v 5.8189742 -17.3135457 9.5858463
vt 0.9500000 0.4700000
vn 0.1002000 -0.1608000 -0.9819000
f 1489/1489/1489 1490/1490/1490 1491/1491/1491
v 5.2736210 -15.8686410 9.2934921
vt 0.9100000 0.5600000
vn 0.8287000 0.5330000 -0.1707000
v 5.9707735 -16.5601713 10.5191311
vt 0.8500000 0.4500000
vn 0.8287000 0.5330000 -0.1707000
v 6.2687499 -17.3079235 9.6308239
vt 0.9100000 0.4500000
vn 0.8287000 0.5330000 -0.1707000
f 1492/1492/1492 1493/1493/1493 1494/1494/1494
v 5.2736210 -15.8686410 9.2934921
vt 0.9100000 0.5600000
vn 0.8792000 0.3823000 -0.2844000
v 5.6503082 -15.5762868 10.8508407
vt 0.8100000 0.5000000
vn 0.8792000 0.3823000 -0.2844000
v 5.9707735 -16.5601713 10.5191311
vt 0.8500000 0.4500000
vn 0.8792000 0.3823000 -0.2844000
f 1495/1495/1495 1496/1496/1496 1497/1497/1497
v 5.2736210 -15.8686410 9.2934921
vt 0.9100000 0.5600000
vn 0.7728000 0.5632000 -0.2926000
v 4.7676233 -14.8004236 10.0131333
vt 0.8100000 0.5600000
vn 0.7728000 0.5632000 -0.2926000
v 5.6503082 -15.5762868 10.8508407
vt 0.8100000 0.5000000
vn 0.7728000 0.5632000 -0.2926000
f 1498/1498/1498 1499/1499/1499 1500/1500/1500
v 3.8343385 -16.6894818 10.2380212
vt 0.9100000 0.5600000
vn -0.8769000 -0.0901000 0.4722000
v 4.1154484 -18.3648966 10.4404203
vt 0.9100000 0.4500000
vn -0.8769000 -0.0901000 0.4722000
v 4.4190470 -17.3416567 11.1994169
vt 0.8500000 0.4500000
vn -0.8769000 -0.0901000 0.4722000
f 1501/1501/1501 1502/1502/1502 1503/1503/1503
v 3.8343385 -16.6894818 10.2380212
vt 0.9100000 0.5600000
vn -0.7653000 -0.6430000 0.0292000
v 4.4190470 -17.3416567 11.1994169
vt 0.8500000 0.4500000
vn -0.7653000 -0.6430000 0.0292000
v 3.7387612 -16.5151937 11.5704819
vt 0.8100000 0.5000000
vn -0.7653000 -0.6430000 0.0292000
f 1504/1504/1504 1505/1505/1505 1506/1506/1506
v 3.8343385 -16.6894818 10.2380212
vt 0.9100000 0.5600000
vn -0.9544000 -0.2972000 -0.0296000
v 3.7387612 -16.5151937 11.5704819
vt 0.8100000 0.5000000
vn -0.9544000 -0.2972000 -0.0296000
v 3.4576513 -15.5425536 10.8677073
vt 0.8100000 0.5600000
vn -0.9544000 -0.2972000 -0.0296000
f 1507/1507/1507 1508/1508/1508 1509/1509/1509
v 5.0149999 -17.7520771 9.6758015
vt 0.9500000 0.4700000
vn 0.0813000 -0.3412000 -0.9365000
v 5.8189742 -17.3135457 9.5858463
vt 0.9500000 0.4700000
vn 0.0813000 -0.3412000 -0.9365000
v 5.9876401 -18.3536522 9.9794001
vt 0.9400000 0.4100000
vn 0.0813000 -0.3412000 -0.9365000
f 1510/1510/1510 1511/1511/1511 1512/1512/1512
v 5.1724215 -18.7472060 10.2886210
vt 0.9400000 0.4100000
vn -0.3349000 -0.6582000 -0.6742000
v 5.3129764 -19.3600255 10.8171075
vt 0.9100000 0.3600000
vn -0.3349000 -0.6582000 -0.6742000
v 4.1154484 -18.3648966 10.4404203
vt 0.9100000 0.4500000
vn -0.3349000 -0.6582000 -0.6742000
f 1513/1513/1513 1514/1514/1514 1515/1515/1515
v 6.2687499 -17.3079235 9.6308239
vt 0.9100000 0.4500000
vn 0.8955000 0.4395000 -0.0696000
v 5.9707735 -16.5601713 10.5191311
vt 0.8500000 0.4500000
vn 0.8955000 0.4395000 -0.0696000
v 6.4936378 -17.6227666 10.5359976
vt 0.8800000 0.4100000
vn 0.8955000 0.4395000 -0.0696000
f 1516/1516/1516 1517/1517/1517 1518/1518/1518
v 6.2687499 -17.3079235 9.6308239
vt 0.9100000 0.4500000
vn 0.0969000 -0.3737000 -0.9225000
v 6.6623037 -18.0106982 9.9569113
vt 0.9100000 0.4000000
vn 0.0969000 -0.3737000 -0.9225000
v 5.8189742 -17.3135457 9.5858463
vt 0.9500000 0.4700000
vn 0.0969000 -0.3737000 -0.9225000
f 1519/1519/1519 1520/1520/1520 1521/1521/1521
v 6.2687499 -17.3079235 9.6308239
vt 0.9100000 0.4500000
vn 0.8821000 0.4678000 -0.0564000
v 6.4936378 -17.6227666 10.5359976
vt 0.8800000 0.4100000
vn 0.8821000 0.4678000 -0.0564000
v 6.6623037 -18.0106982 9.9569113
vt 0.9100000 0.4000000
vn 0.8821000 0.4678000 -0.0564000
f 1522/1522/1522 1523/1523/1523 1524/1524/1524
v 5.8189742 -17.3135457 9.5858463
vt 0.9500000 0.4700000
vn 0.1371000 -0.3310000 -0.9336000
v 6.6623037 -18.0106982 9.9569113
vt 0.9100000 0.4000000
vn 0.1371000 -0.3310000 -0.9336000
v 5.9876401 -18.3536522 9.9794001
vt 0.9400000 0.4100000
vn 0.1371000 -0.3310000 -0.9336000
f 1525/1525/1525 1526/1526/1526 1527/1527/1527
v 4.7676233 -14.8004236 10.0131333
vt 0.8100000 0.5600000
vn 0.3133000 0.8383000 0.4463000
v 5.4197981 -15.9361074 11.6885481
vt 0.7700000 0.4600000
vn 0.3133000 0.8383000 0.4463000
v 5.6503082 -15.5762868 10.8508407
vt 0.8100000 0.5000000
vn 0.3133000 0.8383000 0.4463000
f 1528/1528/1528 1529/1529/1529 1530/1530/1530
v 4.7676233 -14.8004236 10.0131333
vt 0.8100000 0.5600000
vn 0.4474000 0.8115000 0.3759000
v 4.5652242 -15.2670659 11.2612611
vt 0.7600000 0.5600000
vn 0.4474000 0.8115000 0.3759000
v 5.4197981 -15.9361074 11.6885481
vt 0.7700000 0.4600000
vn 0.4474000 0.8115000 0.3759000
f 1531/1531/1531 1532/1532/1532 1533/1533/1533
v 4.4190470 -17.3416567 11.1994169
vt 0.8500000 0.4500000
vn -0.7412000 -0.6614000 0.1143000
v 4.3347141 -17.1111466 11.9865245
vt 0.8100000 0.4500000
vn -0.7412000 -0.6614000 0.1143000
v 3.7387612 -16.5151937 11.5704819
vt 0.8100000 0.5000000
vn -0.7412000 -0.6614000 0.1143000
f 1534/1534/1534 1535/1535/1535 1536/1536/1536
v 4.4190470 -17.3416567 11.1994169
vt 0.8500000 0.4500000
vn -0.7340000 -0.2505000 0.6313000
v 4.1154484 -18.3648966 10.4404203
vt 0.9100000 0.4500000
vn -0.7340000 -0.2505000 0.6313000
v 4.7563789 -18.4717184 11.1431949
vt 0.8800000 0.4100000
vn -0.7340000 -0.2505000 0.6313000
f 1537/1537/1537 1538/1538/1538 1539/1539/1539
v 4.4190470 -17.3416567 11.1994169
vt 0.8500000 0.4500000
vn -0.8720000 -0.4870000 0.0492000
v 4.6158239 -17.6508776 11.6267039
vt 0.8300000 0.4300000
vn -0.8720000 -0.4870000 0.0492000
v 4.3347141 -17.1111466 11.9865245
vt 0.8100000 0.4500000
vn -0.8720000 -0.4870000 0.0492000
f 1540/1540/1540 1541/1541/1541 1542/1542/1542
v 4.7563789 -18.4717184 11.1431949
vt 0.8800000 0.4100000
vn -0.6418000 -0.5844000 0.4965000
v 4.1154484 -18.3648966 10.4404203
vt 0.9100000 0.4500000
vn -0.6418000 -0.5844000 0.4965000
v 5.3129764 -19.3600255 10.8171075
vt 0.9100000 0.3600000
vn -0.6418000 -0.5844000 0.4965000
f 1543/1543/1543 1544/1544/1544 1545/1545/1545
v 3.4576513 -15.5425536 10.8677073
vt 0.8100000 0.5600000
vn -0.3970000 0.4685000 0.7893000
v 4.8013564 -16.2509504 11.9640357
vt 0.7700000 0.4600000
vn -0.3970000 0.4685000 0.7893000
v 4.5652242 -15.2670659 11.2612611
vt 0.7600000 0.5600000
vn -0.3970000 0.4685000 0.7893000
f 1546/1546/1546 1547/1547/1547 1548/1548/1548
v 3.4576513 -15.5425536 10.8677073
vt 0.8100000 0.5600000
vn -0.4066000 0.4550000 0.7923000
v 3.7387612 -16.5151937 11.5704819
vt 0.8100000 0.5000000
vn -0.4066000 0.4550000 0.7923000
v 4.8013564 -16.2509504 11.9640357
vt 0.7700000 0.4600000
vn -0.4066000 0.4550000 0.7923000
f 1549/1549/1549 1550/1550/1550 1551/1551/1551
v 3.7387612 -16.5151937 11.5704819
vt 0.8100000 0.5000000
vn -0.3883000 0.2340000 0.8913000
v 4.3347141 -17.1111466 11.9865245
vt 0.8100000 0.4500000
vn -0.3883000 0.2340000 0.8913000
v 4.8013564 -16.2509504 11.9640357
vt 0.7700000 0.4600000
vn -0.3883000 0.2340000 0.8913000
f 1552/1552/1552 1553/1553/1553 1554/1554/1554
v 5.9707735 -16.5601713 10.5191311
vt 0.8500000 0.4500000
vn 0.8585000 0.3914000 -0.3315000
v 5.6503082 -15.5762868 10.8508407
vt 0.8100000 0.5000000
vn 0.8585000 0.3914000 -0.3315000
v 6.1281950 -16.2340839 11.3118609
vt 0.8100000 0.4500000
vn 0.8585000 0.3914000 -0.3315000
f 1555/1555/1555 1556/1556/1556 1557/1557/1557
v 5.9707735 -16.5601713 10.5191311
vt 0.8500000 0.4500000
vn 0.9147000 0.2761000 -0.2952000
v 6.1281950 -16.2340839 11.3118609
vt 0.8100000 0.4500000
vn 0.9147000 0.2761000 -0.2952000
v 6.2237724 -16.8693921 11.0138844
vt 0.8300000 0.4300000
vn 0.9147000 0.2761000 -0.2952000
f 1558/1558/1558 1559/1559/1559 1560/1560/1560
v 5.6503082 -15.5762868 10.8508407
vt 0.8100000 0.5000000
vn 0.5395000 0.7096000 0.4532000
v 5.4197981 -15.9361074 11.6885481
vt 0.7700000 0.4600000
vn 0.5395000 0.7096000 0.4532000
v 6.1281950 -16.2340839 11.3118609
vt 0.8100000 0.4500000
vn 0.5395000 0.7096000 0.4532000
f 1561/1561/1561 1562/1562/1562 1563/1563/1563
v 6.4936378 -17.6227666 10.5359976
vt 0.8800000 0.4100000
vn 0.9232000 0.3842000 0.0115000
v 6.6960369 -18.1062755 10.4404203
vt 0.8900000 0.3900000
vn 0.9232000 0.3842000 0.0115000
v 6.6623037 -18.0106982 9.9569113
vt 0.9100000 0.4000000
vn 0.9232000 0.3842000 0.0115000
f 1564/1564/1564 1565/1565/1565 1566/1566/1566
v 5.9876401 -18.3536522 9.9794001
vt 0.9400000 0.4100000
vn 0.1760000 -0.4051000 -0.8972000
v 6.6623037 -18.0106982 9.9569113
vt 0.9100000 0.4000000
vn 0.1760000 -0.4051000 -0.8972000
v 6.7635033 -18.6516287 10.2661322
vt 0.9100000 0.3600000
vn 0.1760000 -0.4051000 -0.8972000
f 1567/1567/1567 1568/1568/1568 1569/1569/1569
v 6.7635033 -18.6516287 10.2661322
vt 0.9100000 0.3600000
vn 0.9898000 0.1359000 -0.0422000
v 6.6623037 -18.0106982 9.9569113
vt 0.9100000 0.4000000
vn 0.9898000 0.1359000 -0.0422000
v 6.6960369 -18.1062755 10.4404203
vt 0.8900000 0.3900000
vn 0.9898000 0.1359000 -0.0422000
f 1570/1570/1570 1571/1571/1571 1572/1572/1572
v 4.6158239 -17.6508776 11.6267039
vt 0.8300000 0.4300000
vn -0.6202000 -0.6324000 0.4641000
v 4.9475336 -17.5553002 12.2001680
vt 0.8100000 0.4100000
vn -0.6202000 -0.6324000 0.4641000
v 4.3347141 -17.1111466 11.9865245
vt 0.8100000 0.4500000
vn -0.6202000 -0.6324000 0.4641000
f 1573/1573/1573 1574/1574/1574 1575/1575/1575
v 4.8013564 -16.2509504 11.9640357
vt 0.7700000 0.4600000
vn -0.3469000 0.2121000 0.9136000
v 4.3347141 -17.1111466 11.9865245
vt 0.8100000 0.4500000
vn -0.3469000 0.2121000 0.9136000
v 4.9138004 -16.9874583 12.1776792
vt 0.7900000 0.4400000
vn -0.3469000 0.2121000 0.9136000
f 1576/1576/1576 1577/1577/1577 1578/1578/1578
v 4.9138004 -16.9874583 12.1776792
vt 0.7900000 0.4400000
vn -0.3170000 0.0187000 0.9482000
v 4.3347141 -17.1111466 11.9865245
vt 0.8100000 0.4500000
vn -0.3170000 0.0187000 0.9482000
v 4.9475336 -17.5553002 12.2001680
vt 0.8100000 0.4100000
vn -0.3170000 0.0187000 0.9482000
f 1579/1579/1579 1580/1580/1580 1581/1581/1581
v 6.2237724 -16.8693921 11.0138844
vt 0.8300000 0.4300000
vn 0.9511000 0.2363000 -0.1988000
v 6.1281950 -16.2340839 11.3118609
vt 0.8100000 0.4500000
vn 0.9511000 0.2363000 -0.1988000
v 6.3587051 -16.8637699 11.6660593
vt 0.8100000 0.4100000
vn 0.9511000 0.2363000 -0.1988000
f 1582/1582/1582 1583/1583/1583 1584/1584/1584
v 5.4197981 -15.9361074 11.6885481
vt 0.7700000 0.4600000
vn 0.5547000 0.6266000 0.5474000
v 5.9201737 -16.4870827 11.8122364
vt 0.7900000 0.4400000
vn 0.5547000 0.6266000 0.5474000
v 6.1281950 -16.2340839 11.3118609
vt 0.8100000 0.4500000
vn 0.5547000 0.6266000 0.5474000
f 1585/1585/1585 1586/1586/1586 1587/1587/1587
v 6.1281950 -16.2340839 11.3118609
vt 0.8100000 0.4500000
vn 0.6445000 0.5403000 0.5411000
v 5.9201737 -16.4870827 11.8122364
vt 0.7900000 0.4400000
vn 0.6445000 0.5403000 0.5411000
v 6.3587051 -16.8637699 11.6660593
vt 0.8100000 0.4100000
vn 0.6445000 0.5403000 0.5411000
f 1588/1588/1588 1589/1589/1589 1590/1590/1590
v 0.8545740 -20.7711970 11.9640357
vt 0.2700000 0.6700000
vn -0.2744000 0.5512000 0.7880000
v 0.1855325 -20.2764437 11.3849494
vt 0.2300000 0.7000000
vn -0.2744000 0.5512000 0.7880000
v -0.2811099 -21.2884392 11.9303026
vt 0.1900000 0.6500000
vn -0.2744000 0.5512000 0.7880000
f 1591/1591/1591 1592/1592/1592 1593/1593/1593
v 0.8545740 -20.7711970 11.9640357
vt 0.2700000 0.6700000
vn -0.3563000 0.4660000 0.8098000
v 0.7196412 -18.9496051 10.8564629
vt 0.2700000 0.7700000
vn -0.3563000 0.4660000 0.8098000
v 0.1855325 -20.2764437 11.3849494
vt 0.2300000 0.7000000
vn -0.3563000 0.4660000 0.8098000
f 1594/1594/1594 1595/1595/1595 1596/1596/1596
v 0.8545740 -20.7711970 11.9640357
vt 0.2700000 0.6700000
vn -0.1224000 0.2055000 0.9710000
v -0.2811099 -21.2884392 11.9303026
vt 0.1900000 0.6500000
vn -0.1224000 0.2055000 0.9710000
v 0.2473767 -22.0361914 12.1551904
vt 0.2200000 0.6100000
vn -0.1224000 0.2055000 0.9710000
f 1597/1597/1597 1598/1598/1598 1599/1599/1599
v 0.8545740 -20.7711970 11.9640357
vt 0.2700000 0.6700000
vn 0.7783000 0.3673000 0.5093000
v 1.2931054 -20.3439100 10.9857734
vt 0.2300000 0.7000000
vn 0.7783000 0.3673000 0.5093000
v 0.7196412 -18.9496051 10.8564629
vt 0.2700000 0.7700000
vn 0.7783000 0.3673000 0.5093000
f 1600/1600/1600 1601/1601/1601 1602/1602/1602
v 0.8545740 -20.7711970 11.9640357
vt 0.2700000 0.6700000
vn 0.3409000 -0.0216000 0.9399000
v 0.2473767 -22.0361914 12.1551904
vt 0.2200000 0.6100000
vn 0.3409000 -0.0216000 0.9399000
v 1.2593722 -22.6996107 11.7728810
vt 0.2700000 0.5700000
vn 0.3409000 -0.0216000 0.9399000
f 1603/1603/1603 1604/1604/1604 1605/1605/1605
v 0.8545740 -20.7711970 11.9640357
vt 0.2700000 0.6700000
vn 0.6714000 0.5199000 0.5281000
v 2.0015022 -21.3615277 11.0869730
vt 0.1900000 0.6500000
vn 0.6714000 0.5199000 0.5281000
v 1.2931054 -20.3439100 10.9857734
vt 0.2300000 0.7000000
vn 0.6714000 0.5199000 0.5281000
f 1606/1606/1606 1607/1607/1607 1608/1608/1608
v 0.8545740 -20.7711970 11.9640357
vt 0.2700000 0.6700000
vn 0.3654000 -0.0156000 0.9307000
v 1.2593722 -22.6996107 11.7728810
vt 0.2700000 0.5700000
vn 0.3654000 -0.0156000 0.9307000
v 1.7878587 -22.0586802 11.5761041
vt 0.2200000 0.6100000
vn 0.3654000 -0.0156000 0.9307000
f 1609/1609/1609 1610/1610/1610 1611/1611/1611
v 0.8545740 -20.7711970 11.9640357
vt 0.2700000 0.6700000
vn 0.6697000 0.2779000 0.6887000
v 1.7878587 -22.0586802 11.5761041
vt 0.2200000 0.6100000
vn 0.6697000 0.2779000 0.6887000
v 2.0015022 -21.3615277 11.0869730
vt 0.1900000 0.6500000
vn 0.6697000 0.2779000 0.6887000
f 1612/1612/1612 1613/1613/1613 1614/1614/1614
v -3.0922085 -22.0193248 5.5491087
vt 0.3600000 0.4700000
vn -0.5313000 0.8371000 0.1306000
v -5.1780437 -23.0144537 3.4407847
vt 0.3600000 0.3200000
vn -0.5313000 0.8371000 0.1306000
v -4.6945347 -23.0144537 5.4085538
vt 0.3800000 0.3800000
vn -0.5313000 0.8371000 0.1306000
f 1615/1615/1615 1616/1616/1616 1617/1617/1617
v -3.0922085 -22.0193248 5.5491087
vt 0.3600000 0.4700000
vn 0.1303000 0.8406000 -0.5257000
v -3.8399607 -23.0144537 3.7724944
vt 0.3300000 0.3700000
vn 0.1303000 0.8406000 -0.5257000
v -5.1780437 -23.0144537 3.4407847
vt 0.3600000 0.3200000
vn 0.1303000 0.8406000 -0.5257000
f 1618/1618/1618 1619/1619/1619 1620/1620/1620
v -3.0922085 -22.0193248 5.5491087
vt 0.3600000 0.4700000
vn -0.3663000 0.6796000 -0.6356000
v -4.6945347 -23.0144537 5.4085538
vt 0.3800000 0.3800000
vn -0.3663000 0.6796000 -0.6356000
v -4.0479820 -21.7719481 6.3643273
vt 0.4100000 0.4600000
vn -0.3663000 0.6796000 -0.6356000
f 1621/1621/1621 1622/1622/1622 1623/1623/1623
v -3.0922085 -22.0193248 5.5491087
vt 0.3600000 0.4700000
vn -0.7107000 0.6976000 -0.0916000
v -2.4906334 -21.6988596 3.3227186
vt 0.2900000 0.4100000
vn -0.7107000 0.6976000 -0.0916000
v -3.8399607 -23.0144537 3.7724944
vt 0.3300000 0.3700000
vn -0.7107000 0.6976000 -0.0916000
f 1624/1624/1624 1625/1625/1625 1626/1626/1626
v -3.0922085 -22.0193248 5.5491087
vt 0.3600000 0.4700000
vn -0.5107000 0.4470000 -0.7344000
v -4.0479820 -21.7719481 6.3643273
vt 0.4100000 0.4600000
vn -0.5107000 0.4470000 -0.7344000
v -2.4287892 -20.2820659 6.1450616
vt 0.3600000 0.5600000
vn -0.5107000 0.4470000 -0.7344000
f 1627/1627/1627 1628/1628/1628 1629/1629/1629
v -3.0922085 -22.0193248 5.5491087
vt 0.3600000 0.4700000
vn -0.6921000 0.7170000 -0.0838000
v -1.4730157 -20.5069538 5.1161995
vt 0.2900000 0.5300000
vn -0.6921000 0.7170000 -0.0838000
v -2.4906334 -21.6988596 3.3227186
vt 0.2900000 0.4100000
vn -0.6921000 0.7170000 -0.0838000
f 1630/1630/1630 1631/1631/1631 1632/1632/1632
v -3.0922085 -22.0193248 5.5491087
vt 0.3600000 0.4700000
vn -0.6007000 0.4549000 -0.6574000
v -2.4287892 -20.2820659 6.1450616
vt 0.3600000 0.5600000
vn -0.6007000 0.4549000 -0.6574000
v -1.4730157 -20.5069538 5.1161995
vt 0.2900000 0.5300000
vn -0.6007000 0.4549000 -0.6574000
f 1633/1633/1633 1634/1634/1634 1635/1635/1635
v -4.6945347 -23.0144537 5.4085538
vt 0.3800000 0.3800000
vn -0.1504000 0.6507000 -0.7443000
v -5.8077298 -23.0144537 5.6334416
vt 0.4100000 0.3500000
vn -0.1504000 0.6507000 -0.7443000
v -4.0479820 -21.7719481 6.3643273
vt 0.4100000 0.4600000
vn -0.1504000 0.6507000 -0.7443000
f 1636/1636/1636 1637/1637/1637 1638/1638/1638
v -3.8399607 -23.0144537 3.7724944
vt 0.3300000 0.3700000
vn -0.6596000 0.7331000 0.1657000
v -2.4906334 -21.6988596 3.3227186
vt 0.2900000 0.4100000
vn -0.6596000 0.7331000 0.1657000
v -4.6608015 -23.0144537 0.5059978
vt 0.2900000 0.2900000
vn -0.6596000 0.7331000 0.1657000
f 1639/1639/1639 1640/1640/1640 1641/1641/1641
v -2.4287892 -20.2820659 6.1450616
vt 0.3600000 0.5600000
vn -0.4442000 0.6956000 -0.5647000
v -1.0682175 -19.5455580 5.9820179
vt 0.2900000 0.6200000
vn -0.4442000 0.6956000 -0.5647000
v -1.4730157 -20.5069538 5.1161995
vt 0.2900000 0.5300000
vn -0.4442000 0.6956000 -0.5647000
f 1642/1642/1642 1643/1643/1643 1644/1644/1644
v -2.4287892 -20.2820659 6.1450616
vt 0.3600000 0.5600000
vn -0.6146000 0.5911000 -0.5224000
v -4.0479820 -21.7719481 6.3643273
vt 0.4100000 0.4600000
vn -0.6146000 0.5911000 -0.5224000
v -3.2833632 -20.1471331 7.3032342
vt 0.4400000 0.5600000
vn -0.6146000 0.5911000 -0.5224000
f 1645/1645/1645 1646/1646/1646 1647/1647/1647
v -5.8077298 -23.0144537 5.6334416
vt 0.4100000 0.3500000
vn -0.6225000 0.7497000 0.2244000
v -5.4085538 -23.0144537 6.7410145
vt 0.4400000 0.3800000
vn -0.6225000 0.7497000 0.2244000
v -4.0479820 -21.7719481 6.3643273
vt 0.4100000 0.4600000
vn -0.6225000 0.7497000 0.2244000
f 1648/1648/1648 1649/1649/1649 1650/1650/1650
v -2.4906334 -21.6988596 3.3227186
vt 0.2900000 0.4100000
vn 0.3382000 0.7255000 -0.5994000
v -1.5517264 -23.0144537 2.2601233
vt 0.3300000 0.3700000
vn 0.3382000 0.7255000 -0.5994000
v -4.6608015 -23.0144537 0.5059978
vt 0.2900000 0.2900000
vn 0.3382000 0.7255000 -0.5994000
f 1651/1651/1651 1652/1652/1652 1653/1653/1653
v -2.4906334 -21.6988596 3.3227186
vt 0.2900000 0.4100000
vn 0.2348000 0.7429000 -0.6269000
v -1.4730157 -20.5069538 5.1161995
vt 0.2900000 0.5300000
vn 0.2348000 0.7429000 -0.6269000
v -0.1405549 -22.0193248 3.8230941
vt 0.3600000 0.4700000
vn 0.2348000 0.7429000 -0.6269000
f 1654/1654/1654 1655/1655/1655 1656/1656/1656
v -2.4906334 -21.6988596 3.3227186
vt 0.2900000 0.4100000
vn 0.2382000 0.7074000 -0.6654000
v -0.1405549 -22.0193248 3.8230941
vt 0.3600000 0.4700000
vn 0.2382000 0.7074000 -0.6654000
v -1.5517264 -23.0144537 2.2601233
vt 0.3300000 0.3700000
vn 0.2382000 0.7074000 -0.6654000
f 1657/1657/1657 1658/1658/1658 1659/1659/1659
v -1.0682175 -19.5455580 5.9820179
vt 0.2900000 0.6200000
vn 0.0594000 0.6541000 -0.7541000
v -0.0562220 -20.4282430 5.2961098
vt 0.3600000 0.5600000
vn 0.0594000 0.6541000 -0.7541000
v -1.4730157 -20.5069538 5.1161995
vt 0.2900000 0.5300000
vn 0.0594000 0.6541000 -0.7541000
f 1660/1660/1660 1661/1661/1661 1662/1662/1662
v -1.4730157 -20.5069538 5.1161995
vt 0.2900000 0.5300000
vn 0.0556000 0.6767000 -0.7341000
v -0.0562220 -20.4282430 5.2961098
vt 0.3600000 0.5600000
vn 0.0556000 0.6767000 -0.7341000
v -0.1405549 -22.0193248 3.8230941
vt 0.3600000 0.4700000
vn 0.0556000 0.6767000 -0.7341000
f 1663/1663/1663 1664/1664/1664 1665/1665/1665
v -3.2833632 -20.1471331 7.3032342
vt 0.4400000 0.5600000
vn -0.8987000 0.4378000 -0.0258000
v -4.0479820 -21.7719481 6.3643273
vt 0.4100000 0.4600000
vn -0.8987000 0.4378000 -0.0258000
v -4.5933352 -22.8232990 7.5224999
vt 0.4600000 0.4400000
vn -0.8987000 0.4378000 -0.0258000
f 1666/1666/1666 1667/1667/1667 1668/1668/1668
v -3.2833632 -20.1471331 7.3032342
vt 0.4400000 0.5600000
vn -0.8328000 0.3743000 -0.4078000
v -4.5933352 -22.8232990 7.5224999
vt 0.4600000 0.4400000
vn -0.8328000 0.3743000 -0.4078000
v -5.2848654 -23.0144537 8.7593833
vt 0.5000000 0.3800000
vn -0.8328000 0.3743000 -0.4078000
f 1669/1669/1669 1670/1670/1670 1671/1671/1671
v -3.2833632 -20.1471331 7.3032342
vt 0.4400000 0.5600000
vn -0.7818000 0.6104000 0.1274000
v -5.2848654 -23.0144537 8.7593833
vt 0.5000000 0.3800000
vn -0.7818000 0.6104000 0.1274000
v -3.4745179 -20.8555300 9.5240021
vt 0.5300000 0.5600000
vn -0.7818000 0.6104000 0.1274000
f 1672/1672/1672 1673/1673/1673 1674/1674/1674
v -4.5933352 -22.8232990 7.5224999
vt 0.4600000 0.4400000
vn -0.5549000 0.7291000 0.4006000
v -4.0479820 -21.7719481 6.3643273
vt 0.4100000 0.4600000
vn -0.5549000 0.7291000 0.4006000
v -5.4085538 -23.0144537 6.7410145
vt 0.4400000 0.3800000
vn -0.5549000 0.7291000 0.4006000
f 1675/1675/1675 1676/1676/1676 1677/1677/1677
v -1.5517264 -23.0144537 2.2601233
vt 0.3300000 0.3700000
vn -0.5120000 0.8551000 -0.0822000
v -0.1405549 -22.0193248 3.8230941
vt 0.3600000 0.4700000
vn -0.5120000 0.8551000 -0.0822000
v -1.3324607 -23.0144537 0.8939294
vt 0.3600000 0.3200000
vn -0.5120000 0.8551000 -0.0822000
f 1678/1678/1678 1679/1679/1679 1680/1680/1680
v -0.0562220 -20.4282430 5.2961098
vt 0.3600000 0.5600000
vn -0.1980000 0.6715000 -0.7140000
v 1.1244394 -21.7719481 3.7050280
vt 0.4100000 0.4600000
vn -0.1980000 0.6715000 -0.7140000
v -0.1405549 -22.0193248 3.8230941
vt 0.3600000 0.4700000
vn -0.1980000 0.6715000 -0.7140000
f 1681/1681/1681 1682/1682/1682 1683/1683/1683
v -0.0562220 -20.4282430 5.2961098
vt 0.3600000 0.5600000
vn 0.1420000 0.8057000 -0.5750000
v 1.3549495 -20.4282430 5.6446860
vt 0.4400000 0.5600000
vn 0.1420000 0.8057000 -0.5750000
v 1.1244394 -21.7719481 3.7050280
vt 0.4100000 0.4600000
vn 0.1420000 0.8057000 -0.5750000
f 1684/1684/1684 1685/1685/1685 1686/1686/1686
v -5.2848654 -23.0144537 8.7593833
vt 0.5000000 0.3800000
vn -0.4881000 0.1023000 0.8668000
v -3.5476065 -22.8232990 9.7151568
vt 0.4800000 0.4400000
vn -0.4881000 0.1023000 0.8668000
v -3.4745179 -20.8555300 9.5240021
vt 0.5300000 0.5600000
vn -0.4881000 0.1023000 0.8668000
f 1687/1687/1687 1688/1688/1688 1689/1689/1689
v -1.3324607 -23.0144537 0.8939294
vt 0.3600000 0.3200000
vn 0.3336000 0.8429000 -0.4221000
v -0.1405549 -22.0193248 3.8230941
vt 0.3600000 0.4700000
vn 0.3336000 0.8429000 -0.4221000
v 0.5172421 -23.0144537 2.3557006
vt 0.3800000 0.3800000
vn 0.3336000 0.8429000 -0.4221000
f 1690/1690/1690 1691/1691/1691 1692/1692/1692
v -0.1405549 -22.0193248 3.8230941
vt 0.3600000 0.4700000
vn -0.2065000 0.7643000 -0.6109000
v 1.1244394 -21.7719481 3.7050280
vt 0.4100000 0.4600000
vn -0.2065000 0.7643000 -0.6109000
v 0.5172421 -23.0144537 2.3557006
vt 0.3800000 0.3800000
vn -0.2065000 0.7643000 -0.6109000
f 1693/1693/1693 1694/1694/1694 1695/1695/1695
v 1.3549495 -20.4282430 5.6446860
vt 0.4400000 0.5600000
vn 0.7006000 0.5449000 -0.4607000
v 2.4006782 -22.8232990 4.4021804
vt 0.4600000 0.4400000
vn 0.7006000 0.5449000 -0.4607000
v 1.1244394 -21.7719481 3.7050280
vt 0.4100000 0.4600000
vn 0.7006000 0.5449000 -0.4607000
f 1696/1696/1696 1697/1697/1697 1698/1698/1698
v 1.3549495 -20.4282430 5.6446860
vt 0.4400000 0.5600000
vn 0.5293000 0.5612000 -0.6363000
v 3.7050280 -23.0144537 5.3185986
vt 0.5000000 0.3800000
vn 0.5293000 0.5612000 -0.6363000
v 2.4006782 -22.8232990 4.4021804
vt 0.4600000 0.4400000
vn 0.5293000 0.5612000 -0.6363000
f 1699/1699/1699 1700/1700/1700 1701/1701/1701
v 1.3549495 -20.4282430 5.6446860
vt 0.4400000 0.5600000
vn 0.6872000 0.6621000 -0.2989000
v 2.8448318 -21.2434616 7.2638788
vt 0.5300000 0.5600000
vn 0.6872000 0.6621000 -0.2989000
v 3.7050280 -23.0144537 5.3185986
vt 0.5000000 0.3800000
vn 0.6872000 0.6621000 -0.2989000
f 1702/1702/1702 1703/1703/1703 1704/1704/1704
v -3.4745179 -20.8555300 9.5240021
vt 0.5300000 0.5600000
vn -0.8693000 0.4396000 -0.2262000
v -4.3178475 -22.6996107 9.1810481
vt 0.5700000 0.4200000
vn -0.8693000 0.4396000 -0.2262000
v -4.7901121 -23.0144537 10.3841983
vt 0.5300000 0.3800000
vn -0.8693000 0.4396000 -0.2262000
f 1705/1705/1705 1706/1706/1706 1707/1707/1707
v -3.4745179 -20.8555300 9.5240021
vt 0.5300000 0.5600000
vn -0.3172000 0.5115000 0.7986000
v -4.7901121 -23.0144537 10.3841983
vt 0.5300000 0.3800000
vn -0.3172000 0.5115000 0.7986000
v -3.1090751 -22.8232990 10.9295514
vt 0.5700000 0.4200000
vn -0.3172000 0.5115000 0.7986000
f 1708/1708/1708 1709/1709/1709 1710/1710/1710
v -3.4745179 -20.8555300 9.5240021
vt 0.5300000 0.5600000
vn -0.6960000 0.3273000 0.6392000
v -3.1090751 -22.8232990 10.9295514
vt 0.5700000 0.4200000
vn -0.6960000 0.3273000 0.6392000
v -1.8103475 -20.4788428 11.1431949
vt 0.6200000 0.5600000
vn -0.6960000 0.3273000 0.6392000
f 1711/1711/1711 1712/1712/1712 1713/1713/1713
v 0.5172421 -23.0144537 2.3557006
vt 0.3800000 0.3800000
vn -0.5146000 0.7336000 -0.4439000
v 1.1244394 -21.7719481 3.7050280
vt 0.4100000 0.4600000
vn -0.5146000 0.7336000 -0.4439000
v 1.2593722 -23.0144537 1.4955045
vt 0.4100000 0.3500000
vn -0.5146000 0.7336000 -0.4439000
f 1714/1714/1714 1715/1715/1715 1716/1716/1716
v 2.4006782 -22.8232990 4.4021804
vt 0.4600000 0.4400000
vn 0.6790000 0.7156000 -0.1639000
v 2.2207679 -23.0144537 2.8223430
vt 0.4400000 0.3800000
vn 0.6790000 0.7156000 -0.1639000
v 1.1244394 -21.7719481 3.7050280
vt 0.4100000 0.4600000
vn 0.6790000 0.7156000 -0.1639000
f 1717/1717/1717 1718/1718/1718 1719/1719/1719
v 1.1244394 -21.7719481 3.7050280
vt 0.4100000 0.4600000
vn 0.5363000 0.7493000 -0.3886000
v 2.2207679 -23.0144537 2.8223430
vt 0.4400000 0.3800000
vn 0.5363000 0.7493000 -0.3886000
v 1.2593722 -23.0144537 1.4955045
vt 0.4100000 0.3500000
vn 0.5363000 0.7493000 -0.3886000
f 1720/1720/1720 1721/1721/1721 1722/1722/1722
v 2.8448318 -21.2434616 7.2638788
vt 0.5300000 0.5600000
vn 0.9419000 0.1082000 0.3180000
v 3.0528531 -22.8232990 7.1851681
vt 0.4800000 0.4400000
vn 0.9419000 0.1082000 0.3180000
v 3.7050280 -23.0144537 5.3185986
vt 0.5000000 0.3800000
vn 0.9419000 0.1082000 0.3180000
f 1723/1723/1723 1724/1724/1724 1725/1725/1725
v 2.8448318 -21.2434616 7.2638788
vt 0.5300000 0.5600000
vn 0.4844000 0.5845000 -0.6510000
v 4.4302914 -23.0144537 6.8534584
vt 0.5300000 0.3800000
vn 0.4844000 0.5845000 -0.6510000
v 3.2721188 -22.6996107 6.2743721
vt 0.5700000 0.4200000
vn 0.4844000 0.5845000 -0.6510000
f 1726/1726/1726 1727/1727/1727 1728/1728/1728
v 2.8448318 -21.2434616 7.2638788
vt 0.5300000 0.5600000
vn 0.7483000 0.6091000 0.2627000
v 3.6825392 -22.8232990 8.5401176
vt 0.5700000 0.4200000
vn 0.7483000 0.6091000 0.2627000
v 4.4302914 -23.0144537 6.8534584
vt 0.5300000 0.3800000
vn 0.7483000 0.6091000 0.2627000
f 1729/1729/1729 1730/1730/1730 1731/1731/1731
v 2.8448318 -21.2434616 7.2638788
vt 0.5300000 0.5600000
vn 0.8896000 0.4564000 -0.0189000
v 2.6424327 -20.7543304 9.5521131
vt 0.6200000 0.5600000
vn 0.8896000 0.4564000 -0.0189000
v 3.6825392 -22.8232990 8.5401176
vt 0.5700000 0.4200000
vn 0.8896000 0.4564000 -0.0189000
f 1732/1732/1732 1733/1733/1733 1734/1734/1734
v -3.1090751 -22.8232990 10.9295514
vt 0.5700000 0.4200000
vn -0.3259000 0.0948000 0.9406000
v -2.4344114 -23.0144537 11.1825503
vt 0.6100000 0.4000000
vn -0.3259000 0.0948000 0.9406000
v -1.8103475 -20.4788428 11.1431949
vt 0.6200000 0.5600000
vn -0.3259000 0.0948000 0.9406000
f 1735/1735/1735 1736/1736/1736 1737/1737/1737
v 2.6424327 -20.7543304 9.5521131
vt 0.6200000 0.5600000
vn 0.8428000 0.5091000 -0.1745000
v 4.1042040 -23.0144537 10.0187555
vt 0.6100000 0.4000000
vn 0.8428000 0.5091000 -0.1745000
v 3.6825392 -22.8232990 8.5401176
vt 0.5700000 0.4200000
vn 0.8428000 0.5091000 -0.1745000
f 1738/1738/1738 1739/1739/1739 1740/1740/1740
v 2.6424327 -20.7543304 9.5521131
vt 0.6200000 0.5600000
vn 0.6289000 0.5251000 0.5734000
v 3.4070515 -23.0144537 10.7833743
vt 0.6700000 0.3800000
vn 0.6289000 0.5251000 0.5734000
v 4.1042040 -23.0144537 10.0187555
vt 0.6100000 0.4000000
vn 0.6289000 0.5251000 0.5734000
f 1741/1741/1741 1742/1742/1742 1743/1743/1743
v 2.6424327 -20.7543304 9.5521131
vt 0.6200000 0.5600000
vn 0.4592000 0.5397000 0.7056000
v 2.3444563 -22.8232990 11.3287275
vt 0.7100000 0.4000000
vn 0.4592000 0.5397000 0.7056000
v 3.4070515 -23.0144537 10.7833743
vt 0.6700000 0.3800000
vn 0.4592000 0.5397000 0.7056000
f 1744/1744/1744 1745/1745/1745 1746/1746/1746
v 2.6424327 -20.7543304 9.5521131
vt 0.6200000 0.5600000
vn 0.5723000 0.4852000 0.6611000
v 0.6521749 -20.2989325 10.9407958
vt 0.7400000 0.5600000
vn 0.5723000 0.4852000 0.6611000
v 2.3444563 -22.8232990 11.3287275
vt 0.7100000 0.4000000
vn 0.5723000 0.4852000 0.6611000
f 1747/1747/1747 1748/1748/1748 1749/1749/1749
v -2.4344114 -23.0144537 11.1825503
vt 0.6100000 0.4000000
vn -0.2692000 0.0812000 0.9597000
v -1.1919058 -23.0144537 11.5311266
vt 0.6700000 0.3800000
vn -0.2692000 0.0812000 0.9597000
v -1.8103475 -20.4788428 11.1431949
vt 0.6200000 0.5600000
vn -0.2692000 0.0812000 0.9597000
f 1750/1750/1750 1751/1751/1751 1752/1752/1752
v 0.6521749 -20.2989325 10.9407958
vt 0.7400000 0.5600000
vn 0.4253000 0.4092000 0.8073000
v 1.0288621 -22.1767463 11.6941703
vt 0.7400000 0.4400000
vn 0.4253000 0.4092000 0.8073000
v 2.3444563 -22.8232990 11.3287275
vt 0.7100000 0.4000000
vn 0.4253000 0.4092000 0.8073000
f 1753/1753/1753 1754/1754/1754 1755/1755/1755
v 0.6521749 -20.2989325 10.9407958
vt 0.7400000 0.5600000
vn 0.0468000 0.3924000 0.9186000
v -1.8103475 -20.4788428 11.1431949
vt 0.6200000 0.5600000
vn 0.0468000 0.3924000 0.9186000
v -0.0337332 -22.8232990 12.0539909
vt 0.7100000 0.4000000
vn 0.0468000 0.3924000 0.9186000
f 1756/1756/1756 1757/1757/1757 1758/1758/1758
v 0.6521749 -20.2989325 10.9407958
vt 0.7400000 0.5600000
vn 0.0775000 0.3846000 0.9198000
v -0.0337332 -22.8232990 12.0539909
vt 0.7100000 0.4000000
vn 0.0775000 0.3846000 0.9198000
v 1.0288621 -22.1767463 11.6941703
vt 0.7400000 0.4400000
vn 0.0775000 0.3846000 0.9198000
f 1759/1759/1759 1760/1760/1760 1761/1761/1761
v -0.0337332 -22.8232990 12.0539909
vt 0.7100000 0.4000000
vn -0.4163000 0.0374000 0.9085000
v -1.8103475 -20.4788428 11.1431949
vt 0.6200000 0.5600000
vn -0.4163000 0.0374000 0.9085000
v -1.1919058 -23.0144537 11.5311266
vt 0.6700000 0.3800000
vn -0.4163000 0.0374000 0.9085000
f 1762/1762/1762 1763/1763/1763 1764/1764/1764
v 2.3950560 -7.6096333 6.0888396
vt 0.5600000 0.3700000
vn -0.1300000 -0.9915000 -0.0024000
v -0.8770628 -7.1823463 6.7747477
vt 0.5800000 0.3700000
vn -0.1300000 -0.9915000 -0.0024000
v -1.0513509 -7.1542353 4.5933352
vt 0.5200000 0.3700000
vn -0.1300000 -0.9915000 -0.0024000
f 1765/1765/1765 1766/1766/1766 1767/1767/1767
v 2.3950560 -7.6096333 6.0888396
vt 0.5600000 0.3700000
vn -0.1493000 -0.9838000 -0.0996000
v 0.5903307 -7.5309225 8.0172533
vt 0.6100000 0.3700000
vn -0.1493000 -0.9838000 -0.0996000
v -0.8770628 -7.1823463 6.7747477
vt 0.5800000 0.3700000
vn -0.1493000 -0.9838000 -0.0996000
f 1768/1768/1768 1769/1769/1769 1770/1770/1770
v 2.3950560 -7.6096333 6.0888396
vt 0.5600000 0.3700000
vn -0.1455000 -0.9888000 0.0341000
v -1.0513509 -7.1542353 4.5933352
vt 0.5200000 0.3700000
vn -0.1455000 -0.9888000 0.0341000
v 0.5341087 -7.3903676 4.5090022
vt 0.5100000 0.3700000
vn -0.1455000 -0.9888000 0.0341000
f 1771/1771/1771 1772/1772/1772 1773/1773/1773
v 2.3950560 -7.6096333 6.0888396
vt 0.5600000 0.3700000
vn -0.3555000 -0.8864000 -0.2966000
v 3.5476065 -8.7228283 8.0341199
vt 0.6200000 0.3700000
vn -0.3555000 -0.8864000 -0.2966000
v 0.5903307 -7.5309225 8.0172533
vt 0.6100000 0.3700000
vn -0.3555000 -0.8864000 -0.2966000
f 1774/1774/1774 1775/1775/1775 1776/1776/1776
v 2.3950560 -7.6096333 6.0888396
vt 0.5600000 0.3700000
vn -0.2315000 -0.9628000 0.1391000
v 0.5341087 -7.3903676 4.5090022
vt 0.5100000 0.3700000
vn -0.2315000 -0.9628000 0.1391000
v 2.4569002 -7.8738765 4.3628251
vt 0.5100000 0.3700000
vn -0.2315000 -0.9628000 0.1391000
f 1777/1777/1777 1778/1778/1778 1779/1779/1779
v 2.3950560 -7.6096333 6.0888396
vt 0.5600000 0.3700000
vn -0.5690000 -0.8157000 0.1045000
v 2.4569002 -7.8738765 4.3628251
vt 0.5100000 0.3700000
vn -0.5690000 -0.8157000 0.1045000
v 4.6383127 -9.3581366 4.6551793
vt 0.5500000 0.3700000
vn -0.5690000 -0.8157000 0.1045000
f 1780/1780/1780 1781/1781/1781 1782/1782/1782
v 2.3950560 -7.6096333 6.0888396
vt 0.5600000 0.3700000
vn -0.6223000 -0.7825000 -0.0194000
v 4.6383127 -9.3581366 4.6551793
vt 0.5500000 0.3700000
vn -0.6223000 -0.7825000 -0.0194000
v 3.7050280 -8.6609842 6.4711490
vt 0.5900000 0.3700000
vn -0.6223000 -0.7825000 -0.0194000
f 1783/1783/1783 1784/1784/1784 1785/1785/1785
v -1.0513509 -7.1542353 4.5933352
vt 0.5200000 0.3700000
vn -0.0073000 -0.3795000 0.9252000
v -1.4561491 -7.5028115 4.4471580
vt 0.5100000 0.3700000
vn -0.0073000 -0.3795000 0.9252000
v 0.5341087 -7.3903676 4.5090022
vt 0.5100000 0.3700000
vn -0.0073000 -0.3795000 0.9252000
f 1786/1786/1786 1787/1787/1787 1788/1788/1788
v -1.0513509 -7.1542353 4.5933352
vt 0.5200000 0.3700000
vn 0.5763000 -0.7763000 0.2553000
v -1.9452802 -7.4128564 5.8245963
vt 0.5500000 0.3700000
vn 0.5763000 -0.7763000 0.2553000
v -1.4561491 -7.5028115 4.4471580
vt 0.5100000 0.3700000
vn 0.5763000 -0.7763000 0.2553000
f 1789/1789/1789 1790/1790/1790 1791/1791/1791
v 2.4569002 -7.8738765 4.3628251
vt 0.5100000 0.3700000
vn -0.5423000 -0.7080000 0.4524000
v 3.5700953 -9.2906703 3.4801401
vt 0.5100000 0.3700000
vn -0.5423000 -0.7080000 0.4524000
v 4.6383127 -9.3581366 4.6551793
vt 0.5500000 0.3700000
vn -0.5423000 -0.7080000 0.4524000
f 1792/1792/1792 1793/1793/1793 1794/1794/1794
v 3.7050280 -8.6609842 6.4711490
vt 0.5900000 0.3700000
vn -0.5945000 -0.8041000 0.0032000
v 4.6383127 -9.3581366 4.6551793
vt 0.5500000 0.3700000
vn -0.5945000 -0.8041000 0.0032000
v 5.4366647 -9.9428451 6.0326176
vt 0.6000000 0.3700000
vn -0.5945000 -0.8041000 0.0032000
f 1795/1795/1795 1796/1796/1796 1797/1797/1797
v -1.9452802 -7.4128564 5.8245963
vt 0.5500000 0.3700000
vn 0.4137000 -0.8871000 0.2048000
v -3.8006053 -8.4248519 5.1892881
vt 0.5600000 0.3700000
vn 0.4137000 -0.8871000 0.2048000
v -1.4561491 -7.5028115 4.4471580
vt 0.5100000 0.3700000
vn 0.4137000 -0.8871000 0.2048000
f 1798/1798/1798 1799/1799/1799 1800/1800/1800
v -1.9452802 -7.4128564 5.8245963
vt 0.5500000 0.3700000
vn 0.4998000 -0.8618000 -0.0868000
v -3.0472309 -8.1493642 6.7916143
vt 0.6000000 0.3700000
vn 0.4998000 -0.8618000 -0.0868000
v -3.8006053 -8.4248519 5.1892881
vt 0.5600000 0.3700000
vn 0.4998000 -0.8618000 -0.0868000
f 1801/1801/1801 1802/1802/1802 1803/1803/1803
v 3.5700953 -9.2906703 3.4801401
vt 0.5100000 0.3700000
vn -0.5836000 -0.6449000 0.4935000
v 4.0086266 -9.7348238 3.4182959
vt 0.5200000 0.3700000
vn -0.5836000 -0.6449000 0.4935000
v 4.6383127 -9.3581366 4.6551793
vt 0.5500000 0.3700000
vn -0.5836000 -0.6449000 0.4935000
f 1804/1804/1804 1805/1805/1805 1806/1806/1806
v 3.5700953 -9.2906703 3.4801401
vt 0.5100000 0.3700000
vn -0.4147000 -0.5140000 0.7509000
v 3.7275168 -11.3315279 2.1701681
vt 0.5100000 0.3700000
vn -0.4147000 -0.5140000 0.7509000
v 4.0086266 -9.7348238 3.4182959
vt 0.5200000 0.3700000
vn -0.4147000 -0.5140000 0.7509000
f 1807/1807/1807 1808/1808/1808 1809/1809/1809
v -1.4561491 -7.5028115 4.4471580
vt 0.5100000 0.3700000
vn 0.4418000 -0.8056000 0.3948000
v -3.8006053 -8.4248519 5.1892881
vt 0.5600000 0.3700000
vn 0.4418000 -0.8056000 0.3948000
v -2.8504540 -8.6834730 3.5982062
vt 0.5100000 0.3700000
vn 0.4418000 -0.8056000 0.3948000
f 1810/1810/1810 1811/1811/1811 1812/1812/1812
v -3.8006053 -8.4248519 5.1892881
vt 0.5600000 0.3700000
vn 0.4468000 -0.8017000 0.3971000
v -3.8736939 -9.2119595 3.6825392
vt 0.5300000 0.3700000
vn 0.4468000 -0.8017000 0.3971000
v -2.8504540 -8.6834730 3.5982062
vt 0.5100000 0.3700000
vn 0.4468000 -0.8017000 0.3971000
f 1813/1813/1813 1814/1814/1814 1815/1815/1815
v -3.8736939 -9.2119595 3.6825392
vt 0.5300000 0.3700000
vn 0.3702000 -0.6041000 0.7057000
v -3.4464069 -10.6512420 2.2263901
vt 0.5100000 0.3700000
vn 0.3702000 -0.6041000 0.7057000
v -2.8504540 -8.6834730 3.5982062
vt 0.5100000 0.3700000
vn 0.3702000 -0.6041000 0.7057000
f 1816/1816/1816 1817/1817/1817 1818/1818/1818
v 0.8489518 -15.8855076 -7.0952129
vt 0.5100000 0.3500000
vn 0.2324000 -0.8706000 0.4337000
v -0.5565975 -14.3450256 -3.2496300
vt 0.6200000 0.3500000
vn 0.2324000 -0.8706000 0.4337000
v -3.3339630 -16.4196164 -5.9257959
vt 0.6200000 0.3500000
vn 0.2324000 -0.8706000 0.4337000
f 1819/1819/1819 1820/1820/1820 1821/1821/1821
v 0.8489518 -15.8855076 -7.0952129
vt 0.5100000 0.3500000
vn 0.2306000 -0.8712000 0.4333000
v 3.6263172 -13.8165390 -4.4134248
vt 0.6200000 0.3500000
vn 0.2306000 -0.8712000 0.4333000
v -0.5565975 -14.3450256 -3.2496300
vt 0.6200000 0.3500000
vn 0.2306000 -0.8712000 0.4333000
f 1822/1822/1822 1823/1823/1823 1824/1824/1824
v 0.8489518 -15.8855076 -7.0952129
vt 0.5100000 0.3500000
vn 0.2325000 -0.8704000 0.4340000
v -3.3339630 -16.4196164 -5.9257959
vt 0.6200000 0.3500000
vn 0.2325000 -0.8704000 0.4340000
v -1.9227915 -17.9600984 -9.7713788
vt 0.6200000 0.3500000
vn 0.2325000 -0.8704000 0.4340000
f 1825/1825/1825 1826/1826/1826 1827/1827/1827
v 0.8489518 -15.8855076 -7.0952129
vt 0.5100000 0.3500000
vn 0.2236000 -0.8699000 0.4395000
v 5.0374887 -15.3570211 -8.1802970
vt 0.6200000 0.3500000
vn 0.2236000 -0.8699000 0.4395000
v 3.6263172 -13.8165390 -4.4134248
vt 0.6200000 0.3500000
vn 0.2236000 -0.8699000 0.4395000
f 1828/1828/1828 1829/1829/1829 1830/1830/1830
v 0.8489518 -15.8855076 -7.0952129
vt 0.5100000 0.3500000
vn 0.2228000 -0.8686000 0.4426000
v -1.9227915 -17.9600984 -9.7713788
vt 0.6200000 0.3500000
vn 0.2228000 -0.8686000 0.4426000
v 2.2601233 -17.4259897 -10.8283519
vt 0.6200000 0.3500000
vn 0.2228000 -0.8686000 0.4426000
f 1831/1831/1831 1832/1832/1832 1833/1833/1833
v 0.8489518 -15.8855076 -7.0952129
vt 0.5100000 0.3500000
vn 0.2243000 -0.8680000 0.4430000
v 2.2601233 -17.4259897 -10.8283519
vt 0.6200000 0.3500000
vn 0.2243000 -0.8680000 0.4430000
v 5.0374887 -15.3570211 -8.1802970
vt 0.6200000 0.3500000
vn 0.2243000 -0.8680000 0.4430000
f 1834/1834/1834 1835/1835/1835 1836/1836/1836
v -6.8253475 -16.1216399 8.9730268
vt 0.2900000 0.6800000
vn 0.3970000 0.2658000 0.8785000
v -4.6326905 -16.9256141 8.2252746
vt 0.3700000 0.6800000
vn 0.3970000 0.2658000 0.8785000
v -5.1218217 -13.8727610 7.5224999
vt 0.2900000 0.7400000
vn 0.3970000 0.2658000 0.8785000
f 1837/1837/1837 1838/1838/1838 1839/1839/1839
v -6.8253475 -16.1216399 8.9730268
vt 0.2900000 0.6800000
vn 0.1129000 -0.4940000 0.8621000
v -5.2961098 -17.4990782 7.9835201
vt 0.3300000 0.6600000
vn 0.1129000 -0.4940000 0.8621000
v -4.6326905 -16.9256141 8.2252746
vt 0.3700000 0.6800000
vn 0.1129000 -0.4940000 0.8621000
f 1840/1840/1840 1841/1841/1841 1842/1842/1842
v -6.8253475 -16.1216399 8.9730268
vt 0.2900000 0.6800000
vn -0.6626000 0.6899000 0.2914000
v -5.1218217 -13.8727610 7.5224999
vt 0.2900000 0.7400000
vn -0.6626000 0.6899000 0.2914000
v -7.4943889 -15.7786859 6.6398149
vt 0.3700000 0.6800000
vn -0.6626000 0.6899000 0.2914000
f 1843/1843/1843 1844/1844/1844 1845/1845/1845
v -6.8253475 -16.1216399 8.9730268
vt 0.2900000 0.6800000
vn 0.1087000 -0.4975000 0.8606000
v -6.8928138 -16.9143697 8.5232510
vt 0.2900000 0.6600000
vn 0.1087000 -0.4975000 0.8606000
v -5.2961098 -17.4990782 7.9835201
vt 0.3300000 0.6600000
vn 0.1087000 -0.4975000 0.8606000
f 1846/1846/1846 1847/1847/1847 1848/1848/1848
v -6.8253475 -16.1216399 8.9730268
vt 0.2900000 0.6800000
vn -0.9617000 -0.0666000 0.2660000
v -7.4943889 -15.7786859 6.6398149
vt 0.3700000 0.6800000
vn -0.9617000 -0.0666000 0.2660000
v -7.3819450 -16.6613708 6.8253475
vt 0.3300000 0.6600000
vn -0.9617000 -0.0666000 0.2660000
f 1849/1849/1849 1850/1850/1850 1851/1851/1851
v -6.8253475 -16.1216399 8.9730268
vt 0.2900000 0.6800000
vn -0.9613000 -0.0694000 0.2666000
v -7.3819450 -16.6613708 6.8253475
vt 0.3300000 0.6600000
vn -0.9613000 -0.0694000 0.2666000
v -6.8928138 -16.9143697 8.5232510
vt 0.2900000 0.6600000
vn -0.9613000 -0.0694000 0.2666000
f 1852/1852/1852 1853/1853/1853 1854/1854/1854
v -4.6326905 -16.9256141 8.2252746
vt 0.3700000 0.6800000
vn 0.9605000 0.0936000 -0.2619000
v -5.3017320 -16.5882823 5.8920627
vt 0.2900000 0.6800000
vn 0.9605000 0.0936000 -0.2619000
v -5.1218217 -13.8727610 7.5224999
vt 0.2900000 0.7400000
vn 0.9605000 0.0936000 -0.2619000
f 1855/1855/1855 1856/1856/1856 1857/1857/1857
v -4.6326905 -16.9256141 8.2252746
vt 0.3700000 0.6800000
vn 0.6841000 -0.6680000 -0.2928000
v -5.2961098 -17.4990782 7.9835201
vt 0.3300000 0.6600000
vn 0.6841000 -0.6680000 -0.2928000
v -5.3017320 -16.5882823 5.8920627
vt 0.2900000 0.6800000
vn 0.6841000 -0.6680000 -0.2928000
f 1858/1858/1858 1859/1859/1859 1860/1860/1860
v -5.1218217 -13.8727610 7.5224999
vt 0.2900000 0.7400000
vn -0.0990000 0.5170000 -0.8502000
v -5.3017320 -16.5882823 5.8920627
vt 0.2900000 0.6800000
vn -0.0990000 0.5170000 -0.8502000
v -7.4943889 -15.7786859 6.6398149
vt 0.3700000 0.6800000
vn -0.0990000 0.5170000 -0.8502000
f 1861/1861/1861 1862/1862/1862 1863/1863/1863
v -7.3819450 -16.6613708 6.8253475
vt 0.3300000 0.6600000
vn -0.8541000 -0.4905000 0.1730000
v -6.6117040 -17.8082991 7.3763228
vt 0.2900000 0.6300000
vn -0.8541000 -0.4905000 0.1730000
v -6.8928138 -16.9143697 8.5232510
vt 0.2900000 0.6600000
vn -0.8541000 -0.4905000 0.1730000
f 1864/1864/1864 1865/1865/1865 1866/1866/1866
v -7.3819450 -16.6613708 6.8253475
vt 0.3300000 0.6600000
vn -0.3885000 -0.2367000 -0.8905000
v -7.4943889 -15.7786859 6.6398149
vt 0.3700000 0.6800000
vn -0.3885000 -0.2367000 -0.8905000
v -5.7852410 -17.2517016 6.2856165
vt 0.2900000 0.6600000
vn -0.3885000 -0.2367000 -0.8905000
f 1867/1867/1867 1868/1868/1868 1869/1869/1869
v -7.3819450 -16.6613708 6.8253475
vt 0.3300000 0.6600000
vn -0.4469000 -0.6131000 -0.6515000
v -5.7852410 -17.2517016 6.2856165
vt 0.2900000 0.6600000
vn -0.4469000 -0.6131000 -0.6515000
v -6.6117040 -17.8082991 7.3763228
vt 0.2900000 0.6300000
vn -0.4469000 -0.6131000 -0.6515000
f 1870/1870/1870 1871/1871/1871 1872/1872/1872
v -5.7852410 -17.2517016 6.2856165
vt 0.2900000 0.6600000
vn 0.6810000 -0.6707000 -0.2939000
v -5.3017320 -16.5882823 5.8920627
vt 0.2900000 0.6800000
vn 0.6810000 -0.6707000 -0.2939000
v -5.2961098 -17.4990782 7.9835201
vt 0.3300000 0.6600000
vn 0.6810000 -0.6707000 -0.2939000
f 1873/1873/1873 1874/1874/1874 1875/1875/1875
v -5.7852410 -17.2517016 6.2856165
vt 0.2900000 0.6600000
vn -0.3918000 -0.2411000 -0.8879000
v -7.4943889 -15.7786859 6.6398149
vt 0.3700000 0.6800000
vn -0.3918000 -0.2411000 -0.8879000
v -5.3017320 -16.5882823 5.8920627
vt 0.2900000 0.6800000
vn -0.3918000 -0.2411000 -0.8879000
f 1876/1876/1876 1877/1877/1877 1878/1878/1878
v -5.7852410 -17.2517016 6.2856165
vt 0.2900000 0.6600000
vn 0.3207000 -0.9197000 -0.2264000
v -5.2961098 -17.4990782 7.9835201
vt 0.3300000 0.6600000
vn 0.3207000 -0.9197000 -0.2264000
v -6.6117040 -17.8082991 7.3763228
vt 0.2900000 0.6300000
vn 0.3207000 -0.9197000 -0.2264000
f 1879/1879/1879 1880/1880/1880 1881/1881/1881
v -6.6117040 -17.8082991 7.3763228
vt 0.2900000 0.6300000
vn -0.0892000 -0.7961000 0.5986000
v -5.2961098 -17.4990782 7.9835201
vt 0.3300000 0.6600000
vn -0.0892000 -0.7961000 0.5986000
v -6.8928138 -16.9143697 8.5232510
vt 0.2900000 0.6600000
vn -0.0892000 -0.7961000 0.5986000
f 1882/1882/1882 1883/1883/1883 1884/1884/1884
v 6.6847925 -17.0155693 5.7402634
vt 0.3700000 0.6800000
vn 0.8196000 0.5652000 0.0938000
v 4.9925112 -14.8229123 7.3144786
vt 0.2900000 0.7400000
vn 0.8196000 0.5652000 0.0938000
v 6.6510593 -17.3697677 8.1690526
vt 0.2900000 0.6800000
vn 0.8196000 0.5652000 0.0938000
f 1885/1885/1885 1886/1886/1886 1887/1887/1887
v 6.6847925 -17.0155693 5.7402634
vt 0.3700000 0.6800000
vn -0.0629000 0.5496000 -0.8331000
v 4.2672477 -17.4372341 5.6446860
vt 0.2900000 0.6800000
vn -0.0629000 0.5496000 -0.8331000
v 4.9925112 -14.8229123 7.3144786
vt 0.2900000 0.7400000
vn -0.0629000 0.5496000 -0.8331000
f 1888/1888/1888 1889/1889/1889 1890/1890/1890
v 6.6847925 -17.0155693 5.7402634
vt 0.3700000 0.6800000
vn 0.9731000 -0.2297000 -0.0200000
v 6.6510593 -17.3697677 8.1690526
vt 0.2900000 0.6800000
vn 0.9731000 -0.2297000 -0.0200000
v 6.4599046 -18.1400087 7.7136546
vt 0.2900000 0.6600000
vn 0.9731000 -0.2297000 -0.0200000
f 1891/1891/1891 1892/1892/1892 1893/1893/1893
v 6.6847925 -17.0155693 5.7402634
vt 0.3700000 0.6800000
vn 0.0821000 -0.2520000 -0.9642000
v 4.7282679 -18.1906085 5.8808183
vt 0.2900000 0.6600000
vn 0.0821000 -0.2520000 -0.9642000
v 4.2672477 -17.4372341 5.6446860
vt 0.2900000 0.6800000
vn 0.0821000 -0.2520000 -0.9642000
f 1894/1894/1894 1895/1895/1895 1896/1896/1896
v 6.6847925 -17.0155693 5.7402634
vt 0.3700000 0.6800000
vn 0.9741000 -0.2256000 -0.0175000
v 6.4599046 -18.1400087 7.7136546
vt 0.2900000 0.6600000
vn 0.9741000 -0.2256000 -0.0175000
v 6.4880156 -17.8813877 5.9482847
vt 0.3300000 0.6600000
vn 0.9741000 -0.2256000 -0.0175000
f 1897/1897/1897 1898/1898/1898 1899/1899/1899
v 6.6847925 -17.0155693 5.7402634
vt 0.3700000 0.6800000
vn 0.0810000 -0.2502000 -0.9648000
v 6.4880156 -17.8813877 5.9482847
vt 0.3300000 0.6600000
vn 0.0810000 -0.2502000 -0.9648000
v 4.7282679 -18.1906085 5.8808183
vt 0.2900000 0.6600000
vn 0.0810000 -0.2502000 -0.9648000
f 1900/1900/1900 1901/1901/1901 1902/1902/1902
v 4.9925112 -14.8229123 7.3144786
vt 0.2900000 0.7400000
vn -0.0851000 0.2667000 0.9600000
v 4.2335145 -17.7970547 8.0734752
vt 0.3700000 0.6800000
vn -0.0851000 0.2667000 0.9600000
v 6.6510593 -17.3697677 8.1690526
vt 0.2900000 0.6800000
vn -0.0851000 0.2667000 0.9600000
f 1903/1903/1903 1904/1904/1904 1905/1905/1905
v 4.9925112 -14.8229123 7.3144786
vt 0.2900000 0.7400000
vn -0.9672000 0.2530000 0.0240000
v 4.2672477 -17.4372341 5.6446860
vt 0.2900000 0.6800000
vn -0.9672000 0.2530000 0.0240000
v 4.2335145 -17.7970547 8.0734752
vt 0.3700000 0.6800000
vn -0.9672000 0.2530000 0.0240000
f 1906/1906/1906 1907/1907/1907 1908/1908/1908
v 6.4599046 -18.1400087 7.7136546
vt 0.2900000 0.6600000
vn 0.7801000 -0.6207000 -0.0785000
v 5.7346412 -18.9214941 6.6847925
vt 0.2900000 0.6300000
vn 0.7801000 -0.6207000 -0.0785000
v 6.4880156 -17.8813877 5.9482847
vt 0.3300000 0.6600000
vn 0.7801000 -0.6207000 -0.0785000
f 1909/1909/1909 1910/1910/1910 1911/1911/1911
v 6.4599046 -18.1400087 7.7136546
vt 0.2900000 0.6600000
vn 0.0587000 -0.5188000 0.8529000
v 6.6510593 -17.3697677 8.1690526
vt 0.2900000 0.6800000
vn 0.0587000 -0.5188000 0.8529000
v 4.7057791 -18.4492296 7.6461883
vt 0.3300000 0.6600000
vn 0.0587000 -0.5188000 0.8529000
f 1912/1912/1912 1913/1913/1913 1914/1914/1914
v 6.4599046 -18.1400087 7.7136546
vt 0.2900000 0.6600000
vn 0.1256000 -0.8307000 0.5424000
v 4.7057791 -18.4492296 7.6461883
vt 0.3300000 0.6600000
vn 0.1256000 -0.8307000 0.5424000
v 5.7346412 -18.9214941 6.6847925
vt 0.2900000 0.6300000
vn 0.1256000 -0.8307000 0.5424000
f 1915/1915/1915 1916/1916/1916 1917/1917/1917
v 4.7057791 -18.4492296 7.6461883
vt 0.3300000 0.6600000
vn -0.8367000 -0.5402000 -0.0898000
v 4.2672477 -17.4372341 5.6446860
vt 0.2900000 0.6800000
vn -0.8367000 -0.5402000 -0.0898000
v 4.7282679 -18.1906085 5.8808183
vt 0.2900000 0.6600000
vn -0.8367000 -0.5402000 -0.0898000
f 1918/1918/1918 1919/1919/1919 1920/1920/1920
v 4.7057791 -18.4492296 7.6461883
vt 0.3300000 0.6600000
vn 0.0577000 -0.5175000 0.8537000
v 6.6510593 -17.3697677 8.1690526
vt 0.2900000 0.6800000
vn 0.0577000 -0.5175000 0.8537000
v 4.2335145 -17.7970547 8.0734752
vt 0.3700000 0.6800000
vn 0.0577000 -0.5175000 0.8537000
f 1921/1921/1921 1922/1922/1922 1923/1923/1923
v 4.7057791 -18.4492296 7.6461883
vt 0.3300000 0.6600000
vn -0.5120000 -0.8490000 -0.1309000
v 4.7282679 -18.1906085 5.8808183
vt 0.2900000 0.6600000
vn -0.5120000 -0.8490000 -0.1309000
v 5.7346412 -18.9214941 6.6847925
vt 0.2900000 0.6300000
vn -0.5120000 -0.8490000 -0.1309000
f 1924/1924/1924 1925/1925/1925 1926/1926/1926
v 4.7057791 -18.4492296 7.6461883
vt 0.3300000 0.6600000
vn -0.8342000 -0.5437000 -0.0921000
v 4.2335145 -17.7970547 8.0734752
vt 0.3700000 0.6800000
vn -0.8342000 -0.5437000 -0.0921000
v 4.2672477 -17.4372341 5.6446860
vt 0.2900000 0.6800000
vn -0.8342000 -0.5437000 -0.0921000
f 1927/1927/1927 1928/1928/1928 1929/1929/1929
v 5.7346412 -18.9214941 6.6847925
vt 0.2900000 0.6300000
vn 0.1412000 -0.6382000 -0.7568000
v 4.7282679 -18.1906085 5.8808183
vt 0.2900000 0.6600000
vn 0.1412000 -0.6382000 -0.7568000
v 6.4880156 -17.8813877 5.9482847
vt 0.3300000 0.6600000
vn 0.1412000 -0.6382000 -0.7568000
f 1930/1930/1930 1931/1931/1931 1932/1932/1932
v -1.0963285 -14.1876041 11.2500167
vt 0.8700000 0.5600000
vn 0.2720000 -0.9445000 0.1845000
v -1.2031502 -13.9514718 12.6162106
vt 0.7600000 0.5600000
vn 0.2720000 -0.9445000 0.1845000
v -3.0809641 -14.5811579 12.1608126
vt 0.8500000 0.4500000
vn 0.2720000 -0.9445000 0.1845000
f 1933/1933/1933 1934/1934/1934 1935/1935/1935
v -1.0963285 -14.1876041 11.2500167
vt 0.8700000 0.5600000
vn -0.9442000 0.3040000 -0.1264000
v -1.8328363 -15.9304852 12.5599887
vt 0.8500000 0.4500000
vn -0.9442000 0.3040000 -0.1264000
v -1.2031502 -13.9514718 12.6162106
vt 0.7600000 0.5600000
vn -0.9442000 0.3040000 -0.1264000
f 1936/1936/1936 1937/1937/1937 1938/1938/1938
v -1.0963285 -14.1876041 11.2500167
vt 0.8700000 0.5600000
vn 0.4373000 -0.5383000 0.7204000
v -3.0809641 -14.5811579 12.1608126
vt 0.8500000 0.4500000
vn 0.4373000 -0.5383000 0.7204000
v -4.0086266 -15.2670659 12.2114124
vt 0.8800000 0.4100000
vn 0.4373000 -0.5383000 0.7204000
f 1939/1939/1939 1940/1940/1940 1941/1941/1941
v -1.0963285 -14.1876041 11.2500167
vt 0.8700000 0.5600000
vn -0.6356000 0.6172000 0.4638000
v -2.7267657 -16.8300368 12.5318777
vt 0.8800000 0.4100000
vn -0.6356000 0.6172000 0.4638000
v -1.8328363 -15.9304852 12.5599887
vt 0.8500000 0.4500000
vn -0.6356000 0.6172000 0.4638000
f 1942/1942/1942 1943/1943/1943 1944/1944/1944
v -1.0963285 -14.1876041 11.2500167
vt 0.8700000 0.5600000
vn 0.3376000 -0.0753000 0.9383000
v -4.0086266 -15.2670659 12.2114124
vt 0.8800000 0.4100000
vn 0.3376000 -0.0753000 0.9383000
v -3.0191199 -15.7337083 11.8178586
vt 0.9500000 0.4700000
vn 0.3376000 -0.0753000 0.9383000
f 1945/1945/1945 1946/1946/1946 1947/1947/1947
v -1.0963285 -14.1876041 11.2500167
vt 0.8700000 0.5600000
vn -0.1591000 0.5086000 0.8461000
v -3.0191199 -15.7337083 11.8178586
vt 0.9500000 0.4700000
vn -0.1591000 0.5086000 0.8461000
v -2.7267657 -16.8300368 12.5318777
vt 0.8800000 0.4100000
vn -0.1591000 0.5086000 0.8461000
f 1948/1948/1948 1949/1949/1949 1950/1950/1950
v -1.2031502 -13.9514718 12.6162106
vt 0.7600000 0.5600000
vn 0.3735000 -0.8570000 -0.3551000
v -2.0689686 -14.4406029 12.8860761
vt 0.7700000 0.4600000
vn 0.3735000 -0.8570000 -0.3551000
v -3.0809641 -14.5811579 12.1608126
vt 0.8500000 0.4500000
vn 0.3735000 -0.8570000 -0.3551000
f 1951/1951/1951 1952/1952/1952 1953/1953/1953
v -1.2031502 -13.9514718 12.6162106
vt 0.7600000 0.5600000
vn -0.9481000 0.3043000 -0.0919000
v -1.8328363 -15.9304852 12.5599887
vt 0.8500000 0.4500000
vn -0.9481000 0.3043000 -0.0919000
v -1.5685930 -14.9747117 12.9985200
vt 0.7700000 0.4600000
vn -0.9481000 0.3043000 -0.0919000
f 1954/1954/1954 1955/1955/1955 1956/1956/1956
v -4.0086266 -15.2670659 12.2114124
vt 0.8800000 0.4100000
vn 0.1225000 -0.4751000 0.8714000
v -4.0367376 -15.9754628 11.8291030
vt 0.9400000 0.4100000
vn 0.1225000 -0.4751000 0.8714000
v -3.0191199 -15.7337083 11.8178586
vt 0.9500000 0.4700000
vn 0.1225000 -0.4751000 0.8714000
f 1957/1957/1957 1958/1958/1958 1959/1959/1959
v -4.0086266 -15.2670659 12.2114124
vt 0.8800000 0.4100000
vn 0.2212000 -0.4700000 0.8545000
v -4.4190470 -15.5931534 12.1383239
vt 0.8900000 0.3900000
vn 0.2212000 -0.4700000 0.8545000
v -4.0367376 -15.9754628 11.8291030
vt 0.9400000 0.4100000
vn 0.2212000 -0.4700000 0.8545000
f 1960/1960/1960 1961/1961/1961 1962/1962/1962
v -2.7267657 -16.8300368 12.5318777
vt 0.8800000 0.4100000
vn -0.6396000 0.2924000 0.7109000
v -3.0191199 -15.7337083 11.8178586
vt 0.9500000 0.4700000
vn -0.6396000 0.2924000 0.7109000
v -3.4351625 -16.7119706 11.8459696
vt 0.9400000 0.4100000
vn -0.6396000 0.2924000 0.7109000
f 1963/1963/1963 1964/1964/1964 1965/1965/1965
v -2.7267657 -16.8300368 12.5318777
vt 0.8800000 0.4100000
vn -0.4730000 0.6455000 0.5996000
v -3.4351625 -16.7119706 11.8459696
vt 0.9400000 0.4100000
vn -0.4730000 0.6455000 0.5996000
v -3.6881614 -17.3360345 12.3182342
vt 0.9100000 0.3600000
vn -0.4730000 0.6455000 0.5996000
f 1966/1966/1966 1967/1967/1967 1968/1968/1968
v -2.0689686 -14.4406029 12.8860761
vt 0.7700000 0.4600000
vn 0.5529000 -0.4853000 -0.6774000
v -2.6761659 -14.8341567 12.6724326
vt 0.7900000 0.4400000
vn 0.5529000 -0.4853000 -0.6774000
v -3.0809641 -14.5811579 12.1608126
vt 0.8500000 0.4500000
vn 0.5529000 -0.4853000 -0.6774000
f 1969/1969/1969 1970/1970/1970 1971/1971/1971
v -1.8328363 -15.9304852 12.5599887
vt 0.8500000 0.4500000
vn -0.8099000 0.4144000 -0.4151000
v -1.9396581 -15.6999751 12.9985200
vt 0.7900000 0.4400000
vn -0.8099000 0.4144000 -0.4151000
v -1.5685930 -14.9747117 12.9985200
vt 0.7700000 0.4600000
vn -0.8099000 0.4144000 -0.4151000
f 1972/1972/1972 1973/1973/1973 1974/1974/1974
v -1.8328363 -15.9304852 12.5599887
vt 0.8500000 0.4500000
vn -0.7224000 0.5238000 -0.4513000
v -2.1195684 -16.2678170 12.6274550
vt 0.8300000 0.4300000
vn -0.7224000 0.5238000 -0.4513000
v -1.9396581 -15.6999751 12.9985200
vt 0.7900000 0.4400000
vn -0.7224000 0.5238000 -0.4513000
f 1975/1975/1975 1976/1976/1976 1977/1977/1977
v -4.0367376 -15.9754628 11.8291030
vt 0.9400000 0.4100000
vn 0.3653000 -0.3367000 0.8679000
v -4.4190470 -15.5931534 12.1383239
vt 0.8900000 0.3900000
vn 0.3653000 -0.3367000 0.8679000
v -4.7676233 -16.0148182 12.1214573
vt 0.9100000 0.3600000
vn 0.3653000 -0.3367000 0.8679000
f 1978/1978/1978 1979/1979/1979 1980/1980/1980
v -2.6761659 -14.8341567 12.6724326
vt 0.7900000 0.4400000
vn 0.2933000 -0.7443000 -0.6001000
v -3.3227186 -14.8622677 12.3913227
vt 0.8300000 0.4300000
vn 0.2933000 -0.7443000 -0.6001000
v -3.0809641 -14.5811579 12.1608126
vt 0.8500000 0.4500000
vn 0.2933000 -0.7443000 -0.6001000
f 1981/1981/1981 1982/1982/1982 1983/1983/1983
v 3.9242937 -15.5369314 9.7376456
vt 0.8700000 0.5600000
vn -0.5232000 -0.7737000 0.3572000
v 5.9707735 -16.5601713 10.5191311
vt 0.8500000 0.4500000
vn -0.5232000 -0.7737000 0.3572000
v 4.5652242 -15.2670659 11.2612611
vt 0.7600000 0.5600000
vn -0.5232000 -0.7737000 0.3572000
f 1984/1984/1984 1985/1985/1985 1986/1986/1986
v 3.9242937 -15.5369314 9.7376456
vt 0.8700000 0.5600000
vn -0.4353000 -0.2003000 0.8777000
v 6.4936378 -17.6227666 10.5359976
vt 0.8800000 0.4100000
vn -0.4353000 -0.2003000 0.8777000
v 5.9707735 -16.5601713 10.5191311
vt 0.8500000 0.4500000
vn -0.4353000 -0.2003000 0.8777000
f 1987/1987/1987 1988/1988/1988 1989/1989/1989
v 3.9242937 -15.5369314 9.7376456
vt 0.8700000 0.5600000
vn 0.9238000 -0.0538000 -0.3791000
v 4.5652242 -15.2670659 11.2612611
vt 0.7600000 0.5600000
vn 0.9238000 -0.0538000 -0.3791000
v 4.4190470 -17.3416567 11.1994169
vt 0.8500000 0.4500000
vn 0.9238000 -0.0538000 -0.3791000
f 1990/1990/1990 1991/1991/1991 1992/1992/1992
v 3.9242937 -15.5369314 9.7376456
vt 0.8700000 0.5600000
vn -0.4695000 -0.2548000 0.8454000
v 5.0149999 -17.7520771 9.6758015
vt 0.9500000 0.4700000
vn -0.4695000 -0.2548000 0.8454000
v 6.4936378 -17.6227666 10.5359976
vt 0.8800000 0.4100000
vn -0.4695000 -0.2548000 0.8454000
f 1993/1993/1993 1994/1994/1994 1995/1995/1995
v 3.9242937 -15.5369314 9.7376456
vt 0.8700000 0.5600000
vn 0.9582000 0.2847000 0.0272000
v 4.4190470 -17.3416567 11.1994169
vt 0.8500000 0.4500000
vn 0.9582000 0.2847000 0.0272000
v 4.7563789 -18.4717184 11.1431949
vt 0.8800000 0.4100000
vn 0.9582000 0.2847000 0.0272000
f 1996/1996/1996 1997/1997/1997 1998/1998/1998
v 3.9242937 -15.5369314 9.7376456
vt 0.8700000 0.5600000
vn 0.8448000 0.4063000 0.3481000
v 4.7563789 -18.4717184 11.1431949
vt 0.8800000 0.4100000
vn 0.8448000 0.4063000 0.3481000
v 5.0149999 -17.7520771 9.6758015
vt 0.9500000 0.4700000
vn 0.8448000 0.4063000 0.3481000
f 1999/1999/1999 2000/2000/2000 2001/2001/2001
v 5.9707735 -16.5601713 10.5191311
vt 0.8500000 0.4500000
vn -0.6441000 -0.7582000 0.1011000
v 5.4197981 -15.9361074 11.6885481
vt 0.7700000 0.4600000
vn -0.6441000 -0.7582000 0.1011000
v 4.5652242 -15.2670659 11.2612611
vt 0.7600000 0.5600000
vn -0.6441000 -0.7582000 0.1011000
f 2002/2002/2002 2003/2003/2003 2004/2004/2004
v 5.9707735 -16.5601713 10.5191311
vt 0.8500000 0.4500000
vn -0.7412000 -0.6712000 0.0089000
v 5.9201737 -16.4870827 11.8122364
vt 0.7900000 0.4400000
vn -0.7412000 -0.6712000 0.0089000
v 5.4197981 -15.9361074 11.6885481
vt 0.7700000 0.4600000
vn -0.7412000 -0.6712000 0.0089000
f 2005/2005/2005 2006/2006/2006 2007/2007/2007
v 5.9707735 -16.5601713 10.5191311
vt 0.8500000 0.4500000
vn -0.7779000 -0.6284000 0.0051000
v 6.2237724 -16.8693921 11.0138844
vt 0.8300000 0.4300000
vn -0.7779000 -0.6284000 0.0051000
v 5.9201737 -16.4870827 11.8122364
vt 0.7900000 0.4400000
vn -0.7779000 -0.6284000 0.0051000
f 2008/2008/2008 2009/2009/2009 2010/2010/2010
v 6.4936378 -17.6227666 10.5359976
vt 0.8800000 0.4100000
vn -0.4559000 -0.3175000 0.8314000
v 5.0149999 -17.7520771 9.6758015
vt 0.9500000 0.4700000
vn -0.4559000 -0.3175000 0.8314000
v 5.9876401 -18.3536522 9.9794001
vt 0.9400000 0.4100000
vn -0.4559000 -0.3175000 0.8314000
f 2011/2011/2011 2012/2012/2012 2013/2013/2013
v 6.4936378 -17.6227666 10.5359976
vt 0.8800000 0.4100000
vn -0.4251000 -0.3435000 0.8375000
v 5.9876401 -18.3536522 9.9794001
vt 0.9400000 0.4100000
vn -0.4251000 -0.3435000 0.8375000
v 6.6960369 -18.1062755 10.4404203
vt 0.8900000 0.3900000
vn -0.4251000 -0.3435000 0.8375000
f 2014/2014/2014 2015/2015/2015 2016/2016/2016
v 4.4190470 -17.3416567 11.1994169
vt 0.8500000 0.4500000
vn 0.9216000 -0.0535000 -0.3845000
v 4.5652242 -15.2670659 11.2612611
vt 0.7600000 0.5600000
vn 0.9216000 -0.0535000 -0.3845000
v 4.8013564 -16.2509504 11.9640357
vt 0.7700000 0.4600000
vn 0.9216000 -0.0535000 -0.3845000
f 2017/2017/2017 2018/2018/2018 2019/2019/2019
v 4.4190470 -17.3416567 11.1994169
vt 0.8500000 0.4500000
vn 0.8917000 0.0048000 -0.4527000
v 4.8013564 -16.2509504 11.9640357
vt 0.7700000 0.4600000
vn 0.8917000 0.0048000 -0.4527000
v 4.9138004 -16.9874583 12.1776792
vt 0.7900000 0.4400000
vn 0.8917000 0.0048000 -0.4527000
f 2020/2020/2020 2021/2021/2021 2022/2022/2022
v 4.4190470 -17.3416567 11.1994169
vt 0.8500000 0.4500000
vn 0.8971000 -0.0374000 -0.4402000
v 4.9138004 -16.9874583 12.1776792
vt 0.7900000 0.4400000
vn 0.8971000 -0.0374000 -0.4402000
v 4.6158239 -17.6508776 11.6267039
vt 0.8300000 0.4300000
vn 0.8971000 -0.0374000 -0.4402000
f 2023/2023/2023 2024/2024/2024 2025/2025/2025
v 4.7563789 -18.4717184 11.1431949
vt 0.8800000 0.4100000
vn 0.8845000 0.3380000 0.3216000
v 5.1724215 -18.7472060 10.2886210
vt 0.9400000 0.4100000
vn 0.8845000 0.3380000 0.3216000
v 5.0149999 -17.7520771 9.6758015
vt 0.9500000 0.4700000
vn 0.8845000 0.3380000 0.3216000
f 2026/2026/2026 2027/2027/2027 2028/2028/2028
v 4.7563789 -18.4717184 11.1431949
vt 0.8800000 0.4100000
vn 0.8567000 0.4352000 0.2768000
v 5.3129764 -19.3600255 10.8171075
vt 0.9100000 0.3600000
vn 0.8567000 0.4352000 0.2768000
v 5.1724215 -18.7472060 10.2886210
vt 0.9400000 0.4100000
vn 0.8567000 0.4352000 0.2768000
f 2029/2029/2029 2030/2030/2030 2031/2031/2031
v 5.9876401 -18.3536522 9.9794001
vt 0.9400000 0.4100000
vn -0.4346000 -0.3225000 0.8409000
v 6.7635033 -18.6516287 10.2661322
vt 0.9100000 0.3600000
vn -0.4346000 -0.3225000 0.8409000
v 6.6960369 -18.1062755 10.4404203
vt 0.8900000 0.3900000
vn -0.4346000 -0.3225000 0.8409000
f 2032/2032/2032 2033/2033/2033 2034/2034/2034
v -2.2263901 -16.7513260 8.7144057
vt 0.1500000 0.3900000
vn 0.4512000 0.4073000 0.7940000
v -2.8785650 -17.0043249 9.2147813
vt 0.2200000 0.3900000
vn 0.4512000 0.4073000 0.7940000
v -2.9628979 -17.8645211 9.7039124
vt 0.2700000 0.5300000
vn 0.4512000 0.4073000 0.7940000
f 2035/2035/2035 2036/2036/2036 2037/2037/2037
v -2.2263901 -16.7513260 8.7144057
vt 0.1500000 0.3900000
vn 0.6516000 -0.3122000 0.6914000
v -3.5026289 -16.3521500 10.0974663
vt 0.2700000 0.3200000
vn 0.6516000 -0.3122000 0.6914000
v -2.8785650 -17.0043249 9.2147813
vt 0.2200000 0.3900000
vn 0.6516000 -0.3122000 0.6914000
f 2038/2038/2038 2039/2039/2039 2040/2040/2040
v -2.2263901 -16.7513260 8.7144057
vt 0.1500000 0.3900000
vn 0.8916000 -0.3984000 0.2154000
v -2.9628979 -17.8645211 9.7039124
vt 0.2700000 0.5300000
vn 0.8916000 -0.3984000 0.2154000
v -2.5412332 -17.9938316 7.7192768
vt 0.1800000 0.5700000
vn 0.8916000 -0.3984000 0.2154000
f 2041/2041/2041 2042/2042/2042 2043/2043/2043
v -2.2263901 -16.7513260 8.7144057
vt 0.1500000 0.3900000
vn -0.4961000 -0.8413000 -0.2150000
v -2.3275897 -16.9818361 9.8500896
vt 0.1900000 0.2600000
vn -0.4961000 -0.8413000 -0.2150000
v -3.5026289 -16.3521500 10.0974663
vt 0.2700000 0.3200000
vn -0.4961000 -0.8413000 -0.2150000
f 2044/2044/2044 2045/2045/2045 2046/2046/2046
v -2.2263901 -16.7513260 8.7144057
vt 0.1500000 0.3900000
vn 0.5528000 -0.6018000 0.5765000
v -2.5412332 -17.9938316 7.7192768
vt 0.1800000 0.5700000
vn 0.5528000 -0.6018000 0.5765000
v -1.6248150 -17.4428563 7.4156782
vt 0.0900000 0.5300000
vn 0.5528000 -0.6018000 0.5765000
f 2047/2047/2047 2048/2048/2048 2049/2049/2049
v -2.2263901 -16.7513260 8.7144057
vt 0.1500000 0.3900000
vn 0.1494000 -0.9715000 -0.1839000
v -0.9838845 -16.7007262 9.4565358
vt 0.0900000 0.2900000
vn 0.1494000 -0.9715000 -0.1839000
v -2.3275897 -16.9818361 9.8500896
vt 0.1900000 0.2600000
vn 0.1494000 -0.9715000 -0.1839000
f 2050/2050/2050 2051/2051/2051 2052/2052/2052
v -2.5412332 -17.9938316 7.7192768
vt 0.1800000 0.5700000
vn 0.5623000 -0.7722000 0.2958000
v -2.9122982 -18.7528282 6.4430380
vt 0.1600000 0.6800000
vn 0.5623000 -0.7722000 0.2958000
v -1.6248150 -17.4428563 7.4156782
vt 0.0900000 0.5300000
vn 0.5623000 -0.7722000 0.2958000
f 2053/2053/2053 2054/2054/2054 2055/2055/2055
v -0.9838845 -16.7007262 9.4565358
vt 0.0900000 0.2900000
vn -0.0409000 -0.7418000 -0.6694000
v -0.3654428 -18.1400087 11.0138844
vt 0.0900000 0.1400000
vn -0.0409000 -0.7418000 -0.6694000
v -2.3275897 -16.9818361 9.8500896
vt 0.1900000 0.2600000
vn -0.0409000 -0.7418000 -0.6694000
f 2056/2056/2056 2057/2057/2057 2058/2058/2058
v -0.9838845 -16.7007262 9.4565358
vt 0.0900000 0.2900000
vn -0.1864000 -0.7573000 -0.6259000
v 0.7083969 -17.7352105 10.2042880
vt 0.0100000 0.1900000
vn -0.1864000 -0.7573000 -0.6259000
v -0.3654428 -18.1400087 11.0138844
vt 0.0900000 0.1400000
vn -0.1864000 -0.7573000 -0.6259000
f 2059/2059/2059 2060/2060/2060 2061/2061/2061
v -2.9122982 -18.7528282 6.4430380
vt 0.1600000 0.6800000
vn 0.3409000 -0.7530000 0.5628000
v -1.5854596 -18.3873854 6.1281950
vt 0.0600000 0.6500000
vn 0.3409000 -0.7530000 0.5628000
v -1.6248150 -17.4428563 7.4156782
vt 0.0900000 0.5300000
vn 0.3409000 -0.7530000 0.5628000
f 2062/2062/2062 2063/2063/2063 2064/2064/2064
v -2.3275897 -16.9818361 9.8500896
vt 0.1900000 0.2600000
vn 0.0552000 -0.6597000 -0.7495000
v -0.3654428 -18.1400087 11.0138844
vt 0.0900000 0.1400000
vn 0.0552000 -0.6597000 -0.7495000
v -1.8665695 -18.5785401 11.2893721
vt 0.1900000 0.0900000
vn 0.0552000 -0.6597000 -0.7495000
f 2065/2065/2065 2066/2066/2066 2067/2067/2067
v 0.7083969 -17.7352105 10.2042880
vt 0.0100000 0.1900000
vn -0.2347000 -0.7085000 -0.6656000
v 1.0401065 -19.7254683 12.2057902
vt 0.0100000 0.0100000
vn -0.2347000 -0.7085000 -0.6656000
v -0.3654428 -18.1400087 11.0138844
vt 0.0900000 0.1400000
vn -0.2347000 -0.7085000 -0.6656000
f 2068/2068/2068 2069/2069/2069 2070/2070/2070
v 0.7083969 -17.7352105 10.2042880
vt 0.0100000 0.1900000
vn -0.3852000 -0.6855000 -0.6178000
v 1.8946805 -18.4829628 10.2942432
vt 0.0900000 0.1400000
vn -0.3852000 -0.6855000 -0.6178000
v 1.0401065 -19.7254683 12.2057902
vt 0.0100000 0.0100000
vn -0.3852000 -0.6855000 -0.6178000
f 2071/2071/2071 2072/2072/2072 2073/2073/2073
v 0.7083969 -17.7352105 10.2042880
vt 0.0100000 0.1900000
vn -0.4135000 -0.7226000 -0.5540000
v 1.7766143 -17.1954796 8.7031613
vt 0.0900000 0.2900000
vn -0.4135000 -0.7226000 -0.5540000
v 1.8946805 -18.4829628 10.2942432
vt 0.0900000 0.1400000
vn -0.4135000 -0.7226000 -0.5540000
f 2074/2074/2074 2075/2075/2075 2076/2076/2076
v -1.5854596 -18.3873854 6.1281950
vt 0.0600000 0.6500000
vn 0.3688000 -0.7440000 0.5571000
v -0.4104204 -17.4765894 6.5667264
vt 0.0100000 0.5600000
vn 0.3688000 -0.7440000 0.5571000
v -1.6248150 -17.4428563 7.4156782
vt 0.0900000 0.5300000
vn 0.3688000 -0.7440000 0.5571000
f 2077/2077/2077 2078/2078/2078 2079/2079/2079
v -1.5854596 -18.3873854 6.1281950
vt 0.0600000 0.6500000
vn 0.3322000 -0.7213000 0.6078000
v -1.2537500 -19.3431589 4.8126008
vt 0.0100000 0.7400000
vn 0.3322000 -0.7213000 0.6078000
v -0.4104204 -17.4765894 6.5667264
vt 0.0100000 0.5600000
vn 0.3322000 -0.7213000 0.6078000
f 2080/2080/2080 2081/2081/2081 2082/2082/2082
v 1.7766143 -17.1954796 8.7031613
vt 0.0900000 0.2900000
vn -0.5497000 -0.6688000 -0.5004000
v 2.9010538 -17.8588989 8.3545851
vt 0.1900000 0.2600000
vn -0.5497000 -0.6688000 -0.5004000
v 1.8946805 -18.4829628 10.2942432
vt 0.0900000 0.1400000
vn -0.5497000 -0.6688000 -0.5004000
f 2083/2083/2083 2084/2084/2084 2085/2085/2085
v 1.7766143 -17.1954796 8.7031613
vt 0.0900000 0.2900000
vn -0.5276000 -0.8442000 -0.0952000
v 2.3332119 -17.3810121 7.2638788
vt 0.1500000 0.3900000
vn -0.5276000 -0.8442000 -0.0952000
v 2.9010538 -17.8588989 8.3545851
vt 0.1900000 0.2600000
vn -0.5276000 -0.8442000 -0.0952000
f 2086/2086/2086 2087/2087/2087 2088/2088/2088
v -1.2537500 -19.3431589 4.8126008
vt 0.0100000 0.7400000
vn -0.1108000 -0.6536000 0.7487000
v 0.0056222 -18.6291399 5.6221972
vt 0.0600000 0.6500000
vn -0.1108000 -0.6536000 0.7487000
v -0.4104204 -17.4765894 6.5667264
vt 0.0100000 0.5600000
vn -0.1108000 -0.6536000 0.7487000
f 2089/2089/2089 2090/2090/2090 2091/2091/2091
v 1.8946805 -18.4829628 10.2942432
vt 0.0900000 0.1400000
vn -0.6648000 -0.5382000 -0.5181000
v 2.9010538 -17.8588989 8.3545851
vt 0.1900000 0.2600000
vn -0.6648000 -0.5382000 -0.5181000
v 3.0359865 -19.5680468 9.9569113
vt 0.1900000 0.0900000
vn -0.6648000 -0.5382000 -0.5181000
f 2092/2092/2092 2093/2093/2093 2094/2094/2094
v 2.3332119 -17.3810121 7.2638788
vt 0.1500000 0.3900000
vn 0.3800000 -0.7581000 -0.5300000
v 3.7443834 -17.0942800 7.8654539
vt 0.2700000 0.3200000
vn 0.3800000 -0.7581000 -0.5300000
v 2.9010538 -17.8588989 8.3545851
vt 0.1900000 0.2600000
vn 0.3800000 -0.7581000 -0.5300000
f 2095/2095/2095 2096/2096/2096 2097/2097/2097
v 2.3332119 -17.3810121 7.2638788
vt 0.1500000 0.3900000
vn -0.1422000 -0.7216000 0.6776000
v 2.9122982 -17.5215670 7.2357679
vt 0.2200000 0.3900000
vn -0.1422000 -0.7216000 0.6776000
v 3.7443834 -17.0942800 7.8654539
vt 0.2700000 0.3200000
vn -0.1422000 -0.7216000 0.6776000
f 2098/2098/2098 2099/2099/2099 2100/2100/2100
v 2.3332119 -17.3810121 7.2638788
vt 0.1500000 0.3900000
vn -0.0623000 -0.4363000 0.8976000
v 3.9524047 -18.5954067 6.7859921
vt 0.2700000 0.5300000
vn -0.0623000 -0.4363000 0.8976000
v 2.9122982 -17.5215670 7.2357679
vt 0.2200000 0.3900000
vn -0.0623000 -0.4363000 0.8976000
f 2101/2101/2101 2102/2102/2102 2103/2103/2103
v 2.3332119 -17.3810121 7.2638788
vt 0.1500000 0.3900000
vn -0.2579000 -0.6316000 0.7311000
v 2.0689686 -18.6853619 6.0438620
vt 0.1800000 0.5700000
vn -0.2579000 -0.6316000 0.7311000
v 3.9524047 -18.5954067 6.7859921
vt 0.2700000 0.5300000
vn -0.2579000 -0.6316000 0.7311000
f 2104/2104/2104 2105/2105/2105 2106/2106/2106
v 2.3332119 -17.3810121 7.2638788
vt 0.1500000 0.3900000
vn -0.2011000 -0.6471000 0.7354000
v 1.1244394 -17.8870098 6.4880156
vt 0.0900000 0.5300000
vn -0.2011000 -0.6471000 0.7354000
v 2.0689686 -18.6853619 6.0438620
vt 0.1800000 0.5700000
vn -0.2011000 -0.6471000 0.7354000
f 2107/2107/2107 2108/2108/2108 2109/2109/2109
v -0.4104204 -17.4765894 6.5667264
vt 0.0100000 0.5600000
vn -0.1377000 -0.6571000 0.7411000
v 0.0056222 -18.6291399 5.6221972
vt 0.0600000 0.6500000
vn -0.1377000 -0.6571000 0.7411000
v 1.1244394 -17.8870098 6.4880156
vt 0.0900000 0.5300000
vn -0.1377000 -0.6571000 0.7411000
f 2110/2110/2110 2111/2111/2111 2112/2112/2112
v 2.0689686 -18.6853619 6.0438620
vt 0.1800000 0.5700000
vn -0.3100000 -0.7152000 0.6264000
v 1.1244394 -17.8870098 6.4880156
vt 0.0900000 0.5300000
vn -0.3100000 -0.7152000 0.6264000
v 1.4167937 -19.4218697 4.8800672
vt 0.1600000 0.6800000
vn -0.3100000 -0.7152000 0.6264000
f 2113/2113/2113 2114/2114/2114 2115/2115/2115
v 1.4167937 -19.4218697 4.8800672
vt 0.1600000 0.6800000
vn -0.0480000 -0.7269000 0.6851000
v 1.1244394 -17.8870098 6.4880156
vt 0.0900000 0.5300000
vn -0.0480000 -0.7269000 0.6851000
v 0.0056222 -18.6291399 5.6221972
vt 0.0600000 0.6500000
vn -0.0480000 -0.7269000 0.6851000
f 2116/2116/2116 2117/2117/2117 2118/2118/2118
v -1.2762388 -13.8615166 0.8264630
vt 0.9900000 0.1600000
vn -0.7312000 -0.6810000 -0.0397000
v -1.3493273 -13.7322061 -0.0449776
vt 0.9900000 0.2300000
vn -0.7312000 -0.6810000 -0.0397000
v -1.0232399 -14.0358047 -0.8433296
vt 0.9700000 0.2800000
vn -0.7312000 -0.6810000 -0.0397000
f 2119/2119/2119 2120/2120/2120 2121/2121/2121
v -1.2762388 -13.8615166 0.8264630
vt 0.9900000 0.1600000
vn -0.1464000 -0.9802000 -0.1332000
v -1.8834361 -13.5691624 -0.6577971
vt 0.9700000 0.2800000
vn -0.1464000 -0.9802000 -0.1332000
v -1.3493273 -13.7322061 -0.0449776
vt 0.9900000 0.2300000
vn -0.1464000 -0.9802000 -0.1332000
f 2122/2122/2122 2123/2123/2123 2124/2124/2124
v -1.2762388 -13.8615166 0.8264630
vt 0.9900000 0.1600000
vn -0.4700000 -0.8824000 0.0209000
v -1.0232399 -14.0358047 -0.8433296
vt 0.9700000 0.2800000
vn -0.4700000 -0.8824000 0.0209000
v -0.2586211 -14.4518473 -1.2143946
vt 0.9100000 0.3000000
vn -0.4700000 -0.8824000 0.0209000
f 2125/2125/2125 2126/2126/2126 2127/2127/2127
v -1.2762388 -13.8615166 0.8264630
vt 0.9900000 0.1600000
vn -0.4739000 -0.8803000 0.0205000
v -2.6368105 -13.1643642 -0.6915303
vt 0.9100000 0.3000000
vn -0.4739000 -0.8803000 0.0205000
v -1.8834361 -13.5691624 -0.6577971
vt 0.9700000 0.2800000
vn -0.4739000 -0.8803000 0.0205000
f 2128/2128/2128 2129/2129/2129 2130/2130/2130
v -1.2762388 -13.8615166 0.8264630
vt 0.9900000 0.1600000
vn -0.2857000 -0.9492000 0.1321000
v -0.2586211 -14.4518473 -1.2143946
vt 0.9100000 0.3000000
vn -0.2857000 -0.9492000 0.1321000
v -0.1967769 -14.2044707 0.6971525
vt 0.9100000 0.1600000
vn -0.2857000 -0.9492000 0.1321000
f 2131/2131/2131 2132/2132/2132 2133/2133/2133
v -2.6368105 -13.1643642 -0.6915303
vt 0.9100000 0.3000000
vn -0.5770000 -0.8031000 0.1483000
v -1.2762388 -13.8615166 0.8264630
vt 0.8200000 0.1600000
vn -0.5770000 -0.8031000 0.1483000
v -2.9460314 -12.5403003 1.4842601
vt 0.9900000 0.1600000
vn -0.5770000 -0.8031000 0.1483000
f 2134/2134/2134 2135/2135/2135 2136/2136/2136
v -2.6368105 -13.1643642 -0.6915303
vt 0.9100000 0.3000000
vn -0.7346000 -0.6727000 0.0885000
v -2.9460314 -12.5403003 1.4842601
vt 0.9900000 0.1600000
vn -0.7346000 -0.6727000 0.0885000
v -3.0978307 -12.5965222 -0.2023991
vt 0.9700000 0.2800000
vn -0.7346000 -0.6727000 0.0885000
f 2137/2137/2137 2138/2138/2138 2139/2139/2139
v -0.2586211 -14.4518473 -1.2143946
vt 0.9100000 0.3000000
vn 0.1000000 -0.9872000 0.1245000
v 0.9389069 -14.0695379 0.8545740
vt 0.8200000 0.1600000
vn 0.1000000 -0.9872000 0.1245000
v -0.1967769 -14.2044707 0.6971525
vt 0.9100000 0.1600000
vn 0.1000000 -0.9872000 0.1245000
f 2140/2140/2140 2141/2141/2141 2142/2142/2142
v -0.2586211 -14.4518473 -1.2143946
vt 0.9100000 0.3000000
vn 0.2971000 -0.9548000 0.0045000
v 0.5847085 -14.1876041 -0.8264630
vt 0.9700000 0.2800000
vn 0.2971000 -0.9548000 0.0045000
v 0.9389069 -14.0695379 0.8545740
vt 0.9900000 0.1600000
vn 0.2971000 -0.9548000 0.0045000
f 2143/2143/2143 2144/2144/2144 2145/2145/2145
v -2.9460314 -12.5403003 1.4842601
vt 0.9900000 0.1600000
vn -0.9235000 -0.3714000 0.0955000
v -3.1203195 -12.3266568 0.6296861
vt 0.9900000 0.2300000
vn -0.9235000 -0.3714000 0.0955000
v -3.0978307 -12.5965222 -0.2023991
vt 0.9700000 0.2800000
vn -0.9235000 -0.3714000 0.0955000
f 2146/2146/2146 2147/2147/2147 2148/2148/2148
v -2.9460314 -12.5403003 1.4842601
vt 0.9900000 0.1600000
vn -0.6812000 -0.7308000 -0.0438000
v -3.5869618 -11.8600144 0.1011996
vt 0.9700000 0.2800000
vn -0.6812000 -0.7308000 -0.0438000
v -3.1203195 -12.3266568 0.6296861
vt 0.9900000 0.2300000
vn -0.6812000 -0.7308000 -0.0438000
f 2149/2149/2149 2150/2150/2150 2151/2151/2151
v -2.9460314 -12.5403003 1.4842601
vt 0.9900000 0.1600000
vn -0.8614000 -0.4812000 0.1625000
v -3.9805157 -11.1403732 0.1461771
vt 0.9100000 0.3000000
vn -0.8614000 -0.4812000 0.1625000
v -3.5869618 -11.8600144 0.1011996
vt 0.9700000 0.2800000
vn -0.8614000 -0.4812000 0.1625000
f 2152/2152/2152 2153/2153/2153 2154/2154/2154
v 0.5847085 -14.1876041 -0.8264630
vt 0.9700000 0.2800000
vn 0.6202000 -0.7808000 -0.0758000
v 0.9951289 -13.9402274 -0.0168666
vt 0.9900000 0.2300000
vn 0.6202000 -0.7808000 -0.0758000
v 0.9389069 -14.0695379 0.8545740
vt 0.9900000 0.1600000
vn 0.6202000 -0.7808000 -0.0758000
f 2155/2155/2155 2156/2156/2156 2157/2157/2157
v -3.9805157 -11.1403732 0.1461771
vt 0.9100000 0.3000000
vn -0.8818000 -0.3554000 0.3100000
v -2.9460314 -12.5403003 1.4842601
vt 0.8200000 0.1600000
vn -0.8818000 -0.3554000 0.3100000
v -3.4464069 -10.6512420 2.2263901
vt 0.9900000 0.1600000
vn -0.8818000 -0.3554000 0.3100000
f 2158/2158/2158 2159/2159/2159 2160/2160/2160
v -3.9805157 -11.1403732 0.1461771
vt 0.9100000 0.3000000
vn -0.9478000 -0.1535000 0.2794000
v -3.4464069 -10.6512420 2.2263901
vt 0.9900000 0.1600000
vn -0.9478000 -0.1535000 0.2794000
v -3.9411603 -10.4825761 0.6409305
vt 0.9700000 0.2800000
vn -0.9478000 -0.1535000 0.2794000
f 2161/2161/2161 2162/2162/2162 2163/2163/2163
v 0.9951289 -13.9402274 -0.0168666
vt 0.9900000 0.2300000
vn -0.0914000 -0.9842000 -0.1519000
v 1.5292377 -13.8952498 -0.6296861
vt 0.9700000 0.2800000
vn -0.0914000 -0.9842000 -0.1519000
v 0.9389069 -14.0695379 0.8545740
vt 0.9900000 0.1600000
vn -0.0914000 -0.9842000 -0.1519000
f 2164/2164/2164 2165/2165/2165 2166/2166/2166
v -3.4464069 -10.6512420 2.2263901
vt 0.9900000 0.1600000
vn -0.9312000 0.1905000 0.3108000
v -3.6488060 -10.3195324 1.4167937
vt 0.9900000 0.2300000
vn -0.9312000 0.1905000 0.3108000
v -3.9411603 -10.4825761 0.6409305
vt 0.9700000 0.2800000
vn -0.9312000 0.1905000 0.3108000
f 2167/2167/2167 2168/2168/2168 2169/2169/2169
v -3.4464069 -10.6512420 2.2263901
vt 0.9900000 0.1600000
vn -0.7731000 -0.6310000 -0.0652000
v -4.1885369 -9.6280021 1.1244394
vt 0.9700000 0.2800000
vn -0.7731000 -0.6310000 -0.0652000
v -3.6488060 -10.3195324 1.4167937
vt 0.9900000 0.2300000
vn -0.7731000 -0.6310000 -0.0652000
f 2170/2170/2170 2171/2171/2171 2172/2172/2172
v -3.4464069 -10.6512420 2.2263901
vt 0.9900000 0.1600000
vn -0.7427000 0.1612000 0.6499000
v -3.9636491 -8.7959169 1.1750392
vt 0.9100000 0.3000000
vn -0.7427000 0.1612000 0.6499000
v -4.1885369 -9.6280021 1.1244394
vt 0.9700000 0.2800000
vn -0.7427000 0.1612000 0.6499000
f 2173/2173/2173 2174/2174/2174 2175/2175/2175
v 1.5292377 -13.8952498 -0.6296861
vt 0.9700000 0.2800000
vn 0.3109000 -0.9504000 0.0121000
v 2.3388341 -13.6310065 -0.6802859
vt 0.9100000 0.3000000
vn 0.3109000 -0.9504000 0.0121000
v 0.9389069 -14.0695379 0.8545740
vt 0.9900000 0.1600000
vn 0.3109000 -0.9504000 0.0121000
f 2176/2176/2176 2177/2177/2177 2178/2178/2178
v -3.9636491 -8.7959169 1.1750392
vt 0.9100000 0.3000000
vn -0.7461000 0.2418000 0.6204000
v -2.6592993 -8.5935178 2.6649215
vt 0.9900000 0.1600000
vn -0.7461000 0.2418000 0.6204000
v -3.4407847 -8.2786748 1.6023262
vt 0.9700000 0.2800000
vn -0.7461000 0.2418000 0.6204000
f 2179/2179/2179 2180/2180/2180 2181/2181/2181
v -3.9636491 -8.7959169 1.1750392
vt 0.9100000 0.3000000
vn -0.7538000 0.1521000 0.6393000
v -3.4464069 -10.6512420 2.2263901
vt 0.8200000 0.1600000
vn -0.7538000 0.1521000 0.6393000
v -2.6592993 -8.5935178 2.6649215
vt 0.9900000 0.1600000
vn -0.7538000 0.1521000 0.6393000
f 2182/2182/2182 2183/2183/2183 2184/2184/2184
v 2.3388341 -13.6310065 -0.6802859
vt 0.9100000 0.3000000
vn 0.4195000 -0.8990000 0.1257000
v 2.8504540 -13.0856534 1.5123711
vt 0.8200000 0.1600000
vn 0.4195000 -0.8990000 0.1257000
v 0.9389069 -14.0695379 0.8545740
vt 0.9900000 0.1600000
vn 0.4195000 -0.8990000 0.1257000
f 2185/2185/2185 2186/2186/2186 2187/2187/2187
v 2.3388341 -13.6310065 -0.6802859
vt 0.9100000 0.3000000
vn 0.5943000 -0.8019000 0.0608000
v 2.9179204 -13.1643642 -0.1855325
vt 0.9700000 0.2800000
vn 0.5943000 -0.8019000 0.0608000
v 2.8504540 -13.0856534 1.5123711
vt 0.9900000 0.1600000
vn 0.5943000 -0.8019000 0.0608000
f 2188/2188/2188 2189/2189/2189 2190/2190/2190
v -3.4407847 -8.2786748 1.6023262
vt 0.9700000 0.2800000
vn -0.2529000 0.8611000 0.4411000
v -2.6592993 -8.5935178 2.6649215
vt 0.9900000 0.1600000
vn -0.2529000 0.8611000 0.4411000
v -2.7098991 -8.3405189 2.1420572
vt 0.9900000 0.2300000
vn -0.2529000 0.8611000 0.4411000
f 2191/2191/2191 2192/2192/2192 2193/2193/2193
v 2.9179204 -13.1643642 -0.1855325
vt 0.9700000 0.2800000
vn 0.8033000 -0.5926000 0.0594000
v 3.0247421 -12.9113653 0.8939294
vt 0.9900000 0.2300000
vn 0.8033000 -0.5926000 0.0594000
v 2.8504540 -13.0856534 1.5123711
vt 0.9900000 0.1600000
vn 0.8033000 -0.5926000 0.0594000
f 2194/2194/2194 2195/2195/2195 2196/2196/2196
v -2.6592993 -8.5935178 2.6649215
vt 0.9900000 0.1600000
vn -0.9797000 0.1260000 0.1558000
v -2.6199439 -7.5646557 2.0802130
vt 0.9700000 0.2800000
vn -0.9797000 0.1260000 0.1558000
v -2.7098991 -8.3405189 2.1420572
vt 0.9900000 0.2300000
vn -0.9797000 0.1260000 0.1558000
f 2197/2197/2197 2198/2198/2198 2199/2199/2199
v -2.6592993 -8.5935178 2.6649215
vt 0.9900000 0.1600000
vn -0.6247000 0.4037000 0.6684000
v -2.0970796 -6.8393923 2.1308128
vt 0.9100000 0.3000000
vn -0.6247000 0.4037000 0.6684000
v -2.6199439 -7.5646557 2.0802130
vt 0.9700000 0.2800000
vn -0.6247000 0.4037000 0.6684000
f 2200/2200/2200 2201/2201/2201 2202/2202/2202
v 3.0247421 -12.9113653 0.8939294
vt 0.9900000 0.2300000
vn 0.4387000 -0.8896000 -0.1271000
v 3.5476065 -12.5403003 0.1011996
vt 0.9700000 0.2800000
vn 0.4387000 -0.8896000 -0.1271000
v 2.8504540 -13.0856534 1.5123711
vt 0.9900000 0.1600000
vn 0.4387000 -0.8896000 -0.1271000
f 2203/2203/2203 2204/2204/2204 2205/2205/2205
v -2.0970796 -6.8393923 2.1308128
vt 0.9100000 0.3000000
vn -0.4640000 0.3908000 0.7950000
v -2.6592993 -8.5935178 2.6649215
vt 0.8200000 0.1600000
vn -0.4640000 0.3908000 0.7950000
v -0.7927298 -7.4522118 3.1934080
vt 0.9900000 0.1600000
vn -0.4640000 0.3908000 0.7950000
f 2206/2206/2206 2207/2207/2207 2208/2208/2208
v -2.0970796 -6.8393923 2.1308128
vt 0.9100000 0.3000000
vn -0.2853000 0.6361000 0.7170000
v -0.7927298 -7.4522118 3.1934080
vt 0.9900000 0.1600000
vn -0.2853000 0.6361000 0.7170000
v -1.3380829 -6.6257488 2.2432567
vt 0.9700000 0.2800000
vn -0.2853000 0.6361000 0.7170000
f 2209/2209/2209 2210/2210/2210 2211/2211/2211
v 3.5476065 -12.5403003 0.1011996
vt 0.9700000 0.2800000
vn 0.7651000 -0.6297000 0.1346000
v 4.0704708 -11.9049920 0.1011996
vt 0.9100000 0.3000000
vn 0.7651000 -0.6297000 0.1346000
v 2.8504540 -13.0856534 1.5123711
vt 0.9900000 0.1600000
vn 0.7651000 -0.6297000 0.1346000
f 2212/2212/2212 2213/2213/2213 2214/2214/2214
v -0.7927298 -7.4522118 3.1934080
vt 0.9900000 0.1600000
vn 0.2929000 0.7983000 0.5262000
v -0.8433296 -6.9518362 2.4625224
vt 0.9900000 0.2300000
vn 0.2929000 0.7983000 0.5262000
v -1.3380829 -6.6257488 2.2432567
vt 0.9700000 0.2800000
vn 0.2929000 0.7983000 0.5262000
f 2215/2215/2215 2216/2216/2216 2217/2217/2217
v -0.7927298 -7.4522118 3.1934080
vt 0.9900000 0.1600000
vn -0.4942000 0.7010000 0.5142000
v -0.3541984 -6.2771725 2.0127466
vt 0.9700000 0.2800000
vn -0.4942000 0.7010000 0.5142000
v -0.8433296 -6.9518362 2.4625224
vt 0.9900000 0.2300000
vn -0.4942000 0.7010000 0.5142000
f 2218/2218/2218 2219/2219/2219 2220/2220/2220
v -0.7927298 -7.4522118 3.1934080
vt 0.9900000 0.1600000
vn -0.2334000 0.7312000 0.6410000
v 0.6184417 -5.8779965 1.9115471
vt 0.9100000 0.3000000
vn -0.2334000 0.7312000 0.6410000
v -0.3541984 -6.2771725 2.0127466
vt 0.9700000 0.2800000
vn -0.2334000 0.7312000 0.6410000
f 2221/2221/2221 2222/2222/2222 2223/2223/2223
v 4.0704708 -11.9049920 0.1011996
vt 0.9100000 0.3000000
vn 0.8141000 -0.5107000 0.2765000
v 3.7275168 -11.3315279 2.1701681
vt 0.8200000 0.1600000
vn 0.8141000 -0.5107000 0.2765000
v 2.8504540 -13.0856534 1.5123711
vt 0.9900000 0.1600000
vn 0.8141000 -0.5107000 0.2765000
f 2224/2224/2224 2225/2225/2225 2226/2226/2226
v 4.0704708 -11.9049920 0.1011996
vt 0.9100000 0.3000000
vn 0.9122000 -0.3302000 0.2427000
v 4.1829148 -11.2471949 0.5734641
vt 0.9700000 0.2800000
vn 0.9122000 -0.3302000 0.2427000
v 3.7275168 -11.3315279 2.1701681
vt 0.9900000 0.1600000
vn 0.9122000 -0.3302000 0.2427000
f 2227/2227/2227 2228/2228/2228 2229/2229/2229
v 0.6184417 -5.8779965 1.9115471
vt 0.9100000 0.3000000
vn 0.3896000 0.6715000 0.6303000
v 1.7653699 -7.6939662 3.1371861
vt 0.9900000 0.1600000
vn 0.3896000 0.6715000 0.6303000
v 1.5067489 -6.4514606 1.9733912
vt 0.9700000 0.2800000
vn 0.3896000 0.6715000 0.6303000
f 2230/2230/2230 2231/2231/2231 2232/2232/2232
v 0.6184417 -5.8779965 1.9115471
vt 0.9100000 0.3000000
vn 0.1956000 0.6305000 0.7511000
v 0.5116199 -7.3116568 3.1428083
vt 0.9100000 0.1600000
vn 0.1956000 0.6305000 0.7511000
v 1.7653699 -7.6939662 3.1371861
vt 0.9900000 0.1600000
vn 0.1956000 0.6305000 0.7511000
f 2233/2233/2233 2234/2234/2234 2235/2235/2235
v 0.6184417 -5.8779965 1.9115471
vt 0.9100000 0.3000000
vn -0.0410000 0.6527000 0.7565000
v -0.7927298 -7.4522118 3.1934080
vt 0.8200000 0.1600000
vn -0.0410000 0.6527000 0.7565000
v 0.5116199 -7.3116568 3.1428083
vt 0.9100000 0.1600000
vn -0.0410000 0.6527000 0.7565000
f 2236/2236/2236 2237/2237/2237 2238/2238/2238
v 4.1829148 -11.2471949 0.5734641
vt 0.9700000 0.2800000
vn 0.9608000 0.0294000 0.2756000
v 3.9524047 -11.0391736 1.3549495
vt 0.9900000 0.2300000
vn 0.9608000 0.0294000 0.2756000
v 3.7275168 -11.3315279 2.1701681
vt 0.9900000 0.1600000
vn 0.9608000 0.0294000 0.2756000
f 2239/2239/2239 2240/2240/2240 2241/2241/2241
v 1.5067489 -6.4514606 1.9733912
vt 0.9700000 0.2800000
vn 0.6314000 0.5960000 0.4960000
v 1.7653699 -7.6939662 3.1371861
vt 0.9900000 0.1600000
vn 0.6314000 0.5960000 0.4960000
v 1.8778139 -7.2048351 2.4063004
vt 0.9900000 0.2300000
vn 0.6314000 0.5960000 0.4960000
f 2242/2242/2242 2243/2243/2243 2244/2244/2244
v 3.9524047 -11.0391736 1.3549495
vt 0.9900000 0.2300000
vn 0.9257000 -0.3562000 0.1276000
v 4.2672477 -10.3982431 0.8601962
vt 0.9700000 0.2800000
vn 0.9257000 -0.3562000 0.1276000
v 3.7275168 -11.3315279 2.1701681
vt 0.9900000 0.1600000
vn 0.9257000 -0.3562000 0.1276000
f 2245/2245/2245 2246/2246/2246 2247/2247/2247
v 1.7653699 -7.6939662 3.1371861
vt 0.9900000 0.1600000
vn 0.2740000 0.7792000 0.5636000
v 2.4063004 -6.9799472 1.8384585
vt 0.9700000 0.2800000
vn 0.2740000 0.7792000 0.5636000
v 1.8778139 -7.2048351 2.4063004
vt 0.9900000 0.2300000
vn 0.2740000 0.7792000 0.5636000
f 2248/2248/2248 2249/2249/2249 2250/2250/2250
v 1.7653699 -7.6939662 3.1371861
vt 0.9900000 0.1600000
vn 0.5608000 0.5769000 0.5939000
v 3.0922085 -7.3341456 1.5348598
vt 0.9100000 0.3000000
vn 0.5608000 0.5769000 0.5939000
v 2.4063004 -6.9799472 1.8384585
vt 0.9700000 0.2800000
vn 0.5608000 0.5769000 0.5939000
f 2251/2251/2251 2252/2252/2252 2253/2253/2253
v 4.2672477 -10.3982431 0.8601962
vt 0.9700000 0.2800000
vn 0.9376000 -0.0618000 0.3422000
v 4.3122253 -9.5605357 0.8883072
vt 0.9100000 0.3000000
vn 0.9376000 -0.0618000 0.3422000
v 3.7275168 -11.3315279 2.1701681
vt 0.9900000 0.1600000
vn 0.9376000 -0.0618000 0.3422000
f 2254/2254/2254 2255/2255/2255 2256/2256/2256
v 3.0922085 -7.3341456 1.5348598
vt 0.9100000 0.3000000
vn 0.6315000 0.4579000 0.6257000
v 1.7653699 -7.6939662 3.1371861
vt 0.8200000 0.1600000
vn 0.6315000 0.4579000 0.6257000
v 3.2383856 -9.3412700 2.8560762
vt 0.9900000 0.1600000
vn 0.6315000 0.4579000 0.6257000
f 2257/2257/2257 2258/2258/2258 2259/2259/2259
v 3.0922085 -7.3341456 1.5348598
vt 0.9100000 0.3000000
vn 0.7928000 0.3744000 0.4810000
v 3.2383856 -9.3412700 2.8560762
vt 0.9900000 0.1600000
vn 0.7928000 0.3744000 0.4810000
v 3.4745179 -8.1437420 1.5348598
vt 0.9700000 0.2800000
vn 0.7928000 0.3744000 0.4810000
f 2260/2260/2260 2261/2261/2261 2262/2262/2262
v 4.3122253 -9.5605357 0.8883072
vt 0.9100000 0.3000000
vn 0.8790000 0.0527000 0.4738000
v 3.2383856 -9.3412700 2.8560762
vt 0.8200000 0.1600000
vn 0.8790000 0.0527000 0.4738000
v 3.7275168 -11.3315279 2.1701681
vt 0.9900000 0.1600000
vn 0.8790000 0.0527000 0.4738000
f 2263/2263/2263 2264/2264/2264 2265/2265/2265
v 4.3122253 -9.5605357 0.8883072
vt 0.9100000 0.3000000
vn 0.8596000 0.2594000 0.4402000
v 3.9130493 -8.9533384 1.3099720
vt 0.9700000 0.2800000
vn 0.8596000 0.2594000 0.4402000
v 3.2383856 -9.3412700 2.8560762
vt 0.9900000 0.1600000
vn 0.8596000 0.2594000 0.4402000
f 2266/2266/2266 2267/2267/2267 2268/2268/2268
v 3.4745179 -8.1437420 1.5348598
vt 0.9700000 0.2800000
vn 0.9452000 0.1393000 0.2952000
v 3.2383856 -9.3412700 2.8560762
vt 0.9900000 0.1600000
vn 0.9452000 0.1393000 0.2952000
v 3.4351625 -8.9252274 2.0296132
vt 0.9900000 0.2300000
vn 0.9452000 0.1393000 0.2952000
f 2269/2269/2269 2270/2270/2270 2271/2271/2271
v 3.4351625 -8.9252274 2.0296132
vt 0.9900000 0.2300000
vn 0.7040000 0.5528000 0.4459000
v 3.2383856 -9.3412700 2.8560762
vt 0.9900000 0.1600000
vn 0.7040000 0.5528000 0.4459000
v 3.9130493 -8.9533384 1.3099720
vt 0.9700000 0.2800000
vn 0.7040000 0.5528000 0.4459000
f 2272/2272/2272 2273/2273/2273 2274/2274/2274
v -4.9981334 -13.5466736 7.5393665
vt 0.1800000 0.7000000
vn 0.9609000 0.0930000 -0.2609000
v -4.7114013 -15.3570211 7.9497869
vt 0.0700000 0.7400000
vn 0.9609000 0.0930000 -0.2609000
v -5.1049551 -15.1546220 6.5723486
vt 0.0700000 0.7000000
vn 0.9609000 0.0930000 -0.2609000
f 2275/2275/2275 2276/2276/2276 2277/2277/2277
v -4.9981334 -13.5466736 7.5393665
vt 0.1800000 0.7000000
vn 0.3988000 0.2624000 0.8787000
v -6.0045067 -14.8791343 8.3939405
vt 0.0700000 0.7000000
vn 0.3988000 0.2624000 0.8787000
v -4.7114013 -15.3570211 7.9497869
vt 0.0700000 0.7400000
vn 0.3988000 0.2624000 0.8787000
f 2278/2278/2278 2279/2279/2279 2280/2280/2280
v -4.9981334 -13.5466736 7.5393665
vt 0.1800000 0.7000000
vn -0.1027000 0.5177000 -0.8494000
v -5.1049551 -15.1546220 6.5723486
vt 0.0700000 0.7000000
vn -0.1027000 0.5177000 -0.8494000
v -6.3980605 -14.6823574 7.0165022
vt 0.0700000 0.7400000
vn -0.1027000 0.5177000 -0.8494000
f 2281/2281/2281 2282/2282/2282 2283/2283/2283
v -4.9981334 -13.5466736 7.5393665
vt 0.1800000 0.7000000
vn -0.6659000 0.6880000 0.2885000
v -6.3980605 -14.6823574 7.0165022
vt 0.0700000 0.7400000
vn -0.6659000 0.6880000 0.2885000
v -6.0045067 -14.8791343 8.3939405
vt 0.0700000 0.7000000
vn -0.6659000 0.6880000 0.2885000
f 2284/2284/2284 2285/2285/2285 2286/2286/2286
v 4.9306670 -14.4855805 7.3650784
vt 0.1800000 0.7000000
vn -0.9677000 0.2510000 0.0245000
v 4.5033800 -16.0373070 6.3868161
vt 0.0700000 0.7000000
vn -0.9677000 0.2510000 0.0245000
v 4.4865134 -16.2397061 7.7923654
vt 0.0700000 0.7400000
vn -0.9677000 0.2510000 0.0245000
f 2287/2287/2287 2288/2288/2288 2289/2289/2289
v 4.9306670 -14.4855805 7.3650784
vt 0.1800000 0.7000000
vn -0.0579000 0.5438000 -0.8372000
v 5.9314181 -15.7899303 6.4486602
vt 0.0700000 0.7400000
vn -0.0579000 0.5438000 -0.8372000
v 4.5033800 -16.0373070 6.3868161
vt 0.0700000 0.7000000
vn -0.0579000 0.5438000 -0.8372000
f 2290/2290/2290 2291/2291/2291 2292/2292/2292
v 4.9306670 -14.4855805 7.3650784
vt 0.1800000 0.7000000
vn -0.0825000 0.2555000 0.9633000
v 4.4865134 -16.2397061 7.7923654
vt 0.0700000 0.7400000
vn -0.0825000 0.2555000 0.9633000
v 5.9089293 -15.9923294 7.8485874
vt 0.0700000 0.7000000
vn -0.0825000 0.2555000 0.9633000
f 2293/2293/2293 2294/2294/2294 2295/2295/2295
v 4.9306670 -14.4855805 7.3650784
vt 0.1800000 0.7000000
vn 0.8208000 0.5633000 0.0946000
v 5.9089293 -15.9923294 7.8485874
vt 0.0700000 0.7000000
vn 0.8208000 0.5633000 0.0946000
v 5.9314181 -15.7899303 6.4486602
vt 0.0700000 0.7400000
vn 0.8208000 0.5633000 0.0946000
f 2296/2296/2296 2297/2297/2297 2298/2298/2298
v 0.3991760 -11.7194595 12.5599887
vt 0.3800000 0.5700000
vn 0.3180000 0.3015000 0.8989000
v 0.8433296 -9.7404460 11.7391479
vt 0.3800000 0.7200000
vn 0.3180000 0.3015000 0.8989000
v 0.1911547 -9.6561131 11.9415470
vt 0.4300000 0.7100000
vn 0.3180000 0.3015000 0.8989000
f 2299/2299/2299 2300/2300/2300 2301/2301/2301
v 0.3991760 -11.7194595 12.5599887
vt 0.3800000 0.5700000
vn 0.3059000 0.3054000 0.9018000
v 1.4449047 -10.0609113 11.6435705
vt 0.4300000 0.7100000
vn 0.3059000 0.3054000 0.9018000
v 0.8433296 -9.7404460 11.7391479
vt 0.3800000 0.7200000
vn 0.3059000 0.3054000 0.9018000
f 2302/2302/2302 2303/2303/2303 2304/2304/2304
v 0.3991760 -11.7194595 12.5599887
vt 0.3800000 0.5700000
vn 0.2761000 0.3014000 0.9127000
v 0.1911547 -9.6561131 11.9415470
vt 0.4300000 0.7100000
vn 0.2761000 0.3014000 0.9127000
v -0.7533744 -11.1403732 12.7174102
vt 0.4700000 0.5800000
vn 0.2761000 0.3014000 0.9127000
f 2305/2305/2305 2306/2306/2306 2307/2307/2307
v 0.3991760 -11.7194595 12.5599887
vt 0.3800000 0.5700000
vn 0.3405000 0.2811000 0.8973000
v 1.6191928 -11.9049920 12.1551904
vt 0.4700000 0.5800000
vn 0.3405000 0.2811000 0.8973000
v 1.4449047 -10.0609113 11.6435705
vt 0.4300000 0.7100000
vn 0.3405000 0.2811000 0.8973000
f 2308/2308/2308 2309/2309/2309 2310/2310/2310
v 0.1911547 -9.6561131 11.9415470
vt 0.4300000 0.7100000
vn 0.3074000 0.2798000 0.9095000
v -0.6802859 -10.0328003 12.3519674
vt 0.4800000 0.6700000
vn 0.3074000 0.2798000 0.9095000
v -0.7533744 -11.1403732 12.7174102
vt 0.4700000 0.5800000
vn 0.3074000 0.2798000 0.9095000
f 2311/2311/2311 2312/2312/2312 2313/2313/2313
v 1.6191928 -11.9049920 12.1551904
vt 0.4700000 0.5800000
vn 0.3033000 0.2813000 0.9104000
v 2.0296132 -10.9098631 11.7110369
vt 0.4800000 0.6700000
vn 0.3033000 0.2813000 0.9104000
v 1.4449047 -10.0609113 11.6435705
vt 0.4300000 0.7100000
vn 0.3033000 0.2813000 0.9104000
f 2314/2314/2314 2315/2315/2315 2316/2316/2316
v 1.6191928 -11.9049920 12.1551904
vt 0.4700000 0.5800000
vn 0.4138000 0.2233000 0.8826000
v 2.0015022 -11.6801041 11.9190582
vt 0.4900000 0.6000000
vn 0.4138000 0.2233000 0.8826000
v 2.0296132 -10.9098631 11.7110369
vt 0.4800000 0.6700000
vn 0.4138000 0.2233000 0.8826000
f 2317/2317/2317 2318/2318/2318 2319/2319/2319
v -0.6802859 -10.0328003 12.3519674
vt 0.4800000 0.6700000
vn 0.1982000 0.2953000 0.9346000
v -1.0007511 -10.7074640 12.6330772
vt 0.4900000 0.6000000
vn 0.1982000 0.2953000 0.9346000
v -0.7533744 -11.1403732 12.7174102
vt 0.4700000 0.5800000
vn 0.1982000 0.2953000 0.9346000
f 2320/2320/2320 2321/2321/2321 2322/2322/2322
v 2.6424327 -11.6576153 -9.7770010
vt 0.7300000 0.3800000
vn 0.6526000 0.0938000 -0.7518000
v 2.2601233 -17.4259897 -10.8283519
vt 0.8700000 0.2900000
vn 0.6526000 0.0938000 -0.7518000
v 0.7702410 -13.0519202 -11.5761041
vt 0.7300000 0.3000000
vn 0.6526000 0.0938000 -0.7518000
f 2323/2323/2323 2324/2324/2324 2325/2325/2325
v 2.6424327 -11.6576153 -9.7770010
vt 0.7300000 0.3800000
vn 0.6492000 0.0945000 -0.7547000
v 5.0374887 -15.3570211 -8.1802970
vt 0.8700000 0.4000000
vn 0.6492000 0.0945000 -0.7547000
v 2.2601233 -17.4259897 -10.8283519
vt 0.8700000 0.2900000
vn 0.6492000 0.0945000 -0.7547000
f 2326/2326/2326 2327/2327/2327 2328/2328/2328
v 2.6424327 -11.6576153 -9.7770010
vt 0.7300000 0.3800000
vn 0.8215000 0.5650000 0.0767000
v 3.6263172 -13.8165390 -4.4134248
vt 0.8700000 0.2900000
vn 0.8215000 0.5650000 0.0767000
v 5.0374887 -15.3570211 -8.1802970
vt 0.8700000 0.4000000
vn 0.8215000 0.5650000 0.0767000
f 2329/2329/2329 2330/2330/2330 2331/2331/2331
v 2.6424327 -11.6576153 -9.7770010
vt 0.7300000 0.3800000
vn 0.8223000 0.5639000 0.0761000
v 1.6922814 -10.6175088 -7.2189013
vt 0.7300000 0.3000000
vn 0.8223000 0.5639000 0.0761000
v 3.6263172 -13.8165390 -4.4134248
vt 0.8700000 0.2900000
vn 0.8223000 0.5639000 0.0761000
f 2332/2332/2332 2333/2333/2333 2334/2334/2334
v 0.7702410 -13.0519202 -11.5761041
vt 0.7300000 0.3000000
vn -0.2100000 -0.2338000 -0.9493000
v 2.2601233 -17.4259897 -10.8283519
vt 0.8700000 0.2900000
vn -0.2100000 -0.2338000 -0.9493000
v -1.9227915 -17.9600984 -9.7713788
vt 0.8700000 0.4000000
vn -0.2100000 -0.2338000 -0.9493000
f 2335/2335/2335 2336/2336/2336 2337/2337/2337
v 0.7702410 -13.0519202 -11.5761041
vt 0.7300000 0.3000000
vn -0.2485000 -0.2112000 -0.9453000
v -1.9227915 -17.9600984 -9.7713788
vt 0.8700000 0.4000000
vn -0.2485000 -0.2112000 -0.9453000
v -2.0464798 -13.4117408 -10.7552633
vt 0.7300000 0.3800000
vn -0.2485000 -0.2112000 -0.9453000
f 2338/2338/2338 2339/2339/2339 2340/2340/2340
v 1.6922814 -10.6175088 -7.2189013
vt 0.7300000 0.3000000
vn 0.1106000 0.6923000 0.7131000
v -1.1300616 -10.9773294 -6.4317937
vt 0.7300000 0.3800000
vn 0.1106000 0.6923000 0.7131000
v 3.6263172 -13.8165390 -4.4134248
vt 0.8700000 0.2900000
vn 0.1106000 0.6923000 0.7131000
f 2341/2341/2341 2342/2342/2342 2343/2343/2343
v -1.9227915 -17.9600984 -9.7713788
vt 0.8700000 0.4000000
vn -0.9462000 -0.0928000 -0.3100000
v -3.3339630 -16.4196164 -5.9257959
vt 0.8700000 0.2900000
vn -0.9462000 -0.0928000 -0.3100000
v -2.0464798 -13.4117408 -10.7552633
vt 0.7300000 0.3800000
vn -0.9462000 -0.0928000 -0.3100000
f 2344/2344/2344 2345/2345/2345 2346/2346/2346
v -1.1300616 -10.9773294 -6.4317937
vt 0.7300000 0.3800000
vn 0.1108000 0.6925000 0.7129000
v -0.5565975 -14.3450256 -3.2496300
vt 0.8700000 0.4000000
vn 0.1108000 0.6925000 0.7129000
v 3.6263172 -13.8165390 -4.4134248
vt 0.8700000 0.2900000
vn 0.1108000 0.6925000 0.7129000
f 2347/2347/2347 2348/2348/2348 2349/2349/2349
v -1.1300616 -10.9773294 -6.4317937
vt 0.7300000 0.3800000
vn -0.7734000 0.3608000 0.5212000
v -2.9966311 -12.3716343 -8.2365190
vt 0.7300000 0.3000000
vn -0.7734000 0.3608000 0.5212000
v -0.5565975 -14.3450256 -3.2496300
vt 0.8700000 0.4000000
vn -0.7734000 0.3608000 0.5212000
f 2350/2350/2350 2351/2351/2351 2352/2352/2352
v -2.9966311 -12.3716343 -8.2365190
vt 0.7300000 0.3000000
vn -0.7728000 0.3620000 0.5214000
v -3.3339630 -16.4196164 -5.9257959
vt 0.8700000 0.2900000
vn -0.7728000 0.3620000 0.5214000
v -0.5565975 -14.3450256 -3.2496300
vt 0.8700000 0.4000000
vn -0.7728000 0.3620000 0.5214000
f 2353/2353/2353 2354/2354/2354 2355/2355/2355
v -2.9966311 -12.3716343 -8.2365190
vt 0.7300000 0.3000000
vn -0.9439000 -0.1008000 -0.3144000
v -2.0464798 -13.4117408 -10.7552633
vt 0.7300000 0.3800000
vn -0.9439000 -0.1008000 -0.3144000
v -3.3339630 -16.4196164 -5.9257959
vt 0.8700000 0.2900000
vn -0.9439000 -0.1008000 -0.3144000
f 2356/2356/2356 2357/2357/2357 2358/2358/2358
v -3.0191199 -15.7337083 11.8178586
vt 0.9900000 0.4500000
vn -0.1407000 -0.0363000 0.9894000
v -4.3403363 -16.1272621 11.6154595
vt 0.9600000 0.4000000
vn -0.1407000 -0.0363000 0.9894000
v -4.8126008 -17.2067240 11.5086378
vt 0.9900000 0.3500000
vn -0.1407000 -0.0363000 0.9894000
f 2359/2359/2359 2360/2360/2360 2361/2361/2361
v -3.0191199 -15.7337083 11.8178586
vt 0.9900000 0.4500000
vn -0.1956000 0.1588000 0.9677000
v -3.4632735 -15.0815334 11.6210817
vt 0.9500000 0.4500000
vn -0.1956000 0.1588000 0.9677000
v -4.3403363 -16.1272621 11.6154595
vt 0.9600000 0.4000000
vn -0.1956000 0.1588000 0.9677000
f 2362/2362/2362 2363/2363/2363 2364/2364/2364
v -3.0191199 -15.7337083 11.8178586
vt 0.9900000 0.4500000
vn -0.0190000 -0.1832000 0.9829000
v -4.8126008 -17.2067240 11.5086378
vt 0.9900000 0.3500000
vn -0.0190000 -0.1832000 0.9829000
v -3.6544282 -16.9649695 11.5761041
vt 0.9600000 0.4000000
vn -0.0190000 -0.1832000 0.9829000
f 2365/2365/2365 2366/2366/2366 2367/2367/2367
v -3.0191199 -15.7337083 11.8178586
vt 0.9900000 0.4500000
vn 0.2029000 -0.2884000 0.9357000
v -3.6544282 -16.9649695 11.5761041
vt 0.9600000 0.4000000
vn 0.2029000 -0.2884000 0.9357000
v -2.3781894 -16.1947285 11.5367488
vt 0.9500000 0.4500000
vn 0.2029000 -0.2884000 0.9357000
f 2368/2368/2368 2369/2369/2369 2370/2370/2370
v 5.0149999 -17.7520771 9.6758015
vt 0.9900000 0.4500000
vn 0.0076000 0.0281000 0.9996000
v 6.0551064 -19.8322901 9.7264012
vt 0.9900000 0.3500000
vn 0.0076000 0.0281000 0.9996000
v 6.1000840 -18.6460065 9.6926681
vt 0.9600000 0.4000000
vn 0.0076000 0.0281000 0.9996000
f 2371/2371/2371 2372/2372/2372 2373/2373/2373
v 5.0149999 -17.7520771 9.6758015
vt 0.9900000 0.4500000
vn 0.5194000 0.2793000 0.8076000
v 5.1724215 -19.1014045 10.0412443
vt 0.9600000 0.4000000
vn 0.5194000 0.2793000 0.8076000
v 6.0551064 -19.8322901 9.7264012
vt 0.9900000 0.3500000
vn 0.5194000 0.2793000 0.8076000
f 2374/2374/2374 2375/2375/2375 2376/2376/2376
v 5.0149999 -17.7520771 9.6758015
vt 0.9900000 0.4500000
vn 0.0607000 0.0925000 0.9939000
v 6.1000840 -18.6460065 9.6926681
vt 0.9600000 0.4000000
vn 0.0607000 0.0925000 0.9939000
v 5.8189742 -17.3135457 9.5858463
vt 0.9500000 0.4500000
vn 0.0607000 0.0925000 0.9939000
f 2377/2377/2377 2378/2378/2378 2379/2379/2379
v 5.0149999 -17.7520771 9.6758015
vt 0.9900000 0.4500000
vn 0.6078000 0.2729000 0.7457000
v 4.5314910 -17.9657206 10.1480660
vt 0.9500000 0.4500000
vn 0.6078000 0.2729000 0.7457000
v 5.1724215 -19.1014045 10.0412443
vt 0.9600000 0.4000000
vn 0.6078000 0.2729000 0.7457000
f 2380/2380/2380 2381/2381/2381 2382/2382/2382
v 0.2473767 -22.0361914 12.1551904
vt 0.2700000 0.6100000
vn -0.3518000 0.0027000 -0.9361000
v 1.7878587 -22.0586802 11.5761041
vt 0.2700000 0.6100000
vn -0.3518000 0.0027000 -0.9361000
v 1.2593722 -22.6996107 11.7728810
vt 0.2700000 0.5700000
vn -0.3518000 0.0027000 -0.9361000
f 2383/2383/2383 2384/2384/2384 2385/2385/2385
v 0.2473767 -22.0361914 12.1551904
vt 0.2700000 0.6100000
vn -0.3151000 -0.4785000 -0.8196000
v 2.0015022 -21.3615277 11.0869730
vt 0.2700000 0.6500000
vn -0.3151000 -0.4785000 -0.8196000
v 1.7878587 -22.0586802 11.5761041
vt 0.2700000 0.6100000
vn -0.3151000 -0.4785000 -0.8196000
f 2386/2386/2386 2387/2387/2387 2388/2388/2388
v 0.2473767 -22.0361914 12.1551904
vt 0.2700000 0.6100000
vn -0.3187000 -0.4724000 -0.8217000
v -0.2811099 -21.2884392 11.9303026
vt 0.2700000 0.6500000
vn -0.3187000 -0.4724000 -0.8217000
v 2.0015022 -21.3615277 11.0869730
vt 0.2700000 0.6500000
vn -0.3187000 -0.4724000 -0.8217000
f 2389/2389/2389 2390/2390/2390 2391/2391/2391
v -6.0045067 -14.8791343 8.3939405
vt 0.6200000 0.3300000
vn -0.3570000 -0.9334000 -0.0351000
v -5.1049551 -15.1546220 6.5723486
vt 0.6200000 0.3300000
vn -0.3570000 -0.9334000 -0.0351000
v -4.7114013 -15.3570211 7.9497869
vt 0.6200000 0.3300000
vn -0.3570000 -0.9334000 -0.0351000
f 2392/2392/2392 2393/2393/2393 2394/2394/2394
v -6.0045067 -14.8791343 8.3939405
vt 0.6200000 0.3300000
vn -0.3528000 -0.9351000 -0.0328000
v -6.3980605 -14.6823574 7.0165022
vt 0.6200000 0.3300000
vn -0.3528000 -0.9351000 -0.0328000
v -5.1049551 -15.1546220 6.5723486
vt 0.6200000 0.3300000
vn -0.3528000 -0.9351000 -0.0328000
f 2395/2395/2395 2396/2396/2396 2397/2397/2397
v 4.5033800 -16.0373070 6.3868161
vt 0.6200000 0.3300000
vn 0.1750000 -0.9748000 -0.1383000
v 5.9089293 -15.9923294 7.8485874
vt 0.6200000 0.3300000
vn 0.1750000 -0.9748000 -0.1383000
v 4.4865134 -16.2397061 7.7923654
vt 0.6200000 0.3300000
vn 0.1750000 -0.9748000 -0.1383000
f 2398/2398/2398 2399/2399/2399 2400/2400/2400
v 4.5033800 -16.0373070 6.3868161
vt 0.6200000 0.3300000
vn 0.1749000 -0.9749000 -0.1381000
v 5.9314181 -15.7899303 6.4486602
vt 0.6200000 0.3300000
vn 0.1749000 -0.9749000 -0.1381000
v 5.9089293 -15.9923294 7.8485874
vt 0.6200000 0.3300000
vn 0.1749000 -0.9749000 -0.1381000
f 2401/2401/2401 2402/2402/2402 2403/2403/2403
v -1.6641704 -13.3217857 11.8853250
vt 0.6300000 0.0400000
vn -0.5547000 -0.6904000 -0.4643000
v -0.3373318 -14.4181141 11.9303026
vt 0.5600000 0.0400000
vn -0.5547000 -0.6904000 -0.4643000
v -1.5067489 -14.2044707 13.0097644
vt 0.6000000 0.0900000
vn -0.5547000 -0.6904000 -0.4643000
f 2404/2404/2404 2405/2405/2405 2406/2406/2406
v -1.6641704 -13.3217857 11.8853250
vt 0.6300000 0.0400000
vn 0.4323000 -0.7085000 0.5578000
v -3.1990302 -13.8334056 12.4250559
vt 0.6800000 0.0900000
vn 0.4323000 -0.7085000 0.5578000
v -2.4681446 -14.1088933 11.5086378
vt 0.6800000 0.0100000
vn 0.4323000 -0.7085000 0.5578000
f 2407/2407/2407 2408/2408/2408 2409/2409/2409
v -0.3373318 -14.4181141 11.9303026
vt 0.5600000 0.0400000
vn -0.7892000 0.3765000 0.4852000
v -1.0007511 -15.3232879 11.5536153
vt 0.5100000 0.0100000
vn -0.7892000 0.3765000 0.4852000
v -0.7983520 -16.0148182 12.4194337
vt 0.5100000 0.0900000
vn -0.7892000 0.3765000 0.4852000
f 2410/2410/2410 2411/2411/2411 2412/2412/2412
v -2.0464798 -15.1546220 11.2331501
vt 0.7400000 0.0900000
vn 0.0953000 -0.2175000 0.9714000
v -2.4681446 -14.1088933 11.5086378
vt 0.6800000 0.0900000
vn 0.0953000 -0.2175000 0.9714000
v -3.3733183 -14.9578451 11.4074382
vt 0.7100000 0.0500000
vn 0.0953000 -0.2175000 0.9714000
f 2413/2413/2413 2414/2414/2414 2415/2415/2415
v -2.0464798 -15.1546220 11.2331501
vt 0.7400000 0.0900000
vn -0.2254000 0.3385000 0.9136000
v -2.3781894 -16.1947285 11.5367488
vt 0.7700000 0.0500000
vn -0.2254000 0.3385000 0.9136000
v -1.0007511 -15.3232879 11.5536153
vt 0.8100000 0.0900000
vn -0.2254000 0.3385000 0.9136000
f 2416/2416/2416 2417/2417/2417 2418/2418/2418
v 4.7676233 -14.8004236 10.0131333
vt 0.6300000 0.0400000
vn 0.2331000 -0.8823000 -0.4088000
v 4.9531558 -15.5537980 11.7447701
vt 0.6000000 0.0900000
vn 0.2331000 -0.8823000 -0.4088000
v 3.4576513 -15.5425536 10.8677073
vt 0.5600000 0.0400000
vn 0.2331000 -0.8823000 -0.4088000
f 2419/2419/2419 2420/2420/2420 2421/2421/2421
v 4.7676233 -14.8004236 10.0131333
vt 0.6300000 0.0400000
vn -0.4981000 -0.6343000 0.5913000
v 5.2736210 -15.8686410 9.2934921
vt 0.6800000 0.0100000
vn -0.4981000 -0.6343000 0.5913000
v 6.2518833 -15.9136186 10.0693553
vt 0.6800000 0.0900000
vn -0.4981000 -0.6343000 0.5913000
f 2422/2422/2422 2423/2423/2423 2424/2424/2424
v 3.4576513 -15.5425536 10.8677073
vt 0.5600000 0.0400000
vn 0.9469000 0.1571000 0.2804000
v 3.5532287 -17.1223910 11.4299270
vt 0.5100000 0.0900000
vn 0.9469000 0.1571000 0.2804000
v 3.8343385 -16.6894818 10.2380212
vt 0.5100000 0.0100000
vn 0.9469000 0.1571000 0.2804000
f 2425/2425/2425 2426/2426/2426 2427/2427/2427
v 4.6832903 -16.8300368 9.3440918
vt 0.7400000 0.0900000
vn 0.1114000 -0.0161000 0.9937000
v 5.7908632 -17.1505020 9.2147813
vt 0.7100000 0.0500000
vn 0.1114000 -0.0161000 0.9937000
v 5.2736210 -15.8686410 9.2934921
vt 0.6800000 0.0900000
vn 0.1114000 -0.0161000 0.9937000
f 2428/2428/2428 2429/2429/2429 2430/2430/2430
v 4.6832903 -16.8300368 9.3440918
vt 0.7400000 0.0900000
vn 0.7190000 0.2705000 0.6403000
v 3.8343385 -16.6894818 10.2380212
vt 0.8100000 0.0900000
vn 0.7190000 0.2705000 0.6403000
v 4.5708464 -17.9151208 9.9288003
vt 0.7700000 0.0500000
vn 0.7190000 0.2705000 0.6403000
f 2431/2431/2431 2432/2432/2432 2433/2433/2433
v -2.2882343 -16.2846836 -6.2181502
vt 0.6300000 0.3700000
vn -0.1269000 -0.9357000 0.3292000
v -1.2312612 -17.4428563 -9.1023373
vt 0.7100000 0.3700000
vn -0.1269000 -0.9357000 0.3292000
v 1.1131951 -16.8806365 -6.6004596
vt 0.6700000 0.3200000
vn -0.1269000 -0.9357000 0.3292000
f 2434/2434/2434 2435/2435/2435 2436/2436/2436
v -0.2080213 -14.7329572 -4.2110257
vt 0.6300000 0.3700000
vn -0.0600000 -0.7587000 0.6487000
v -2.2882343 -16.2846836 -6.2181502
vt 0.7100000 0.3700000
vn -0.0600000 -0.7587000 0.6487000
v 1.1131951 -16.8806365 -6.6004596
vt 0.6700000 0.3200000
vn -0.0600000 -0.7587000 0.6487000
f 2437/2437/2437 2438/2438/2438 2439/2439/2439
v 2.9291648 -14.3337812 -5.0824663
vt 0.6300000 0.3700000
vn 0.2811000 -0.6313000 0.7228000
v -0.2080213 -14.7329572 -4.2110257
vt 0.7100000 0.3700000
vn 0.2811000 -0.6313000 0.7228000
v 1.1131951 -16.8806365 -6.6004596
vt 0.6700000 0.3200000
vn 0.2811000 -0.6313000 0.7228000
f 2440/2440/2440 2441/2441/2441 2442/2442/2442
v 3.9917600 -15.4919538 -7.9666535
vt 0.6300000 0.3700000
vn 0.5552000 -0.6807000 0.4779000
v 2.9291648 -14.3337812 -5.0824663
vt 0.7100000 0.3700000
vn 0.5552000 -0.6807000 0.4779000
v 1.1131951 -16.8806365 -6.6004596
vt 0.6700000 0.3200000
vn 0.5552000 -0.6807000 0.4779000
f 2443/2443/2443 2444/2444/2444 2445/2445/2445
v 1.9115471 -17.0436803 -9.9794001
vt 0.6300000 0.3700000
vn 0.4885000 -0.8583000 0.1568000
v 3.9917600 -15.4919538 -7.9666535
vt 0.7100000 0.3700000
vn 0.4885000 -0.8583000 0.1568000
v 1.1131951 -16.8806365 -6.6004596
vt 0.6700000 0.3200000
vn 0.4885000 -0.8583000 0.1568000
f 2446/2446/2446 2447/2447/2447 2448/2448/2448
v -1.2312612 -17.4428563 -9.1023373
vt 0.6300000 0.3700000
vn 0.1482000 -0.9855000 0.0826000
v 1.9115471 -17.0436803 -9.9794001
vt 0.7100000 0.3700000
vn 0.1482000 -0.9855000 0.0826000
v 1.1131951 -16.8806365 -6.6004596
vt 0.6700000 0.3200000
vn 0.1482000 -0.9855000 0.0826000
f 2449/2449/2449 2450/2450/2450 2451/2451/2451
v -2.6761659 -14.8341567 12.6724326
vt 0.7900000 0.4400000
vn 0.3411000 -0.5986000 -0.7248000
v -3.2608744 -14.9972005 12.5318777
vt 0.8100000 0.4100000
vn 0.3411000 -0.5986000 -0.7248000
v -3.3227186 -14.8622677 12.3913227
vt 0.8300000 0.4300000
vn 0.3411000 -0.5986000 -0.7248000
f 2452/2452/2452 2453/2453/2453 2454/2454/2454
v 5.9201737 -16.4870827 11.8122364
vt 0.7900000 0.4400000
vn -0.6194000 -0.7734000 0.1348000
v 6.2237724 -16.8693921 11.0138844
vt 0.8300000 0.4300000
vn -0.6194000 -0.7734000 0.1348000
v 6.3587051 -16.8637699 11.6660593
vt 0.8100000 0.4100000
vn -0.6194000 -0.7734000 0.1348000
f 2455/2455/2455 2456/2456/2456 2457/2457/2457
v 4.6158239 -17.6508776 11.6267039
vt 0.8300000 0.4300000
vn 0.8629000 0.0313000 -0.5044000
v 4.9138004 -16.9874583 12.1776792
vt 0.7900000 0.4400000
vn 0.8629000 0.0313000 -0.5044000
v 4.9475336 -17.5553002 12.2001680
vt 0.8100000 0.4100000
vn 0.8629000 0.0313000 -0.5044000
f 2458/2458/2458 2459/2459/2459 2460/2460/2460
v -2.1195684 -16.2678170 12.6274550
vt 0.8300000 0.4300000
vn -0.8267000 0.4670000 -0.3138000
v -2.2095235 -16.2003507 12.9647869
vt 0.8100000 0.4100000
vn -0.8267000 0.4670000 -0.3138000
v -1.9396581 -15.6999751 12.9985200
vt 0.7900000 0.4400000
vn -0.8267000 0.4670000 -0.3138000
f 2461/2461/2461 2462/2462/2462 2463/2463/2463
v -3.8849383 -9.9990671 -9.4171804
vt 0.4600000 0.2900000
vn -0.6541000 -0.0924000 0.7507000
v -2.1420572 -12.6977218 -8.2308968
vt 0.4600000 0.3700000
vn -0.6541000 -0.0924000 0.7507000
v -0.7646188 -11.6688597 -6.9040582
vt 0.4500000 0.3700000
vn -0.6541000 -0.0924000 0.7507000
f 2464/2464/2464 2465/2465/2465 2466/2466/2466
v -3.8849383 -9.9990671 -9.4171804
vt 0.4600000 0.2900000
vn -0.8225000 -0.5639000 -0.0744000
v -1.4449047 -13.4623406 -10.1424438
vt 0.4700000 0.3700000
vn -0.8225000 -0.5639000 -0.0744000
v -2.1420572 -12.6977218 -8.2308968
vt 0.4600000 0.3700000
vn -0.8225000 -0.5639000 -0.0744000
f 2467/2467/2467 2468/2468/2468 2469/2469/2469
v -3.8849383 -9.9990671 -9.4171804
vt 0.4600000 0.2900000
vn -0.6721000 -0.1718000 0.7203000
v -0.7646188 -11.6688597 -6.9040582
vt 0.4500000 0.3700000
vn -0.6721000 -0.1718000 0.7203000
v -0.8995516 -8.8071613 -6.3474607
vt 0.4400000 0.2900000
vn -0.6721000 -0.1718000 0.7203000
f 2470/2470/2470 2471/2471/2471 2472/2472/2472
v -3.8849383 -9.9990671 -9.4171804
vt 0.4600000 0.2900000
vn -0.4584000 -0.1391000 -0.8778000
v -0.7533744 -9.7460682 -11.0925952
vt 0.4700000 0.2900000
vn -0.4584000 -0.1391000 -0.8778000
v -1.4449047 -13.4623406 -10.1424438
vt 0.4700000 0.3700000
vn -0.4584000 -0.1391000 -0.8778000
f 2473/2473/2473 2474/2474/2474 2475/2475/2475
v -0.7646188 -11.6688597 -6.9040582
vt 0.4500000 0.3700000
vn 0.2850000 -0.1700000 0.9433000
v 1.3099720 -11.4046164 -7.4831445
vt 0.4400000 0.3700000
vn 0.2850000 -0.1700000 0.9433000
v -0.8995516 -8.8071613 -6.3474607
vt 0.4400000 0.2900000
vn 0.2850000 -0.1700000 0.9433000
f 2476/2476/2476 2477/2477/2477 2478/2478/2478
v -0.7533744 -9.7460682 -11.0925952
vt 0.4700000 0.2900000
vn -0.2394000 -0.1985000 -0.9504000
v 0.6353083 -13.1980973 -10.7215302
vt 0.4700000 0.3700000
vn -0.2394000 -0.1985000 -0.9504000
v -1.4449047 -13.4623406 -10.1424438
vt 0.4700000 0.3700000
vn -0.2394000 -0.1985000 -0.9504000
f 2479/2479/2479 2480/2480/2480 2481/2481/2481
v -0.7533744 -9.7460682 -11.0925952
vt 0.4700000 0.2900000
vn 0.6172000 0.1656000 -0.7692000
v 2.0127466 -12.1692352 -9.3946916
vt 0.4800000 0.3700000
vn 0.6172000 0.1656000 -0.7692000
v 0.6353083 -13.1980973 -10.7215302
vt 0.4700000 0.3700000
vn 0.6172000 0.1656000 -0.7692000
f 2482/2482/2482 2483/2483/2483 2484/2484/2484
v -0.7533744 -9.7460682 -11.0925952
vt 0.4700000 0.2900000
vn 0.4884000 -0.0527000 -0.8710000
v 2.2320123 -8.5597846 -9.4902690
vt 0.4800000 0.2900000
vn 0.4884000 -0.0527000 -0.8710000
v 2.0127466 -12.1692352 -9.3946916
vt 0.4800000 0.3700000
vn 0.4884000 -0.0527000 -0.8710000
f 2485/2485/2485 2486/2486/2486 2487/2487/2487
v 2.2320123 -8.5597846 -9.4902690
vt 0.4800000 0.2900000
vn 0.9313000 -0.0470000 0.3612000
v 1.3099720 -11.4046164 -7.4831445
vt 0.4900000 0.3700000
vn 0.9313000 -0.0470000 0.3612000
v 2.0127466 -12.1692352 -9.3946916
vt 0.4800000 0.3700000
vn 0.9313000 -0.0470000 0.3612000
f 2488/2488/2488 2489/2489/2489 2490/2490/2490
v 2.2320123 -8.5597846 -9.4902690
vt 0.4800000 0.2900000
vn 0.6715000 0.2694000 0.6903000
v -0.8995516 -8.8071613 -6.3474607
vt 0.4900000 0.2900000
vn 0.6715000 0.2694000 0.6903000
v 1.3099720 -11.4046164 -7.4831445
vt 0.4900000 0.3700000
vn 0.6715000 0.2694000 0.6903000
f 2491/2491/2491 2492/2492/2492 2493/2493/2493
v -1.0344843 -9.6786019 1.3661939
vt 0.3100000 0.0100000
vn -0.3270000 -0.0984000 0.9399000
v -4.8126008 -5.6643530 0.4722646
vt 0.2300000 0.2300000
vn -0.3270000 -0.0984000 0.9399000
v -6.9490358 -7.8007880 -0.4947534
vt 0.3600000 0.3000000
vn -0.3270000 -0.0984000 0.9399000
f 2494/2494/2494 2495/2495/2495 2496/2496/2496
v -1.0344843 -9.6786019 1.3661939
vt 0.3100000 0.0100000
vn -0.4074000 -0.6067000 0.6826000
v -6.9490358 -7.8007880 -0.4947534
vt 0.3600000 0.3000000
vn -0.4074000 -0.6067000 0.6826000
v -6.2125280 -9.8641344 -1.8890583
vt 0.4900000 0.2300000
vn -0.4074000 -0.6067000 0.6826000
f 2497/2497/2497 2498/2498/2498 2499/2499/2499
v -1.0344843 -9.6786019 1.3661939
vt 0.3100000 0.0100000
vn -0.5302000 -0.0514000 0.8463000
v -6.2125280 -9.8641344 -1.8890583
vt 0.4900000 0.2300000
vn -0.5302000 -0.0514000 0.8463000
v -1.5348598 -12.0174359 0.9107960
vt 0.4500000 0.0100000
vn -0.5302000 -0.0514000 0.8463000
f 2500/2500/2500 2501/2501/2501 2502/2502/2502
v 1.5067489 -9.9203563 1.3155942
vt 0.3100000 0.0100000
vn 0.5207000 0.3519000 0.7778000
v 3.2383856 -5.9960627 -1.6191928
vt 0.3600000 0.3000000
vn 0.5207000 0.3519000 0.7778000
v -0.3035987 -6.1478620 0.8208408
vt 0.2300000 0.2300000
vn 0.5207000 0.3519000 0.7778000
f 2503/2503/2503 2504/2504/2504 2505/2505/2505
v 1.5067489 -9.9203563 1.3155942
vt 0.3100000 0.0100000
vn 0.8161000 0.0689000 0.5737000
v 4.6214461 -8.3798743 -3.3002298
vt 0.4900000 0.2300000
vn 0.8161000 0.0689000 0.5737000
v 3.2383856 -5.9960627 -1.6191928
vt 0.3600000 0.3000000
vn 0.8161000 0.0689000 0.5737000
f 2506/2506/2506 2507/2507/2507 2508/2508/2508
v 1.5067489 -9.9203563 1.3155942
vt 0.3100000 0.0100000
vn 0.8395000 -0.0941000 0.5351000
v 1.5404820 -12.3041680 0.8433296
vt 0.4500000 0.0100000
vn 0.8395000 -0.0941000 0.5351000
v 4.6214461 -8.3798743 -3.3002298
vt 0.4900000 0.2300000
vn 0.8395000 -0.0941000 0.5351000
f 2509/2509/2509 2510/2510/2510 2511/2511/2511
v 1.5404820 -12.3041680 0.8433296
vt 0.3100000 0.0100000
vn 0.7526000 -0.5817000 -0.3085000
v 1.5854596 -9.2906703 -4.7282679
vt 0.4900000 0.2300000
vn 0.7526000 -0.5817000 -0.3085000
v 3.6600504 -6.6988373 -4.5539798
vt 0.3600000 0.3000000
vn 0.7526000 -0.5817000 -0.3085000
f 2512/2512/2512 2513/2513/2513 2514/2514/2514
v 1.5404820 -12.3041680 0.8433296
vt 0.3100000 0.0100000
vn 0.4492000 -0.7873000 -0.4222000
v -0.0899552 -13.0294314 0.4610202
vt 0.4500000 0.0100000
vn 0.4492000 -0.7873000 -0.4222000
v 1.5854596 -9.2906703 -4.7282679
vt 0.4900000 0.2300000
vn 0.4492000 -0.7873000 -0.4222000
f 2515/2515/2515 2516/2516/2516 2517/2517/2517
v 1.5404820 -12.3041680 0.8433296
vt 0.3100000 0.0100000
vn 0.9244000 0.0175000 0.3811000
v 3.6600504 -6.6988373 -4.5539798
vt 0.3600000 0.3000000
vn 0.9244000 0.0175000 0.3811000
v 2.5749663 -5.5856423 -1.9733912
vt 0.2300000 0.2300000
vn 0.9244000 0.0175000 0.3811000
f 2518/2518/2518 2519/2519/2519 2520/2520/2520
v -0.0899552 -13.0294314 0.4610202
vt 0.4500000 0.0100000
vn -0.5825000 -0.8116000 -0.0452000
v -1.5348598 -12.0174359 0.9107960
vt 0.3100000 0.0100000
vn -0.5825000 -0.8116000 -0.0452000
v -3.7837387 -10.0946445 -4.6383127
vt 0.4900000 0.2300000
vn -0.5825000 -0.8116000 -0.0452000
f 2521/2521/2521 2522/2522/2522 2523/2523/2523
v -1.5348598 -12.0174359 0.9107960
vt 0.3100000 0.0100000
vn -0.2051000 -0.9475000 -0.2452000
v -6.4093049 -9.7460682 -3.7893609
vt 0.3600000 0.3000000
vn -0.2051000 -0.9475000 -0.2452000
v -3.7837387 -10.0946445 -4.6383127
vt 0.4900000 0.2300000
vn -0.2051000 -0.9475000 -0.2452000
f 2524/2524/2524 2525/2525/2525 2526/2526/2526
v -1.5348598 -12.0174359 0.9107960
vt 0.3100000 0.0100000
vn -0.5328000 -0.8329000 0.1500000
v -6.6117040 -9.2681815 -1.8553251
vt 0.2300000 0.2300000
vn -0.5328000 -0.8329000 0.1500000
v -6.4093049 -9.7460682 -3.7893609
vt 0.3600000 0.3000000
vn -0.5328000 -0.8329000 0.1500000
f 2527/2527/2527 2528/2528/2528 2529/2529/2529
v -0.0899552 -13.0294314 0.4610202
vt 0.3600000 0.0100000
vn 0.4425000 -0.8589000 -0.2579000
v 3.2046524 -10.2127106 -3.2664966
vt 0.2300000 0.2300000
vn 0.4425000 -0.8589000 -0.2579000
v 1.5404820 -12.3041680 0.8433296
vt 0.2600000 0.0100000
vn 0.4425000 -0.8589000 -0.2579000
f 2530/2530/2530 2531/2531/2531 2532/2532/2532
v -0.0899552 -13.0294314 0.4610202
vt 0.3600000 0.0100000
vn 0.1501000 -0.8481000 -0.5082000
v -2.2095235 -10.2914214 -4.7338901
vt 0.3600000 0.3000000
vn 0.1501000 -0.8481000 -0.5082000
v 3.2046524 -10.2127106 -3.2664966
vt 0.2300000 0.2300000
vn 0.1501000 -0.8481000 -0.5082000
f 2533/2533/2533 2534/2534/2534 2535/2535/2535
v -0.0899552 -13.0294314 0.4610202
vt 0.3600000 0.0100000
vn -0.6000000 -0.7823000 -0.1675000
v -1.5348598 -12.0174359 0.9107960
vt 0.4500000 0.0100000
vn -0.6000000 -0.7823000 -0.1675000
v -2.2095235 -10.2914214 -4.7338901
vt 0.3600000 0.3000000
vn -0.6000000 -0.7823000 -0.1675000
f 2536/2536/2536 2537/2537/2537 2538/2538/2538
v -1.5348598 -12.0174359 0.9107960
vt 0.4500000 0.0100000
vn -0.0399000 -0.9569000 -0.2878000
v -5.2005325 -10.9379740 -2.1701681
vt 0.4900000 0.2300000
vn -0.0399000 -0.9569000 -0.2878000
v -2.2095235 -10.2914214 -4.7338901
vt 0.3600000 0.3000000
vn -0.0399000 -0.9569000 -0.2878000
f 2539/2539/2539 2540/2540/2540 2541/2541/2541
v -2.5187444 -1.3408833 -2.4231670
vt 0.3600000 0.3000000
vn -0.2551000 0.4349000 0.8636000
v -5.0149999 -3.1399865 -2.2545011
vt 0.2300000 0.2300000
vn -0.2551000 0.4349000 0.8636000
v -1.2818610 -8.2505638 1.4224159
vt 0.3100000 0.0100000
vn -0.2551000 0.4349000 0.8636000
f 2542/2542/2542 2543/2543/2543 2544/2544/2544
v -2.5187444 -1.3408833 -2.4231670
vt 0.3600000 0.3000000
vn 0.5918000 0.4703000 0.6547000
v -1.2818610 -8.2505638 1.4224159
vt 0.3100000 0.0100000
vn 0.5918000 0.4703000 0.6547000
v 0.9726401 -8.8802499 -0.1630437
vt 0.4500000 0.0100000
vn 0.5918000 0.4703000 0.6547000
f 2545/2545/2545 2546/2546/2546 2547/2547/2547
v -2.5187444 -1.3408833 -2.4231670
vt 0.3600000 0.3000000
vn 0.6581000 0.4789000 0.5810000
v 0.9726401 -8.8802499 -0.1630437
vt 0.4500000 0.0100000
vn 0.6581000 0.4789000 0.5810000
v -0.1180661 -3.6234954 -3.2608744
vt 0.4900000 0.2300000
vn 0.6581000 0.4789000 0.5810000
f 2548/2548/2548 2549/2549/2549 2550/2550/2550
v -1.2818610 -8.2505638 1.4224159
vt 0.4700000 0.3700000
vn -0.5949000 -0.1343000 0.7925000
v -2.4793890 -10.4769539 0.1461771
vt 0.4600000 0.3700000
vn -0.5949000 -0.1343000 0.7925000
v -1.0344843 -9.6786019 1.3661939
vt 0.4600000 0.3100000
vn -0.5949000 -0.1343000 0.7925000
f 2551/2551/2551 2552/2552/2552 2553/2553/2553
v -1.2818610 -8.2505638 1.4224159
vt 0.4700000 0.3700000
vn 0.0164000 -0.0365000 0.9992000
v -1.0344843 -9.6786019 1.3661939
vt 0.4600000 0.3100000
vn 0.0164000 -0.0365000 0.9992000
v 1.5067489 -9.9203563 1.3155942
vt 0.4700000 0.3100000
vn 0.0164000 -0.0365000 0.9992000
f 2554/2554/2554 2555/2555/2555 2556/2556/2556
v -1.2818610 -8.2505638 1.4224159
vt 0.4700000 0.3700000
vn 0.4861000 0.7877000 0.3785000
v 1.5067489 -9.9203563 1.3155942
vt 0.4700000 0.3100000
vn 0.4861000 0.7877000 0.3785000
v 0.9726401 -8.8802499 -0.1630437
vt 0.4800000 0.3700000
vn 0.4861000 0.7877000 0.3785000
f 2557/2557/2557 2558/2558/2558 2559/2559/2559
v -2.4793890 -10.4769539 0.1461771
vt 0.4600000 0.3700000
vn -0.6411000 -0.0122000 0.7673000
v -1.5348598 -12.0174359 0.9107960
vt 0.4500000 0.2900000
vn -0.6411000 -0.0122000 0.7673000
v -1.0344843 -9.6786019 1.3661939
vt 0.4600000 0.3100000
vn -0.6411000 -0.0122000 0.7673000
f 2560/2560/2560 2561/2561/2561 2562/2562/2562
v -2.4793890 -10.4769539 0.1461771
vt 0.4600000 0.3700000
vn -0.7139000 -0.6091000 -0.3453000
v -1.3380829 -10.9604628 -1.3605717
vt 0.4400000 0.3700000
vn -0.7139000 -0.6091000 -0.3453000
v -1.5348598 -12.0174359 0.9107960
vt 0.4500000 0.2900000
vn -0.7139000 -0.6091000 -0.3453000
f 2563/2563/2563 2564/2564/2564 2565/2565/2565
v 1.5067489 -9.9203563 1.3155942
vt 0.4700000 0.3100000
vn 0.9532000 0.0717000 -0.2939000
v 1.5404820 -12.3041680 0.8433296
vt 0.4800000 0.2900000
vn 0.9532000 0.0717000 -0.2939000
v 0.9726401 -8.8802499 -0.1630437
vt 0.4800000 0.3700000
vn 0.9532000 0.0717000 -0.2939000
f 2566/2566/2566 2567/2567/2567 2568/2568/2568
v -1.3380829 -10.9604628 -1.3605717
vt 0.4400000 0.3700000
vn -0.6072000 -0.6990000 -0.3779000
v -0.0899552 -13.0294314 0.4610202
vt 0.4400000 0.2900000
vn -0.6072000 -0.6990000 -0.3779000
v -1.5348598 -12.0174359 0.9107960
vt 0.4500000 0.2900000
vn -0.6072000 -0.6990000 -0.3779000
f 2569/2569/2569 2570/2570/2570 2571/2571/2571
v 1.5404820 -12.3041680 0.8433296
vt 0.4800000 0.2900000
vn 0.5568000 -0.1479000 -0.8174000
v -1.3380829 -10.9604628 -1.3605717
vt 0.4900000 0.3700000
vn 0.5568000 -0.1479000 -0.8174000
v 0.9726401 -8.8802499 -0.1630437
vt 0.4800000 0.3700000
vn 0.5568000 -0.1479000 -0.8174000
f 2572/2572/2572 2573/2573/2573 2574/2574/2574
v 1.5404820 -12.3041680 0.8433296
vt 0.4800000 0.2900000
vn 0.3923000 -0.4631000 -0.7948000
v -0.0899552 -13.0294314 0.4610202
vt 0.4900000 0.2900000
vn 0.3923000 -0.4631000 -0.7948000
v -1.3380829 -10.9604628 -1.3605717
vt 0.4900000 0.3700000
vn 0.3923000 -0.4631000 -0.7948000
f 2575/2575/2575 2576/2576/2576 2577/2577/2577
v 1.1188173 -5.6868418 -4.8632006
vt 0.3600000 0.3000000
vn 0.8972000 0.3519000 0.2670000
v 0.1011996 -4.0564046 -3.5925840
vt 0.2300000 0.2300000
vn 0.8972000 0.3519000 0.2670000
v 0.9726401 -8.8802499 -0.1630437
vt 0.2600000 0.0100000
vn 0.8972000 0.3519000 0.2670000
f 2578/2578/2578 2579/2579/2579 2580/2580/2580
v 1.1188173 -5.6868418 -4.8632006
vt 0.3600000 0.3000000
vn 0.7200000 -0.5842000 -0.3745000
v 0.9726401 -8.8802499 -0.1630437
vt 0.2600000 0.0100000
vn 0.7200000 -0.5842000 -0.3745000
v -1.3380829 -10.9604628 -1.3605717
vt 0.4500000 0.0100000
vn 0.7200000 -0.5842000 -0.3745000
f 2581/2581/2581 2582/2582/2582 2583/2583/2583
v 1.1188173 -5.6868418 -4.8632006
vt 0.3600000 0.3000000
vn 0.6837000 -0.5971000 -0.4194000
v -1.3380829 -10.9604628 -1.3605717
vt 0.4500000 0.0100000
vn 0.6837000 -0.5971000 -0.4194000
v -1.4449047 -8.2393194 -5.4085538
vt 0.4900000 0.2300000
vn 0.6837000 -0.5971000 -0.4194000
f 2584/2584/2584 2585/2585/2585 2586/2586/2586
v -6.9434136 -9.0151826 -6.0157511
vt 0.3600000 0.3000000
vn 0.1262000 -0.8520000 -0.5080000
v -3.9130493 -8.5260514 -6.0832174
vt 0.2300000 0.2300000
vn 0.1262000 -0.8520000 -0.5080000
v -1.3380829 -10.9604628 -1.3605717
vt 0.2600000 0.0100000
vn 0.1262000 -0.8520000 -0.5080000
f 2587/2587/2587 2588/2588/2588 2589/2589/2589
v -6.9434136 -9.0151826 -6.0157511
vt 0.3600000 0.3000000
vn -0.3523000 -0.9353000 0.0333000
v -1.3380829 -10.9604628 -1.3605717
vt 0.2600000 0.0100000
vn -0.3523000 -0.9353000 0.0333000
v -2.4793890 -10.4769539 0.1461771
vt 0.4500000 0.0100000
vn -0.3523000 -0.9353000 0.0333000
f 2590/2590/2590 2591/2591/2591 2592/2592/2592
v -6.9434136 -9.0151826 -6.0157511
vt 0.3600000 0.3000000
vn -0.6918000 -0.6307000 0.3516000
v -2.4793890 -10.4769539 0.1461771
vt 0.4500000 0.0100000
vn -0.6918000 -0.6307000 0.3516000
v -7.1233239 -7.2947902 -3.2833632
vt 0.4900000 0.2300000
vn -0.6918000 -0.6307000 0.3516000
f 2593/2593/2593 2594/2594/2594 2595/2595/2595
v -7.5393665 -4.8210234 -1.7709921
vt 0.3600000 0.3000000
vn -0.6800000 -0.4002000 0.6143000
v -7.0895907 -8.1662308 -3.4520291
vt 0.2300000 0.2300000
vn -0.6800000 -0.4002000 0.6143000
v -2.4793890 -10.4769539 0.1461771
vt 0.2600000 0.0100000
vn -0.6800000 -0.4002000 0.6143000
f 2596/2596/2596 2597/2597/2597 2598/2598/2598
v -7.5393665 -4.8210234 -1.7709921
vt 0.3600000 0.3000000
vn -0.5272000 -0.1910000 0.8280000
v -2.4793890 -10.4769539 0.1461771
vt 0.2600000 0.0100000
vn -0.5272000 -0.1910000 0.8280000
v -1.2818610 -8.2505638 1.4224159
vt 0.4000000 0.0100000
vn -0.5272000 -0.1910000 0.8280000
f 2599/2599/2599 2600/2600/2600 2601/2601/2601
v -7.5393665 -4.8210234 -1.7709921
vt 0.3600000 0.3000000
vn -0.2010000 0.4456000 0.8724000
v -1.2818610 -8.2505638 1.4224159
vt 0.4000000 0.0100000
vn -0.2010000 0.4456000 0.8724000
v -4.7788677 -3.2130750 -1.9565246
vt 0.4900000 0.2300000
vn -0.2010000 0.4456000 0.8724000
f 2602/2602/2602 2603/2603/2603 2604/2604/2604
v -8.7087835 0.3176648 -4.8294674
vt 0.3600000 0.3000000
vn -0.3501000 0.2948000 0.8891000
v -9.9288003 -3.4885627 -4.0479820
vt 0.2300000 0.2300000
vn -0.3501000 0.2948000 0.8891000
v -4.6776681 -7.0867689 -0.7871076
vt 0.3100000 0.0100000
vn -0.3501000 0.2948000 0.8891000
f 2605/2605/2605 2606/2606/2606 2607/2607/2607
v -8.7087835 0.3176648 -4.8294674
vt 0.3600000 0.3000000
vn -0.3354000 0.3041000 0.8916000
v -4.6776681 -7.0867689 -0.7871076
vt 0.3100000 0.0100000
vn -0.3354000 0.3041000 0.8916000
v -2.5131222 -5.2764214 -0.5903307
vt 0.4500000 0.0100000
vn -0.3354000 0.3041000 0.8916000
f 2608/2608/2608 2609/2609/2609 2610/2610/2610
v -8.7087835 0.3176648 -4.8294674
vt 0.3600000 0.3000000
vn 0.2104000 0.7277000 0.6528000
v -2.5131222 -5.2764214 -0.5903307
vt 0.4500000 0.0100000
vn 0.2104000 0.7277000 0.6528000
v -4.3909361 -0.3963542 -5.4254203
vt 0.4900000 0.2300000
vn 0.2104000 0.7277000 0.6528000
f 2611/2611/2611 2612/2612/2612 2613/2613/2613
v -2.4793890 -10.4769539 0.1461771
vt 0.4600000 0.2900000
vn -0.8474000 -0.5012000 0.1754000
v -4.6776681 -7.0867689 -0.7871076
vt 0.4700000 0.3700000
vn -0.8474000 -0.5012000 0.1754000
v -4.0592264 -8.7284505 -2.4906334
vt 0.4600000 0.3700000
vn -0.8474000 -0.5012000 0.1754000
f 2614/2614/2614 2615/2615/2615 2616/2616/2616
v -2.4793890 -10.4769539 0.1461771
vt 0.4600000 0.2900000
vn -0.5750000 -0.1516000 0.8040000
v -1.2818610 -8.2505638 1.4224159
vt 0.4700000 0.3100000
vn -0.5750000 -0.1516000 0.8040000
v -4.6776681 -7.0867689 -0.7871076
vt 0.4700000 0.3700000
vn -0.5750000 -0.1516000 0.8040000
f 2617/2617/2617 2618/2618/2618 2619/2619/2619
v -2.4793890 -10.4769539 0.1461771
vt 0.4600000 0.2900000
vn -0.5774000 -0.7960000 -0.1819000
v -4.0592264 -8.7284505 -2.4906334
vt 0.4600000 0.3700000
vn -0.5774000 -0.7960000 -0.1819000
v -1.3380829 -10.9604628 -1.3605717
vt 0.4400000 0.2900000
vn -0.5774000 -0.7960000 -0.1819000
f 2620/2620/2620 2621/2621/2621 2622/2622/2622
v -1.2818610 -8.2505638 1.4224159
vt 0.4700000 0.3100000
vn -0.4034000 0.3924000 0.8266000
v -2.5131222 -5.2764214 -0.5903307
vt 0.4800000 0.3700000
vn -0.4034000 0.3924000 0.8266000
v -4.6776681 -7.0867689 -0.7871076
vt 0.4700000 0.3700000
vn -0.4034000 0.3924000 0.8266000
f 2623/2623/2623 2624/2624/2624 2625/2625/2625
v -1.2818610 -8.2505638 1.4224159
vt 0.4700000 0.3100000
vn 0.5626000 0.6103000 0.5577000
v 0.9726401 -8.8802499 -0.1630437
vt 0.4700000 0.2900000
vn 0.5626000 0.6103000 0.5577000
v -2.5131222 -5.2764214 -0.5903307
vt 0.4800000 0.3700000
vn 0.5626000 0.6103000 0.5577000
f 2626/2626/2626 2627/2627/2627 2628/2628/2628
v -4.0592264 -8.7284505 -2.4906334
vt 0.4600000 0.3700000
vn 0.0785000 -0.3725000 -0.9247000
v -0.1742881 -7.0305470 -2.8448318
vt 0.4400000 0.3700000
vn 0.0785000 -0.3725000 -0.9247000
v -1.3380829 -10.9604628 -1.3605717
vt 0.4400000 0.2900000
vn 0.0785000 -0.3725000 -0.9247000
f 2629/2629/2629 2630/2630/2630 2631/2631/2631
v 0.9726401 -8.8802499 -0.1630437
vt 0.4700000 0.2900000
vn 0.6960000 0.6947000 0.1815000
v -0.1742881 -7.0305470 -2.8448318
vt 0.4900000 0.3700000
vn 0.6960000 0.6947000 0.1815000
v -2.5131222 -5.2764214 -0.5903307
vt 0.4800000 0.3700000
vn 0.6960000 0.6947000 0.1815000
f 2632/2632/2632 2633/2633/2633 2634/2634/2634
v 0.9726401 -8.8802499 -0.1630437
vt 0.4700000 0.2900000
vn 0.6879000 -0.4257000 -0.5878000
v -1.3380829 -10.9604628 -1.3605717
vt 0.4900000 0.2900000
vn 0.6879000 -0.4257000 -0.5878000
v -0.1742881 -7.0305470 -2.8448318
vt 0.4900000 0.3700000
vn 0.6879000 -0.4257000 -0.5878000
f 2635/2635/2635 2636/2636/2636 2637/2637/2637
v -1.9396581 -0.5762645 -7.5000111
vt 0.3600000 0.3000000
vn 0.3994000 0.7423000 0.5381000
v -4.8800672 -0.3063991 -5.6896636
vt 0.2300000 0.2300000
vn 0.3994000 0.7423000 0.5381000
v -2.5131222 -5.2764214 -0.5903307
vt 0.2600000 0.0100000
vn 0.3994000 0.7423000 0.5381000
f 2638/2638/2638 2639/2639/2639 2640/2640/2640
v -1.9396581 -0.5762645 -7.5000111
vt 0.3600000 0.3000000
vn 0.7653000 0.5009000 0.4042000
v -2.5131222 -5.2764214 -0.5903307
vt 0.2600000 0.0100000
vn 0.7653000 0.5009000 0.4042000
v -0.1742881 -7.0305470 -2.8448318
vt 0.4500000 0.0100000
vn 0.7653000 0.5009000 0.4042000
f 2641/2641/2641 2642/2642/2642 2643/2643/2643
v -1.9396581 -0.5762645 -7.5000111
vt 0.3600000 0.3000000
vn 0.8083000 0.4735000 0.3500000
v -0.1742881 -7.0305470 -2.8448318
vt 0.4500000 0.0100000
vn 0.8083000 0.4735000 0.3500000
v 0.0224888 -3.6516064 -7.8710761
vt 0.4900000 0.2300000
vn 0.8083000 0.4735000 0.3500000
f 2644/2644/2644 2645/2645/2645 2646/2646/2646
v -10.3785761 -6.5357936 -6.2575055
vt 0.3600000 0.3000000
vn -0.4584000 -0.8443000 0.2775000
v -7.3875672 -8.7396949 -8.0228755
vt 0.2300000 0.2300000
vn -0.4584000 -0.8443000 0.2775000
v -4.0592264 -8.7284505 -2.4906334
vt 0.2600000 0.0100000
vn -0.4584000 -0.8443000 0.2775000
f 2647/2647/2647 2648/2648/2648 2649/2649/2649
v -10.3785761 -6.5357936 -6.2575055
vt 0.3600000 0.3000000
vn -0.5293000 -0.6988000 0.4812000
v -4.0592264 -8.7284505 -2.4906334
vt 0.2600000 0.0100000
vn -0.5293000 -0.6988000 0.4812000
v -4.6776681 -7.0867689 -0.7871076
vt 0.4000000 0.0100000
vn -0.5293000 -0.6988000 0.4812000
f 2650/2650/2650 2651/2651/2651 2652/2652/2652
v -10.3785761 -6.5357936 -6.2575055
vt 0.3600000 0.3000000
vn -0.6908000 -0.1701000 0.7028000
v -4.6776681 -7.0867689 -0.7871076
vt 0.4000000 0.0100000
vn -0.6908000 -0.1701000 0.7028000
v -8.9392936 -3.0668979 -4.0030044
vt 0.4900000 0.2300000
vn -0.6908000 -0.1701000 0.7028000
f 2653/2653/2653 2654/2654/2654 2655/2655/2655
v -4.5764686 -0.7955302 -10.6428194
vt 0.3600000 0.3000000
vn 0.0251000 0.8894000 0.4565000
v -7.9441647 -1.4477051 -9.1866703
vt 0.2300000 0.2300000
vn 0.0251000 0.8894000 0.4565000
v -5.5041311 -3.9664495 -4.4134248
vt 0.3100000 0.0100000
vn 0.0251000 0.8894000 0.4565000
f 2656/2656/2656 2657/2657/2657 2658/2658/2658
v -4.5764686 -0.7955302 -10.6428194
vt 0.3600000 0.3000000
vn -0.1424000 0.8905000 0.4321000
v -5.5041311 -3.9664495 -4.4134248
vt 0.3100000 0.0100000
vn -0.1424000 0.8905000 0.4321000
v -2.8616984 -3.8877387 -3.7050280
vt 0.4500000 0.0100000
vn -0.1424000 0.8905000 0.4321000
f 2659/2659/2659 2660/2660/2660 2661/2661/2661
v -4.5764686 -0.7955302 -10.6428194
vt 0.3600000 0.3000000
vn 0.4217000 0.8624000 0.2801000
v -2.8616984 -3.8877387 -3.7050280
vt 0.4500000 0.0100000
vn 0.4217000 0.8624000 0.2801000
v -2.1308128 -2.2854125 -9.7376456
vt 0.4900000 0.2300000
vn 0.4217000 0.8624000 0.2801000
f 2662/2662/2662 2663/2663/2663 2664/2664/2664
v -4.6776681 -7.0867689 -0.7871076
vt 0.4600000 0.2900000
vn -0.5881000 0.5419000 0.6004000
v -5.5041311 -3.9664495 -4.4134248
vt 0.4700000 0.3700000
vn -0.5881000 0.5419000 0.6004000
v -6.8253475 -6.4964382 -3.4239181
vt 0.4600000 0.3700000
vn -0.5881000 0.5419000 0.6004000
f 2665/2665/2665 2666/2666/2666 2667/2667/2667
v -4.6776681 -7.0867689 -0.7871076
vt 0.4600000 0.2900000
vn -0.5370000 0.5750000 0.6172000
v -2.5131222 -5.2764214 -0.5903307
vt 0.4700000 0.3100000
vn -0.5370000 0.5750000 0.6172000
v -5.5041311 -3.9664495 -4.4134248
vt 0.4700000 0.3700000
vn -0.5370000 0.5750000 0.6172000
f 2668/2668/2668 2669/2669/2669 2670/2670/2670
v -4.6776681 -7.0867689 -0.7871076
vt 0.4600000 0.2900000
vn -0.6545000 -0.6490000 0.3878000
v -6.8253475 -6.4964382 -3.4239181
vt 0.4600000 0.3700000
vn -0.6545000 -0.6490000 0.3878000
v -4.0592264 -8.7284505 -2.4906334
vt 0.4400000 0.2900000
vn -0.6545000 -0.6490000 0.3878000
f 2671/2671/2671 2672/2672/2672 2673/2673/2673
v -2.5131222 -5.2764214 -0.5903307
vt 0.4700000 0.3100000
vn -0.1383000 0.8987000 0.4162000
v -2.8616984 -3.8877387 -3.7050280
vt 0.4800000 0.3700000
vn -0.1383000 0.8987000 0.4162000
v -5.5041311 -3.9664495 -4.4134248
vt 0.4700000 0.3700000
vn -0.1383000 0.8987000 0.4162000
f 2674/2674/2674 2675/2675/2675 2676/2676/2676
v -2.5131222 -5.2764214 -0.5903307
vt 0.4700000 0.3100000
vn 0.7114000 0.6680000 0.2182000
v -0.1742881 -7.0305470 -2.8448318
vt 0.4700000 0.2900000
vn 0.7114000 0.6680000 0.2182000
v -2.8616984 -3.8877387 -3.7050280
vt 0.4800000 0.3700000
vn 0.7114000 0.6680000 0.2182000
f 2677/2677/2677 2678/2678/2678 2679/2679/2679
v -6.8253475 -6.4964382 -3.4239181
vt 0.4600000 0.3700000
vn -0.3139000 -0.6702000 -0.6725000
v -3.6375616 -7.1036355 -4.3066031
vt 0.4400000 0.3700000
vn -0.3139000 -0.6702000 -0.6725000
v -4.0592264 -8.7284505 -2.4906334
vt 0.4400000 0.2900000
vn -0.3139000 -0.6702000 -0.6725000
f 2680/2680/2680 2681/2681/2681 2682/2682/2682
v -0.1742881 -7.0305470 -2.8448318
vt 0.4700000 0.2900000
vn 0.3862000 0.0787000 -0.9190000
v -3.6375616 -7.1036355 -4.3066031
vt 0.4900000 0.3700000
vn 0.3862000 0.0787000 -0.9190000
v -2.8616984 -3.8877387 -3.7050280
vt 0.4800000 0.3700000
vn 0.3862000 0.0787000 -0.9190000
f 2683/2683/2683 2684/2684/2684 2685/2685/2685
v -0.1742881 -7.0305470 -2.8448318
vt 0.4700000 0.2900000
vn 0.2715000 -0.7477000 -0.6060000
v -4.0592264 -8.7284505 -2.4906334
vt 0.4900000 0.2900000
vn 0.2715000 -0.7477000 -0.6060000
v -3.6375616 -7.1036355 -4.3066031
vt 0.4900000 0.3700000
vn 0.2715000 -0.7477000 -0.6060000
f 2686/2686/2686 2687/2687/2687 2688/2688/2688
v -0.7871076 -4.3318923 -9.3553362
vt 0.3600000 0.3000000
vn 0.8710000 0.3977000 0.2885000
v -2.3388341 -0.7786636 -9.5689797
vt 0.2300000 0.2300000
vn 0.8710000 0.3977000 0.2885000
v -2.8616984 -3.8877387 -3.7050280
vt 0.2600000 0.0100000
vn 0.8710000 0.3977000 0.2885000
f 2689/2689/2689 2690/2690/2690 2691/2691/2691
v -0.7871076 -4.3318923 -9.3553362
vt 0.3600000 0.3000000
vn 0.8935000 -0.2811000 0.3502000
v -2.8616984 -3.8877387 -3.7050280
vt 0.2600000 0.0100000
vn 0.8935000 -0.2811000 0.3502000
v -3.6375616 -7.1036355 -4.3066031
vt 0.4500000 0.0100000
vn 0.8935000 -0.2811000 0.3502000
f 2692/2692/2692 2693/2693/2693 2694/2694/2694
v -0.7871076 -4.3318923 -9.3553362
vt 0.3600000 0.3000000
vn 0.8196000 -0.5498000 0.1609000
v -3.6375616 -7.1036355 -4.3066031
vt 0.4500000 0.0100000
vn 0.8196000 -0.5498000 0.1609000
v -3.3452074 -7.8345212 -8.2927409
vt 0.4900000 0.2300000
vn 0.8196000 -0.5498000 0.1609000
f 2695/2695/2695 2696/2696/2696 2697/2697/2697
v -8.0903418 -3.6178732 -9.0404932
vt 0.3600000 0.3000000
vn -0.9777000 -0.0226000 0.2086000
v -7.8204764 -6.8281479 -8.1240750
vt 0.2300000 0.2300000
vn -0.9777000 -0.0226000 0.2086000
v -6.8253475 -6.4964382 -3.4239181
vt 0.2600000 0.0100000
vn -0.9777000 -0.0226000 0.2086000
f 2698/2698/2698 2699/2699/2699 2700/2700/2700
v -8.0903418 -3.6178732 -9.0404932
vt 0.3600000 0.3000000
vn -0.7138000 0.5449000 0.4400000
v -6.8253475 -6.4964382 -3.4239181
vt 0.2600000 0.0100000
vn -0.7138000 0.5449000 0.4400000
v -5.5041311 -3.9664495 -4.4134248
vt 0.4000000 0.0100000
vn -0.7138000 0.5449000 0.4400000
f 2701/2701/2701 2702/2702/2702 2703/2703/2703
v -8.0903418 -3.6178732 -9.0404932
vt 0.3600000 0.3000000
vn -0.7955000 0.3786000 0.4731000
v -5.5041311 -3.9664495 -4.4134248
vt 0.4000000 0.0100000
vn -0.7955000 0.3786000 0.4731000
v -7.1008351 -1.3352612 -9.2035369
vt 0.4900000 0.2300000
vn -0.7955000 0.3786000 0.4731000
f 2704/2704/2704 2705/2705/2705 2706/2706/2706
v -4.3515807 -9.2850481 -11.9584135
vt 0.3600000 0.3000000
vn -0.5783000 0.2877000 -0.7634000
v -6.3699495 -10.7018418 -10.9632846
vt 0.2300000 0.2300000
vn -0.5783000 0.2877000 -0.7634000
v -6.7522589 -5.6812196 -8.7818721
vt 0.3100000 0.0100000
vn -0.5783000 0.2877000 -0.7634000
f 2707/2707/2707 2708/2708/2708 2709/2709/2709
v -4.3515807 -9.2850481 -11.9584135
vt 0.3600000 0.3000000
vn -0.2878000 0.5182000 -0.8054000
v -6.7522589 -5.6812196 -8.7818721
vt 0.3100000 0.0100000
vn -0.2878000 0.5182000 -0.8054000
v -4.1548038 -3.5222959 -8.3208519
vt 0.4500000 0.0100000
vn -0.2878000 0.5182000 -0.8054000
f 2710/2710/2710 2711/2711/2711 2712/2712/2712
v -4.3515807 -9.2850481 -11.9584135
vt 0.3600000 0.3000000
vn -0.3587000 0.5070000 -0.7838000
v -4.1548038 -3.5222959 -8.3208519
vt 0.4500000 0.0100000
vn -0.3587000 0.5070000 -0.7838000
v -0.6128195 -6.3446389 -11.7672588
vt 0.4900000 0.2300000
vn -0.3587000 0.5070000 -0.7838000
f 2713/2713/2713 2714/2714/2714 2715/2715/2715
v -6.8253475 -6.4964382 -3.4239181
vt 0.4600000 0.2900000
vn -0.9245000 -0.3748000 -0.0696000
v -6.7522589 -5.6812196 -8.7818721
vt 0.4700000 0.3700000
vn -0.9245000 -0.3748000 -0.0696000
v -6.4767712 -6.8787476 -5.9932623
vt 0.4600000 0.3700000
vn -0.9245000 -0.3748000 -0.0696000
f 2716/2716/2716 2717/2717/2717 2718/2718/2718
v -6.8253475 -6.4964382 -3.4239181
vt 0.4600000 0.2900000
vn -0.8747000 0.4807000 0.0612000
v -5.5041311 -3.9664495 -4.4134248
vt 0.4700000 0.3100000
vn -0.8747000 0.4807000 0.0612000
v -6.7522589 -5.6812196 -8.7818721
vt 0.4700000 0.3700000
vn -0.8747000 0.4807000 0.0612000
f 2719/2719/2719 2720/2720/2720 2721/2721/2721
v -6.8253475 -6.4964382 -3.4239181
vt 0.4600000 0.2900000
vn -0.1521000 -0.9804000 0.1253000
v -6.4767712 -6.8787476 -5.9932623
vt 0.4600000 0.3700000
vn -0.1521000 -0.9804000 0.1253000
v -3.6375616 -7.1036355 -4.3066031
vt 0.4400000 0.2900000
vn -0.1521000 -0.9804000 0.1253000
f 2722/2722/2722 2723/2723/2723 2724/2724/2724
v -5.5041311 -3.9664495 -4.4134248
vt 0.4700000 0.3100000
vn -0.6207000 0.7738000 -0.1264000
v -4.1548038 -3.5222959 -8.3208519
vt 0.4800000 0.3700000
vn -0.6207000 0.7738000 -0.1264000
v -6.7522589 -5.6812196 -8.7818721
vt 0.4700000 0.3700000
vn -0.6207000 0.7738000 -0.1264000
f 2725/2725/2725 2726/2726/2726 2727/2727/2727
v -5.5041311 -3.9664495 -4.4134248
vt 0.4700000 0.3100000
vn -0.0548000 0.9941000 0.0941000
v -2.8616984 -3.8877387 -3.7050280
vt 0.4700000 0.2900000
vn -0.0548000 0.9941000 0.0941000
v -4.1548038 -3.5222959 -8.3208519
vt 0.4800000 0.3700000
vn -0.0548000 0.9941000 0.0941000
f 2728/2728/2728 2729/2729/2729 2730/2730/2730
v -6.4767712 -6.8787476 -5.9932623
vt 0.4600000 0.3700000
vn 0.3799000 -0.5841000 -0.7173000
v -2.7942320 -4.0901378 -6.3137275
vt 0.4400000 0.3700000
vn 0.3799000 -0.5841000 -0.7173000
v -3.6375616 -7.1036355 -4.3066031
vt 0.4400000 0.2900000
vn 0.3799000 -0.5841000 -0.7173000
f 2731/2731/2731 2732/2732/2732 2733/2733/2733
v -2.8616984 -3.8877387 -3.7050280
vt 0.4700000 0.2900000
vn 0.4552000 0.8886000 -0.0572000
v -2.7942320 -4.0901378 -6.3137275
vt 0.4900000 0.3700000
vn 0.4552000 0.8886000 -0.0572000
v -4.1548038 -3.5222959 -8.3208519
vt 0.4800000 0.3700000
vn 0.4552000 0.8886000 -0.0572000
f 2734/2734/2734 2735/2735/2735 2736/2736/2736
v -2.8616984 -3.8877387 -3.7050280
vt 0.4700000 0.2900000
vn 0.9693000 -0.2420000 0.0438000
v -3.6375616 -7.1036355 -4.3066031
vt 0.4900000 0.2900000
vn 0.9693000 -0.2420000 0.0438000
v -2.7942320 -4.0901378 -6.3137275
vt 0.4900000 0.3700000
vn 0.9693000 -0.2420000 0.0438000
f 2737/2737/2737 2738/2738/2738 2739/2739/2739
v 2.9572758 -4.5624024 -11.4411714
vt 0.3600000 0.3000000
vn -0.1344000 0.8069000 -0.5752000
v -1.4673935 -5.8723743 -12.2451456
vt 0.2300000 0.2300000
vn -0.1344000 0.8069000 -0.5752000
v -4.1548038 -3.5222959 -8.3208519
vt 0.2600000 0.0100000
vn -0.1344000 0.8069000 -0.5752000
f 2740/2740/2740 2741/2741/2741 2742/2742/2742
v 2.9572758 -4.5624024 -11.4411714
vt 0.3600000 0.3000000
vn 0.2021000 0.9697000 0.1374000
v -4.1548038 -3.5222959 -8.3208519
vt 0.2600000 0.0100000
vn 0.2021000 0.9697000 0.1374000
v -2.7942320 -4.0901378 -6.3137275
vt 0.4500000 0.0100000
vn 0.2021000 0.9697000 0.1374000
f 2743/2743/2743 2744/2744/2744 2745/2745/2745
v 2.9572758 -4.5624024 -11.4411714
vt 0.3600000 0.3000000
vn 0.4871000 0.7302000 0.4791000
v -2.7942320 -4.0901378 -6.3137275
vt 0.4500000 0.0100000
vn 0.4871000 0.7302000 0.4791000
v 2.3781894 -6.3783721 -8.0847196
vt 0.4900000 0.2300000
vn 0.4871000 0.7302000 0.4791000
f 2746/2746/2746 2747/2747/2747 2748/2748/2748
v 2.5018778 -7.4241008 -5.0093777
vt 0.3600000 0.3000000
vn 0.3955000 0.8028000 0.4462000
v 2.2545011 -4.9615784 -9.2204035
vt 0.2300000 0.2300000
vn 0.3955000 0.8028000 0.4462000
v -2.7942320 -4.0901378 -6.3137275
vt 0.2600000 0.0100000
vn 0.3955000 0.8028000 0.4462000
f 2749/2749/2749 2750/2750/2750 2751/2751/2751
v 2.5018778 -7.4241008 -5.0093777
vt 0.3600000 0.3000000
vn -0.0920000 0.2327000 0.9682000
v -2.7942320 -4.0901378 -6.3137275
vt 0.2600000 0.0100000
vn -0.0920000 0.2327000 0.9682000
v -6.4767712 -6.8787476 -5.9932623
vt 0.4500000 0.0100000
vn -0.0920000 0.2327000 0.9682000
f 2752/2752/2752 2753/2753/2753 2754/2754/2754
v 2.5018778 -7.4241008 -5.0093777
vt 0.3600000 0.3000000
vn -0.1029000 0.0930000 0.9903000
v -6.4767712 -6.8787476 -5.9932623
vt 0.4500000 0.0100000
vn -0.1029000 0.0930000 0.9903000
v -2.1476793 -10.1115111 -5.2398878
vt 0.4900000 0.2300000
vn -0.1029000 0.0930000 0.9903000
f 2755/2755/2755 2756/2756/2756 2757/2757/2757
v -6.8028587 -12.7483216 -8.3208519
vt 0.3600000 0.3000000
vn -0.7468000 -0.2089000 0.6314000
v -4.8013564 -10.3701321 -5.1667993
vt 0.2300000 0.2300000
vn -0.7468000 -0.2089000 0.6314000
v -6.4767712 -6.8787476 -5.9932623
vt 0.2600000 0.0100000
vn -0.7468000 -0.2089000 0.6314000
f 2758/2758/2758 2759/2759/2759 2760/2760/2760
v -6.8028587 -12.7483216 -8.3208519
vt 0.3600000 0.3000000
vn -0.9945000 0.0139000 0.1042000
v -6.4767712 -6.8787476 -5.9932623
vt 0.2600000 0.0100000
vn -0.9945000 0.0139000 0.1042000
v -6.7522589 -5.6812196 -8.7818721
vt 0.4000000 0.0100000
vn -0.9945000 0.0139000 0.1042000
f 2761/2761/2761 2762/2762/2762 2763/2763/2763
v -6.8028587 -12.7483216 -8.3208519
vt 0.3600000 0.3000000
vn -0.9973000 0.0118000 0.0721000
v -6.7522589 -5.6812196 -8.7818721
vt 0.4000000 0.0100000
vn -0.9973000 0.0118000 0.0721000
v -6.9659024 -10.9098631 -10.8789517
vt 0.4900000 0.2300000
vn -0.9973000 0.0118000 0.0721000
f 2764/2764/2764 2765/2765/2765 2766/2766/2766
v 1.2987276 -12.1355021 -12.2676344
vt 0.3600000 0.3000000
vn -0.1905000 0.2037000 -0.9603000
v -2.7886098 -13.6253843 -11.7728810
vt 0.2300000 0.2300000
vn -0.1905000 0.2037000 -0.9603000
v -5.0374887 -7.5927667 -10.0468665
vt 0.3100000 0.0100000
vn -0.1905000 0.2037000 -0.9603000
f 2767/2767/2767 2768/2768/2768 2769/2769/2769
v 1.2987276 -12.1355021 -12.2676344
vt 0.3600000 0.3000000
vn -0.1659000 0.2365000 -0.9573000
v -5.0374887 -7.5927667 -10.0468665
vt 0.3100000 0.0100000
vn -0.1659000 0.2365000 -0.9573000
v -2.3500784 -4.9109786 -9.8500896
vt 0.4500000 0.0100000
vn -0.1659000 0.2365000 -0.9573000
f 2770/2770/2770 2771/2771/2771 2772/2772/2772
v 1.2987276 -12.1355021 -12.2676344
vt 0.3600000 0.3000000
vn -0.0677000 0.2857000 -0.9559000
v -2.3500784 -4.9109786 -9.8500896
vt 0.4500000 0.0100000
vn -0.0677000 0.2857000 -0.9559000
v 3.6994058 -8.8015391 -11.4411714
vt 0.4900000 0.2300000
vn -0.0677000 0.2857000 -0.9559000
f 2773/2773/2773 2774/2774/2774 2775/2775/2775
v -5.3129764 -7.5927667 -7.8710761
vt 0.4600000 0.3700000
vn -0.7721000 -0.6279000 -0.0978000
v -6.7522589 -5.6812196 -8.7818721
vt 0.4600000 0.2900000
vn -0.7721000 -0.6279000 -0.0978000
v -5.0374887 -7.5927667 -10.0468665
vt 0.4700000 0.3700000
vn -0.7721000 -0.6279000 -0.0978000
f 2776/2776/2776 2777/2777/2777 2778/2778/2778
v -5.3129764 -7.5927667 -7.8710761
vt 0.4600000 0.3700000
vn -0.7318000 -0.6494000 -0.2066000
v -6.4767712 -6.8787476 -5.9932623
vt 0.4400000 0.2900000
vn -0.7318000 -0.6494000 -0.2066000
v -6.7522589 -5.6812196 -8.7818721
vt 0.4600000 0.2900000
vn -0.7318000 -0.6494000 -0.2066000
f 2779/2779/2779 2780/2780/2780 2781/2781/2781
v -5.3129764 -7.5927667 -7.8710761
vt 0.4600000 0.3700000
vn 0.5566000 -0.6010000 0.5735000
v -2.6199439 -4.9109786 -7.6742992
vt 0.4400000 0.3700000
vn 0.5566000 -0.6010000 0.5735000
v -6.4767712 -6.8787476 -5.9932623
vt 0.4400000 0.2900000
vn 0.5566000 -0.6010000 0.5735000
f 2782/2782/2782 2783/2783/2783 2784/2784/2784
v -2.7942320 -4.0901378 -6.3137275
vt 0.4700000 0.2900000
vn 0.9924000 0.0067000 0.1231000
v -2.6199439 -4.9109786 -7.6742992
vt 0.4900000 0.3700000
vn 0.9924000 0.0067000 0.1231000
v -2.3500784 -4.9109786 -9.8500896
vt 0.4800000 0.3700000
vn 0.9924000 0.0067000 0.1231000
f 2785/2785/2785 2786/2786/2786 2787/2787/2787
v -2.7942320 -4.0901378 -6.3137275
vt 0.4700000 0.2900000
vn 0.5556000 -0.6785000 0.4805000
v -6.4767712 -6.8787476 -5.9932623
vt 0.4900000 0.2900000
vn 0.5556000 -0.6785000 0.4805000
v -2.6199439 -4.9109786 -7.6742992
vt 0.4900000 0.3700000
vn 0.5556000 -0.6785000 0.4805000
f 2788/2788/2788 2789/2789/2789 2790/2790/2790
v -2.7942320 -4.0901378 -6.3137275
vt 0.4700000 0.2900000
vn 0.5353000 0.8351000 -0.1266000
v -2.3500784 -4.9109786 -9.8500896
vt 0.4800000 0.3700000
vn 0.5353000 0.8351000 -0.1266000
v -4.1548038 -3.5222959 -8.3208519
vt 0.4700000 0.3100000
vn 0.5353000 0.8351000 -0.1266000
f 2791/2791/2791 2792/2792/2792 2793/2793/2793
v 6.1338172 -8.5541624 -7.3201008
vt 0.3600000 0.3000000
vn 0.4632000 0.7404000 -0.4871000
v 3.4801401 -9.8416456 -11.8009920
vt 0.2300000 0.2300000
vn 0.4632000 0.7404000 -0.4871000
v -2.3500784 -4.9109786 -9.8500896
vt 0.2600000 0.0100000
vn 0.4632000 0.7404000 -0.4871000
f 2794/2794/2794 2795/2795/2795 2796/2796/2796
v 6.1338172 -8.5541624 -7.3201008
vt 0.3600000 0.3000000
vn 0.3822000 0.9229000 0.0474000
v -2.3500784 -4.9109786 -9.8500896
vt 0.2600000 0.0100000
vn 0.3822000 0.9229000 0.0474000
v -2.6199439 -4.9109786 -7.6742992
vt 0.4500000 0.0100000
vn 0.3822000 0.9229000 0.0474000
f 2797/2797/2797 2798/2798/2798 2799/2799/2799
v 6.1338172 -8.5541624 -7.3201008
vt 0.3600000 0.3000000
vn 0.3522000 0.8778000 0.3248000
v -2.6199439 -4.9109786 -7.6742992
vt 0.4500000 0.0100000
vn 0.3522000 0.8778000 0.3248000
v 3.0472309 -8.3686299 -4.4752690
vt 0.4900000 0.2300000
vn 0.3522000 0.8778000 0.3248000
f 2800/2800/2800 2801/2801/2801 2802/2802/2802
v -5.5772197 -14.4124919 -9.2710033
vt 0.3600000 0.3000000
vn -0.9912000 0.0113000 0.1318000
v -4.7957343 -11.5339270 -3.6431838
vt 0.2300000 0.2300000
vn -0.9912000 0.0113000 0.1318000
v -5.3129764 -7.5927667 -7.8710761
vt 0.2600000 0.0100000
vn -0.9912000 0.0113000 0.1318000
f 2803/2803/2803 2804/2804/2804 2805/2805/2805
v -5.5772197 -14.4124919 -9.2710033
vt 0.3600000 0.3000000
vn -0.9900000 0.0641000 -0.1254000
v -5.3129764 -7.5927667 -7.8710761
vt 0.2600000 0.0100000
vn -0.9900000 0.0641000 -0.1254000
v -5.0374887 -7.5927667 -10.0468665
vt 0.4000000 0.0100000
vn -0.9900000 0.0641000 -0.1254000
f 2806/2806/2806 2807/2807/2807 2808/2808/2808
v -5.5772197 -14.4124919 -9.2710033
vt 0.3600000 0.3000000
vn -0.7291000 -0.0201000 -0.6841000
v -5.0374887 -7.5927667 -10.0468665
vt 0.4000000 0.0100000
vn -0.7291000 -0.0201000 -0.6841000
v -2.9572758 -13.3836299 -12.0933463
vt 0.4900000 0.2300000
vn -0.7291000 -0.0201000 -0.6841000
f 2809/2809/2809 2810/2810/2810 2811/2811/2811
v -4.5820908 -18.5391847 -11.0869730
vt 0.3600000 0.3000000
vn -0.9400000 0.1378000 -0.3122000
v -5.4141759 -16.2397061 -7.5674775
vt 0.2300000 0.2300000
vn -0.9400000 0.1378000 -0.3122000
v -3.8849383 -9.9990671 -9.4171804
vt 0.3100000 0.0100000
vn -0.9400000 0.1378000 -0.3122000
f 2812/2812/2812 2813/2813/2813 2814/2814/2814
v -4.5820908 -18.5391847 -11.0869730
vt 0.3600000 0.3000000
vn -0.4745000 0.2061000 -0.8558000
v -3.8849383 -9.9990671 -9.4171804
vt 0.3100000 0.0100000
vn -0.4745000 0.2061000 -0.8558000
v -0.7533744 -9.7460682 -11.0925952
vt 0.4500000 0.0100000
vn -0.4745000 0.2061000 -0.8558000
f 2815/2815/2815 2816/2816/2816 2817/2817/2817
v -4.5820908 -18.5391847 -11.0869730
vt 0.3600000 0.3000000
vn -0.2728000 0.1182000 -0.9548000
v -0.7533744 -9.7460682 -11.0925952
vt 0.4500000 0.0100000
vn -0.2728000 0.1182000 -0.9548000
v 0.2923543 -16.5995267 -12.2395234
vt 0.4900000 0.2300000
vn -0.2728000 0.1182000 -0.9548000
f 2818/2818/2818 2819/2819/2819 2820/2820/2820
v -5.3129764 -7.5927667 -7.8710761
vt 0.4600000 0.2900000
vn -0.4015000 -0.6517000 0.6435000
v -3.8849383 -9.9990671 -9.4171804
vt 0.4700000 0.3700000
vn -0.4015000 -0.6517000 0.6435000
v -0.8995516 -8.8071613 -6.3474607
vt 0.4600000 0.3700000
vn -0.4015000 -0.6517000 0.6435000
f 2821/2821/2821 2822/2822/2822 2823/2823/2823
v -5.3129764 -7.5927667 -7.8710761
vt 0.4600000 0.2900000
vn -0.8845000 -0.4529000 -0.1120000
v -5.0374887 -7.5927667 -10.0468665
vt 0.4700000 0.3100000
vn -0.8845000 -0.4529000 -0.1120000
v -3.8849383 -9.9990671 -9.4171804
vt 0.4700000 0.3700000
vn -0.8845000 -0.4529000 -0.1120000
f 2824/2824/2824 2825/2825/2825 2826/2826/2826
v -5.3129764 -7.5927667 -7.8710761
vt 0.4600000 0.2900000
vn -0.2696000 0.2016000 0.9416000
v -0.8995516 -8.8071613 -6.3474607
vt 0.4600000 0.3700000
vn -0.2696000 0.2016000 0.9416000
v -2.6199439 -4.9109786 -7.6742992
vt 0.4400000 0.2900000
vn -0.2696000 0.2016000 0.9416000
f 2827/2827/2827 2828/2828/2828 2829/2829/2829
v -5.0374887 -7.5927667 -10.0468665
vt 0.4700000 0.3100000
vn -0.4048000 -0.4080000 -0.8183000
v -0.7533744 -9.7460682 -11.0925952
vt 0.4800000 0.3700000
vn -0.4048000 -0.4080000 -0.8183000
v -3.8849383 -9.9990671 -9.4171804
vt 0.4700000 0.3700000
vn -0.4048000 -0.4080000 -0.8183000
f 2830/2830/2830 2831/2831/2831 2832/2832/2832
v -5.0374887 -7.5927667 -10.0468665
vt 0.4700000 0.3100000
vn -0.1336000 0.2050000 -0.9696000
v -2.3500784 -4.9109786 -9.8500896
vt 0.4700000 0.2900000
vn -0.1336000 0.2050000 -0.9696000
v -0.7533744 -9.7460682 -11.0925952
vt 0.4800000 0.3700000
vn -0.1336000 0.2050000 -0.9696000
f 2833/2833/2833 2834/2834/2834 2835/2835/2835
v -0.8995516 -8.8071613 -6.3474607
vt 0.4600000 0.3700000
vn 0.6012000 0.4824000 0.6370000
v 2.2320123 -8.5597846 -9.4902690
vt 0.4400000 0.3700000
vn 0.6012000 0.4824000 0.6370000
v -2.6199439 -4.9109786 -7.6742992
vt 0.4400000 0.2900000
vn 0.6012000 0.4824000 0.6370000
f 2836/2836/2836 2837/2837/2837 2838/2838/2838
v -2.3500784 -4.9109786 -9.8500896
vt 0.4700000 0.2900000
vn 0.3376000 0.3373000 -0.8788000
v 2.2320123 -8.5597846 -9.4902690
vt 0.4900000 0.3700000
vn 0.3376000 0.3373000 -0.8788000
v -0.7533744 -9.7460682 -11.0925952
vt 0.4800000 0.3700000
vn 0.3376000 0.3373000 -0.8788000
f 2839/2839/2839 2840/2840/2840 2841/2841/2841
v -2.3500784 -4.9109786 -9.8500896
vt 0.4700000 0.2900000
vn 0.6174000 0.7829000 0.0766000
v -2.6199439 -4.9109786 -7.6742992
vt 0.4900000 0.2900000
vn 0.6174000 0.7829000 0.0766000
v 2.2320123 -8.5597846 -9.4902690
vt 0.4900000 0.3700000
vn 0.6174000 0.7829000 0.0766000
f 2842/2842/2842 2843/2843/2843 2844/2844/2844
v 6.0551064 -16.0654179 -11.7054147
vt 0.3600000 0.3000000
vn 0.1840000 0.2894000 -0.9394000
v 0.1461771 -17.1617464 -13.2009191
vt 0.2300000 0.2300000
vn 0.1840000 0.2894000 -0.9394000
v -0.7533744 -9.7460682 -11.0925952
vt 0.2600000 0.0100000
vn 0.1840000 0.2894000 -0.9394000
f 2845/2845/2845 2846/2846/2846 2847/2847/2847
v 6.0551064 -16.0654179 -11.7054147
vt 0.3600000 0.3000000
vn 0.3008000 0.4077000 -0.8622000
v -0.7533744 -9.7460682 -11.0925952
vt 0.2600000 0.0100000
vn 0.3008000 0.4077000 -0.8622000
v 2.2320123 -8.5597846 -9.4902690
vt 0.4500000 0.0100000
vn 0.3008000 0.4077000 -0.8622000
f 2848/2848/2848 2849/2849/2849 2850/2850/2850
v 6.0551064 -16.0654179 -11.7054147
vt 0.3600000 0.3000000
vn 0.5626000 0.4843000 -0.6701000
v 2.2320123 -8.5597846 -9.4902690
vt 0.4500000 0.0100000
vn 0.5626000 0.4843000 -0.6701000
v 7.7473878 -12.6639886 -7.8260986
vt 0.4900000 0.2300000
vn 0.5626000 0.4843000 -0.6701000
f 2851/2851/2851 2852/2852/2852 2853/2853/2853
v 5.1949103 -12.9956982 -3.1652971
vt 0.3600000 0.3000000
vn 0.7557000 0.6472000 0.0999000
v 6.4093049 -13.4398518 -9.4734024
vt 0.2300000 0.2300000
vn 0.7557000 0.6472000 0.0999000
v 2.2320123 -8.5597846 -9.4902690
vt 0.2600000 0.0100000
vn 0.7557000 0.6472000 0.0999000
f 2854/2854/2854 2855/2855/2855 2856/2856/2856
v 5.1949103 -12.9956982 -3.1652971
vt 0.3600000 0.3000000
vn 0.3551000 0.8354000 0.4196000
v 2.2320123 -8.5597846 -9.4902690
vt 0.2600000 0.0100000
vn 0.3551000 0.8354000 0.4196000
v -0.8995516 -8.8071613 -6.3474607
vt 0.4500000 0.0100000
vn 0.3551000 0.8354000 0.4196000
f 2857/2857/2857 2858/2858/2858 2859/2859/2859
v 5.1949103 -12.9956982 -3.1652971
vt 0.3600000 0.3000000
vn 0.1492000 0.7266000 0.6707000
v -0.8995516 -8.8071613 -6.3474607
vt 0.4500000 0.0100000
vn 0.1492000 0.7266000 0.6707000
v -0.1967769 -12.7033440 -2.2826121
vt 0.4900000 0.2300000
vn 0.1492000 0.7266000 0.6707000
f 2860/2860/2860 2861/2861/2861 2862/2862/2862
v -4.9250448 -15.6549975 -3.5925840
vt 0.3600000 0.3000000
vn -0.2053000 0.4667000 0.8602000
v 1.3830605 -13.5747846 -3.2158968
vt 0.2300000 0.2300000
vn -0.2053000 0.4667000 0.8602000
v -0.8995516 -8.8071613 -6.3474607
vt 0.2600000 0.0100000
vn -0.2053000 0.4667000 0.8602000
f 2863/2863/2863 2864/2864/2864 2865/2865/2865
v -4.9250448 -15.6549975 -3.5925840
vt 0.3600000 0.3000000
vn -0.6849000 0.5800000 0.4409000
v -0.8995516 -8.8071613 -6.3474607
vt 0.2600000 0.0100000
vn -0.6849000 0.5800000 0.4409000
v -3.8849383 -9.9990671 -9.4171804
vt 0.4000000 0.0100000
vn -0.6849000 0.5800000 0.4409000
f 2866/2866/2866 2867/2867/2867 2868/2868/2868
v -4.9250448 -15.6549975 -3.5925840
vt 0.3600000 0.3000000
vn -0.9130000 0.3619000 0.1884000
v -3.8849383 -9.9990671 -9.4171804
vt 0.4000000 0.0100000
vn -0.9130000 0.3619000 0.1884000
v -6.1000840 -16.0316848 -8.5626064
vt 0.4900000 0.2300000
vn -0.9130000 0.3619000 0.1884000
f 2869/2869/2869 2870/2870/2870 2871/2871/2871
v -0.9895067 -22.6658775 -7.6855436
vt 0.9900000 0.1500000
vn -0.9692000 -0.2219000 0.1071000
v -1.1694170 -19.0901601 -1.9059249
vt 0.8200000 0.1500000
vn -0.9692000 -0.2219000 0.1071000
v -2.2882343 -16.2846836 -6.2181502
vt 0.8500000 0.0100000
vn -0.9692000 -0.2219000 0.1071000
f 2872/2872/2872 2873/2873/2873 2874/2874/2874
v -0.9895067 -22.6658775 -7.6855436
vt 0.9900000 0.1500000
vn -0.9467000 -0.1244000 -0.2970000
v -2.2882343 -16.2846836 -6.2181502
vt 0.8500000 0.0100000
vn -0.9467000 -0.1244000 -0.2970000
v -1.2312612 -17.4428563 -9.1023373
vt 0.9600000 0.0100000
vn -0.9467000 -0.1244000 -0.2970000
f 2875/2875/2875 2876/2876/2876 2877/2877/2877
v -3.3002298 -19.7535793 -2.7942320
vt 0.9900000 0.1500000
vn -0.5692000 0.5284000 0.6299000
v 2.1645459 -16.2790614 -0.7702410
vt 0.8200000 0.1500000
vn -0.5692000 0.5284000 0.6299000
v -0.2080213 -14.7329572 -4.2110257
vt 0.8500000 0.0100000
vn -0.5692000 0.5284000 0.6299000
f 2878/2878/2878 2879/2879/2879 2880/2880/2880
v -3.3002298 -19.7535793 -2.7942320
vt 0.9900000 0.1500000
vn -0.7522000 0.5609000 0.3459000
v -0.2080213 -14.7329572 -4.2110257
vt 0.8500000 0.0100000
vn -0.7522000 0.5609000 0.3459000
v -2.2882343 -16.2846836 -6.2181502
vt 0.9600000 0.0100000
vn -0.7522000 0.5609000 0.3459000
f 2881/2881/2881 2882/2882/2882 2883/2883/2883
v 0.0224888 -15.4975760 0.0449776
vt 0.9900000 0.1500000
vn 0.3076000 0.8753000 0.3731000
v 6.0157511 -16.2284617 -3.1821636
vt 0.8200000 0.1500000
vn 0.3076000 0.8753000 0.3731000
v 2.9291648 -14.3337812 -5.0824663
vt 0.8500000 0.0100000
vn 0.3076000 0.8753000 0.3731000
f 2884/2884/2884 2885/2885/2885 2886/2886/2886
v 0.0224888 -15.4975760 0.0449776
vt 0.9900000 0.1500000
vn -0.0747000 0.9808000 0.1803000
v 2.9291648 -14.3337812 -5.0824663
vt 0.8500000 0.0100000
vn -0.0747000 0.9808000 0.1803000
v -0.2080213 -14.7329572 -4.2110257
vt 0.9600000 0.0100000
vn -0.0747000 0.9808000 0.1803000
f 2887/2887/2887 2888/2888/2888 2889/2889/2889
v 5.6615526 -14.1538709 -2.0127466
vt 0.9900000 0.1500000
vn 0.8141000 0.4744000 -0.3349000
v 6.5329932 -18.9833383 -6.7353923
vt 0.8200000 0.1500000
vn 0.8141000 0.4744000 -0.3349000
v 3.9917600 -15.4919538 -7.9666535
vt 0.8500000 0.0100000
vn 0.8141000 0.4744000 -0.3349000
f 2890/2890/2890 2891/2891/2891 2892/2892/2892
v 5.6615526 -14.1538709 -2.0127466
vt 0.9900000 0.1500000
vn 0.2525000 0.9265000 -0.2790000
v 3.9917600 -15.4919538 -7.9666535
vt 0.8500000 0.0100000
vn 0.2525000 0.9265000 -0.2790000
v 2.9291648 -14.3337812 -5.0824663
vt 0.9600000 0.0100000
vn 0.2525000 0.9265000 -0.2790000
f 2893/2893/2893 2894/2894/2894 2895/2895/2895
v 7.9722757 -17.0717912 -6.9040582
vt 0.9900000 0.1500000
vn 0.4354000 -0.2647000 -0.8605000
v 3.1934080 -21.7888147 -7.8710761
vt 0.8200000 0.1500000
vn 0.4354000 -0.2647000 -0.8605000
v 1.9115471 -17.0436803 -9.9794001
vt 0.8500000 0.0100000
vn 0.4354000 -0.2647000 -0.8605000
f 2896/2896/2896 2897/2897/2897 2898/2898/2898
v 7.9722757 -17.0717912 -6.9040582
vt 0.9900000 0.1500000
vn 0.3989000 0.4793000 -0.7818000
v 1.9115471 -17.0436803 -9.9794001
vt 0.8500000 0.0100000
vn 0.3989000 0.4793000 -0.7818000
v 3.9917600 -15.4919538 -7.9666535
vt 0.9600000 0.0100000
vn 0.3989000 0.4793000 -0.7818000
f 2899/2899/2899 2900/2900/2900 2901/2901/2901
v 4.6439349 -21.3277946 -9.7432678
vt 0.9900000 0.1500000
vn -0.4675000 -0.5999000 -0.6493000
v -0.6577971 -21.8394145 -5.4535313
vt 0.8200000 0.1500000
vn -0.4675000 -0.5999000 -0.6493000
v -1.2312612 -17.4428563 -9.1023373
vt 0.8500000 0.0100000
vn -0.4675000 -0.5999000 -0.6493000
f 2902/2902/2902 2903/2903/2903 2904/2904/2904
v 4.6439349 -21.3277946 -9.7432678
vt 0.9900000 0.1500000
vn -0.2389000 -0.2047000 -0.9492000
v -1.2312612 -17.4428563 -9.1023373
vt 0.8500000 0.0100000
vn -0.2389000 -0.2047000 -0.9492000
v 1.9115471 -17.0436803 -9.9794001
vt 0.9600000 0.0100000
vn -0.2389000 -0.2047000 -0.9492000
f 2905/2905/2905 2906/2906/2906 2907/2907/2907
v 7.3763228 -20.6418865 -6.1338172
vt 0.9900000 0.1500000
vn -0.0342000 -0.6306000 -0.7753000
v 2.8729428 -23.0032093 -4.0142488
vt 0.8200000 0.1500000
vn -0.0342000 -0.6306000 -0.7753000
v 0.4778868 -16.8806365 -8.8886938
vt 0.8500000 0.0100000
vn -0.0342000 -0.6306000 -0.7753000
f 2908/2908/2908 2909/2909/2909 2910/2910/2910
v 7.3763228 -20.6418865 -6.1338172
vt 0.9900000 0.1500000
vn 0.2750000 -0.1865000 -0.9432000
v 0.4778868 -16.8806365 -8.8886938
vt 0.8500000 0.0100000
vn 0.2750000 -0.1865000 -0.9432000
v 2.3894338 -16.1666175 -8.4726513
vt 0.9600000 0.0100000
vn 0.2750000 -0.1865000 -0.9432000
f 2911/2911/2911 2912/2912/2912 2913/2913/2913
v 3.3901849 -23.5204515 -6.4205493
vt 0.9900000 0.1500000
vn -0.8168000 -0.5523000 -0.1667000
v 1.2425056 -21.7831925 -1.6529260
vt 0.8200000 0.1500000
vn -0.8168000 -0.5523000 -0.1667000
v -1.0625953 -16.6051489 -7.5112555
vt 0.8500000 0.0100000
vn -0.8168000 -0.5523000 -0.1667000
f 2914/2914/2914 2915/2915/2915 2916/2916/2916
v 3.3901849 -23.5204515 -6.4205493
vt 0.9900000 0.1500000
vn -0.6259000 -0.4977000 -0.6004000
v -1.0625953 -16.6051489 -7.5112555
vt 0.8500000 0.0100000
vn -0.6259000 -0.4977000 -0.6004000
v 0.4778868 -16.8806365 -8.8886938
vt 0.9600000 0.0100000
vn -0.6259000 -0.4977000 -0.6004000
f 2917/2917/2917 2918/2918/2918 2919/2919/2919
v -0.3373318 -22.8963876 -3.2608744
vt 0.9900000 0.1500000
vn -0.8249000 0.1444000 0.5466000
v 2.4287892 -19.4162475 -0.0056222
vt 0.8200000 0.1500000
vn -0.8249000 0.1444000 0.5466000
v -0.6859081 -15.6100200 -5.7121524
vt 0.8500000 0.0100000
vn -0.8249000 0.1444000 0.5466000
f 2920/2920/2920 2921/2921/2921 2922/2922/2922
v -0.3373318 -22.8963876 -3.2608744
vt 0.9900000 0.1500000
vn -0.9806000 0.0187000 0.1950000
v -0.6859081 -15.6100200 -5.7121524
vt 0.8500000 0.0100000
vn -0.9806000 0.0187000 0.1950000
v -1.0625953 -16.6051489 -7.5112555
vt 0.9600000 0.0100000
vn -0.9806000 0.0187000 0.1950000
f 2923/2923/2923 2924/2924/2924 2925/2925/2925
v -0.0787108 -19.3881365 0.1911547
vt 0.9900000 0.1500000
vn -0.0575000 0.7788000 0.6247000
v 5.2398878 -18.2693193 -0.7140191
vt 0.8200000 0.1500000
vn -0.0575000 0.7788000 0.6247000
v 1.2256390 -14.8903787 -5.2961098
vt 0.8500000 0.0100000
vn -0.0575000 0.7788000 0.6247000
f 2926/2926/2926 2927/2927/2927 2928/2928/2928
v -0.0787108 -19.3881365 0.1911547
vt 0.9900000 0.1500000
vn -0.3976000 0.7537000 0.5233000
v 1.2256390 -14.8903787 -5.2961098
vt 0.8500000 0.0100000
vn -0.3976000 0.7537000 0.5233000
v -0.6859081 -15.6100200 -5.7121524
vt 0.9600000 0.0100000
vn -0.3976000 0.7537000 0.5233000
f 2929/2929/2929 2930/2930/2930 2931/2931/2931
v 3.9074271 -16.5039493 0.4835090
vt 0.9900000 0.1500000
vn 0.7190000 0.6948000 0.0147000
v 6.8703250 -19.4949583 -3.0753419
vt 0.8200000 0.1500000
vn 0.7190000 0.6948000 0.0147000
v 2.7661210 -15.1714886 -6.6791703
vt 0.8500000 0.0100000
vn 0.7190000 0.6948000 0.0147000
f 2932/2932/2932 2933/2933/2933 2934/2934/2934
v 3.9074271 -16.5039493 0.4835090
vt 0.9900000 0.1500000
vn 0.2899000 0.9482000 0.1302000
v 2.7661210 -15.1714886 -6.6791703
vt 0.8500000 0.0100000
vn 0.2899000 0.9482000 0.1302000
v 1.2256390 -14.8903787 -5.2961098
vt 0.9600000 0.0100000
vn 0.2899000 0.9482000 0.1302000
f 2935/2935/2935 2936/2936/2936 2937/2937/2937
v 7.6405661 -17.1336354 -2.6817881
vt 0.9900000 0.1500000
vn 0.7395000 -0.0147000 -0.6730000
v 5.6840414 -21.8619033 -4.7282679
vt 0.8200000 0.1500000
vn 0.7395000 -0.0147000 -0.6730000
v 2.3894338 -16.1666175 -8.4726513
vt 0.8500000 0.0100000
vn 0.7395000 -0.0147000 -0.6730000
f 2938/2938/2938 2939/2939/2939 2940/2940/2940
v 7.6405661 -17.1336354 -2.6817881
vt 0.9900000 0.1500000
vn 0.6340000 0.6120000 -0.4727000
v 2.3894338 -16.1666175 -8.4726513
vt 0.8500000 0.0100000
vn 0.6340000 0.6120000 -0.4727000
v 2.7661210 -15.1714886 -6.6791703
vt 0.9600000 0.0100000
vn 0.6340000 0.6120000 -0.4727000
f 2941/2941/2941 2942/2942/2942 2943/2943/2943
v -3.9917600 -6.9462140 1.0457287
vt 0.8200000 0.1500000
vn -0.2537000 0.7838000 0.5669000
v -0.8433296 -6.9518362 2.4625224
vt 0.9600000 0.0100000
vn -0.2537000 0.7838000 0.5669000
v -1.0457287 -5.2932880 0.0787108
vt 0.9900000 0.1500000
vn -0.2537000 0.7838000 0.5669000
f 2944/2944/2944 2945/2945/2945 2946/2946/2946
v -3.9917600 -6.9462140 1.0457287
vt 0.8200000 0.1500000
vn -0.3880000 0.3222000 0.8635000
v -2.7098991 -8.3405189 2.1420572
vt 0.8500000 0.0100000
vn -0.3880000 0.3222000 0.8635000
v -0.8433296 -6.9518362 2.4625224
vt 0.9600000 0.0100000
vn -0.3880000 0.3222000 0.8635000
f 2947/2947/2947 2948/2948/2948 2949/2949/2949
v -5.1724215 -9.8472678 -0.1180661
vt 0.8200000 0.1500000
vn -0.7105000 0.1214000 0.6932000
v -2.7098991 -8.3405189 2.1420572
vt 0.9600000 0.0100000
vn -0.7105000 0.1214000 0.6932000
v -3.3170964 -6.8225257 1.2537500
vt 0.9900000 0.1500000
vn -0.7105000 0.1214000 0.6932000
f 2950/2950/2950 2951/2951/2951 2952/2952/2952
v -5.1724215 -9.8472678 -0.1180661
vt 0.8200000 0.1500000
vn -0.6972000 0.0693000 0.7135000
v -3.6488060 -10.3195324 1.4167937
vt 0.8500000 0.0100000
vn -0.6972000 0.0693000 0.7135000
v -2.7098991 -8.3405189 2.1420572
vt 0.9600000 0.0100000
vn -0.6972000 0.0693000 0.7135000
f 2953/2953/2953 2954/2954/2954 2955/2955/2955
v -4.1379372 -12.5796556 -1.8103475
vt 0.8200000 0.1500000
vn -0.6948000 -0.5353000 0.4802000
v -3.6488060 -10.3195324 1.4167937
vt 0.9600000 0.0100000
vn -0.6948000 -0.5353000 0.4802000
v -5.1049551 -9.8416456 -0.1574215
vt 0.9900000 0.1500000
vn -0.6948000 -0.5353000 0.4802000
f 2956/2956/2956 2957/2957/2957 2958/2958/2958
v -4.1379372 -12.5796556 -1.8103475
vt 0.8200000 0.1500000
vn -0.8414000 -0.3744000 0.3897000
v -3.1203195 -12.3266568 0.6296861
vt 0.8500000 0.0100000
vn -0.8414000 -0.3744000 0.3897000
v -3.6488060 -10.3195324 1.4167937
vt 0.9600000 0.0100000
vn -0.8414000 -0.3744000 0.3897000
f 2959/2959/2959 2960/2960/2960 2961/2961/2961
v -1.7709921 -13.5466736 -2.9235426
vt 0.8200000 0.1500000
vn -0.6516000 -0.7585000 0.0130000
v -3.1203195 -12.3266568 0.6296861
vt 0.9600000 0.0100000
vn -0.6516000 -0.7585000 0.0130000
v -3.8849383 -11.7138373 -1.9452802
vt 0.9900000 0.1500000
vn -0.6516000 -0.7585000 0.0130000
f 2962/2962/2962 2963/2963/2963 2964/2964/2964
v -1.7709921 -13.5466736 -2.9235426
vt 0.8200000 0.1500000
vn -0.6100000 -0.7914000 0.0401000
v -1.3493273 -13.7265839 -0.0562220
vt 0.8500000 0.0100000
vn -0.6100000 -0.7914000 0.0401000
v -3.1203195 -12.3266568 0.6296861
vt 0.9600000 0.0100000
vn -0.6100000 -0.7914000 0.0401000
f 2965/2965/2965 2966/2966/2966 2967/2967/2967
v 5.0880885 -8.0931422 -0.4947534
vt 0.9900000 0.1500000
vn 0.6217000 0.5991000 0.5045000
v 2.2826121 -5.6081311 0.0112444
vt 0.8200000 0.1500000
vn 0.6217000 0.5991000 0.5045000
v 1.8778139 -7.2048351 2.4063004
vt 0.8500000 0.0100000
vn 0.6217000 0.5991000 0.5045000
f 2968/2968/2968 2969/2969/2969 2970/2970/2970
v 5.0880885 -8.0931422 -0.4947534
vt 0.9900000 0.1500000
vn 0.6616000 0.4619000 0.5907000
v 1.8778139 -7.2048351 2.4063004
vt 0.8500000 0.0100000
vn 0.6616000 0.4619000 0.5907000
v 3.4351625 -8.9252274 2.0071244
vt 0.9600000 0.0100000
vn 0.6616000 0.4619000 0.5907000
f 2971/2971/2971 2972/2972/2972 2973/2973/2973
v 5.4535313 -10.8311523 -0.9220403
vt 0.9900000 0.1500000
vn 0.8659000 0.2748000 0.4179000
v 4.2110257 -7.5309225 -0.5172421
vt 0.8200000 0.1500000
vn 0.8659000 0.2748000 0.4179000
v 3.4351625 -8.9252274 2.0071244
vt 0.8500000 0.0100000
vn 0.8659000 0.2748000 0.4179000
f 2974/2974/2974 2975/2975/2975 2976/2976/2976
v 5.4535313 -10.8311523 -0.9220403
vt 0.9900000 0.1500000
vn 0.8232000 -0.0010000 0.5678000
v 3.4351625 -8.9252274 2.0071244
vt 0.8500000 0.0100000
vn 0.8232000 -0.0010000 0.5678000
v 3.9524047 -11.0391736 1.2537500
vt 0.9600000 0.0100000
vn 0.8232000 -0.0010000 0.5678000
f 2977/2977/2977 2978/2978/2978 2979/2979/2979
v 3.8793161 -13.3386523 -1.9790134
vt 0.9900000 0.1500000
vn 0.8971000 -0.3693000 0.2424000
v 4.9419114 -10.1227554 -1.0119955
vt 0.8200000 0.1500000
vn 0.8971000 -0.3693000 0.2424000
v 3.9524047 -11.0391736 1.2537500
vt 0.8500000 0.0100000
vn 0.8971000 -0.3693000 0.2424000
f 2980/2980/2980 2981/2981/2981 2982/2982/2982
v 3.8793161 -13.3386523 -1.9790134
vt 0.9900000 0.1500000
vn 0.7711000 -0.5270000 0.3574000
v 3.9524047 -11.0391736 1.2537500
vt 0.8500000 0.0100000
vn 0.7711000 -0.5270000 0.3574000
v 3.0247421 -12.9113653 0.4947534
vt 0.9600000 0.0100000
vn 0.7711000 -0.5270000 0.3574000
f 2983/2983/2983 2984/2984/2984 2985/2985/2985
v 1.1244394 -13.4454740 -2.7604988
vt 0.9900000 0.1500000
vn 0.6689000 -0.6897000 -0.2773000
v 3.7837387 -11.2190839 -1.8834361
vt 0.8200000 0.1500000
vn 0.6689000 -0.6897000 -0.2773000
v 3.0247421 -12.9113653 0.4947534
vt 0.8500000 0.0100000
vn 0.6689000 -0.6897000 -0.2773000
f 2986/2986/2986 2987/2987/2987 2988/2988/2988
v 1.1244394 -13.4454740 -2.7604988
vt 0.9900000 0.1500000
vn 0.4780000 -0.8677000 -0.1366000
v 3.0247421 -12.9113653 0.4947534
vt 0.8500000 0.0100000
vn 0.4780000 -0.8677000 -0.1366000
v 0.9951289 -13.9346052 -0.1068217
vt 0.9600000 0.0100000
vn 0.4780000 -0.8677000 -0.1366000
f 2989/2989/2989 2990/2990/2990 2991/2991/2991
v -1.9340359 -12.5909000 -2.9010538
vt 0.9900000 0.1500000
vn -0.0946000 -0.9323000 -0.3492000
v 1.4392825 -12.9057431 -2.9741423
vt 0.8200000 0.1500000
vn -0.0946000 -0.9323000 -0.3492000
v 0.9951289 -13.9346052 -0.1068217
vt 0.8500000 0.0100000
vn -0.0946000 -0.9323000 -0.3492000
f 2992/2992/2992 2993/2993/2993 2994/2994/2994
v -1.9340359 -12.5909000 -2.9010538
vt 0.9900000 0.1500000
vn -0.0902000 -0.9312000 -0.3532000
v 0.9951289 -13.9346052 -0.1068217
vt 0.8500000 0.0100000
vn -0.0902000 -0.9312000 -0.3532000
v -1.3493273 -13.7265839 -0.0562220
vt 0.9600000 0.0100000
vn -0.0902000 -0.9312000 -0.3532000
f 2995/2995/2995 2996/2996/2996 2997/2997/2997
v 2.5974551 -5.4788205 0.1574215
vt 0.9900000 0.1500000
vn 0.0869000 0.7755000 0.6253000
v -1.3212164 -5.1077555 0.2417545
vt 0.8200000 0.1500000
vn 0.0869000 0.7755000 0.6253000
v -0.8433296 -6.9518362 2.4625224
vt 0.8500000 0.0100000
vn 0.0869000 0.7755000 0.6253000
f 2998/2998/2998 2999/2999/2999 3000/3000/3000
v 2.5974551 -5.4788205 0.1574215
vt 0.9900000 0.1500000
vn 0.0851000 0.7771000 0.6236000
v -0.8433296 -6.9518362 2.4625224
vt 0.8500000 0.0100000
vn 0.0851000 0.7771000 0.6236000
v 1.8778139 -7.2048351 2.4063004
vt 0.9600000 0.0100000
vn 0.0851000 0.7771000 0.6236000
f 3001/3001/3001 3002/3002/3002 3003/3003/3003
