# mesh2rdm .obj export.
#
mtllib ./rdmexport.mtl
g
v  0.000000 -3.561290 11.275570
v  0.000000 -3.564628 30.188826
v  0.000000 -4.280941 57.600006
v  0.000000 -5.145506 69.284508
v  -13.059095 -1.874934 62.900234
v  -9.660043 -1.893227 54.927368
v  -9.660250 -1.384071 35.340080
v  -5.757319 -2.732102 31.883123
v  13.089336 -1.874934 62.876091
v  9.660044 -1.893227 54.927368
v  9.660250 -1.384071 35.340080
v  5.757320 -2.732102 31.883118
v  -5.926849 -3.295146 56.551132
v  5.926849 -3.295146 56.551132
v  4.759192 -4.647686 68.371582
v  -4.759192 -4.647686 68.371582
v  0.000000 1.681714 -0.323858
v  -5.317281 1.681714 26.045391
v  -5.317270 1.681714 9.991453
v  -8.068544 0.925399 30.353191
v  5.317281 1.681714 26.045389
v  5.317270 1.681714 9.991453
v  8.068544 0.925399 30.353191
v  0.000000 3.561290 11.275570
v  0.000000 3.564628 30.188826
v  0.000000 4.280941 57.600006
v  0.000000 5.145506 69.284508
v  -13.059095 1.874934 62.900234
v  -9.660043 1.893227 54.927368
v  -9.660250 1.384071 35.340080
v  -5.757319 2.732102 31.883123
v  13.089336 1.874934 62.876091
v  9.660044 1.893227 54.927368
v  9.660250 1.384071 35.340080
v  5.757320 2.732102 31.883118
v  -5.926849 3.295146 56.551132
v  5.926849 3.295146 56.551132
v  4.759192 4.647686 68.371582
v  -4.759192 4.647686 68.371582
v  11.216313 2.000781 78.175232
v  17.488787 2.000781 77.141945
v  17.488787 2.000781 77.141945
v  12.902647 2.000781 83.923195
v  12.902647 2.000781 83.923195
v  18.811777 2.000781 82.898003
v  18.811777 2.000781 82.898003
v  18.811777 2.000781 82.898003
v  12.902647 -2.000781 83.923195
v  18.811777 -2.000781 82.898003
v  11.216313 -2.000781 78.175232
v  17.488787 -2.000781 77.141945
v  -9.168252 -2.000781 69.308479
v  -15.941390 -2.000781 66.455978
v  -10.704906 -2.000781 74.628242
v  -17.313601 -2.000781 71.402405
v  -10.704906 2.000781 74.628242
v  -17.313601 2.000781 71.402405
v  -9.168252 2.000781 69.308479
v  -9.168252 2.000781 69.308479
v  -15.941390 2.000781 66.455978
v  -15.941390 2.000781 66.455978
v  -14.480511 -2.000781 86.806335
v  -21.812180 -2.000781 84.754105
v  -16.276796 -2.000781 93.963554
v  -24.759647 -2.000781 90.682404
v  -16.276796 2.000781 93.963554
v  -16.276796 2.000781 93.963554
v  -24.759647 2.000781 90.682404
v  -24.759647 2.000781 90.682404
v  -24.759647 2.000781 90.682404
v  -14.480511 2.000781 86.806335
v  -21.812180 2.000781 84.754105
v  -21.812180 2.000781 84.754105
v  13.843889 -2.000781 86.441216
v  20.463127 -2.000781 85.681519
v  15.546068 -2.000781 92.307381
v  21.373329 -2.000781 91.613457
v  15.546068 2.000781 92.307381
v  21.373329 2.000781 91.613457
v  13.843889 2.000781 86.441216
v  13.843889 2.000781 86.441216
v  20.463127 2.000781 85.681519
v  20.463127 2.000781 85.681519
v  18.615198 -2.944441 98.038597
v  18.615198 -2.944441 98.038597
v  14.118692 -3.949987 103.322227
v  14.118692 -3.949987 103.322227
v  14.118692 -3.949987 103.322227
v  23.768682 -1.994000 112.188652
v  23.768682 -1.994000 112.188652
v  30.027582 -1.993999 110.026566
v  30.027582 -1.993999 110.026566
v  16.871651 -1.994000 120.734970
v  22.755711 -1.993999 119.645287
v  22.755711 -1.993999 119.645287
v  0.000000 -8.729446 110.995377
v  0.000000 -8.729446 110.995377
v  -18.615198 -2.944441 98.038597
v  -18.615198 -2.944441 98.038597
v  -9.672207 -3.504736 67.289345
v  -9.672207 -3.504736 67.289345
v  -13.300829 -3.949987 103.588058
v  -13.300829 -3.949987 103.588058
v  -13.300829 -3.949987 103.588058
v  -22.258677 -1.994000 119.487000
v  -22.258677 -1.994000 119.487000
v  -29.650080 -1.994000 118.079926
v  -29.650080 -1.994000 118.079926
v  -13.222473 -1.994000 133.444168
v  -13.222473 -1.994000 133.444168
v  -19.106533 -1.993999 133.440720
v  -19.106533 -1.993999 133.440720
v  -19.289862 -1.994000 138.924911
v  -19.289862 -1.994000 138.924911
v  -7.178852 -6.862735 108.297508
v  -7.178852 -6.862735 108.297508
v  9.665430 -3.504736 67.268471
v  9.665430 -3.504736 67.268471
v  7.178853 -6.862735 108.297508
v  7.178853 -6.862735 108.297508
v  18.615198 2.944441 98.038597
v  18.615198 2.944441 98.038597
v  14.118692 3.949987 103.322243
v  14.118692 3.949987 103.322243
v  14.118692 3.949987 103.322243
v  23.768682 1.994000 112.188644
v  23.768682 1.994000 112.188644
v  30.027580 1.993999 110.026566
v  30.027580 1.993999 110.026566
v  16.871651 1.994000 120.734970
v  22.755711 1.993999 119.645287
v  22.755711 1.993999 119.645287
v  0.000000 8.729447 110.995377
v  0.000000 8.729447 110.995377
v  -18.615198 2.944441 98.038597
v  -18.615198 2.944441 98.038597
v  -9.672207 3.504736 67.289345
v  -9.672207 3.504736 67.289345
v  -13.300830 3.949987 103.588058
v  -13.300830 3.949987 103.588058
v  -13.300830 3.949987 103.588058
v  -22.258677 1.994000 119.487007
v  -22.258677 1.994000 119.487007
v  -29.650078 1.993999 118.079918
v  -29.650078 1.993999 118.079918
v  -13.222473 1.994000 133.444168
v  -13.222473 1.994000 133.444168
v  -19.106533 1.993999 133.440720
v  -19.106533 1.993999 133.440720
v  -19.289862 1.994000 138.924911
v  -19.289862 1.994000 138.924911
v  -7.178852 6.862735 108.297508
v  -7.178852 6.862735 108.297508
v  9.665430 3.504736 67.268471
v  9.665430 3.504736 67.268471
v  7.178853 6.862735 108.297508
v  7.178853 6.862735 108.297508
v  -11.586024 -0.000000 33.783157
v  -14.141886 -0.000000 61.565628
v  -11.586024 -0.000000 55.422768
v  11.586024 -0.000000 33.783157
v  14.118832 -0.000000 61.535458
v  11.586024 -0.000000 55.422768
v  0.000000 -1.681714 -0.323858
v  -5.317281 -1.681714 26.045391
v  -5.317270 -1.681714 9.991453
v  -8.068544 -0.925399 30.353191
v  5.317281 -1.681714 26.045389
v  5.317270 -1.681714 9.991453
v  8.068544 -0.925399 30.353191

vt  0.572510 0.082764 0.000000
vt  0.572510 0.211670 0.000000
vt  0.572510 0.398438 0.000000
vt  0.572510 0.478088 0.000000
vt  0.384399 0.439392 0.000000
vt  0.437012 0.380249 0.000000
vt  0.437012 0.246765 0.000000
vt  0.491760 0.223206 0.000000
vt  0.762695 0.439392 0.000000
vt  0.708069 0.380249 0.000000
vt  0.708069 0.246765 0.000000
vt  0.653320 0.223206 0.000000
vt  0.489380 0.391296 0.000000
vt  0.655701 0.391296 0.000000
vt  0.639282 0.471863 0.000000
vt  0.505737 0.471863 0.000000
vt  0.572510 0.002319 0.000000
vt  0.491760 0.183411 0.000000
vt  0.491760 0.073975 0.000000
vt  0.459351 0.212769 0.000000
vt  0.648743 0.183411 0.000000
vt  0.648743 0.073975 0.000000
vt  0.685730 0.212769 0.000000
vt  0.572510 0.082764 0.000000
vt  0.572510 0.211670 0.000000
vt  0.572510 0.398438 0.000000
vt  0.572510 0.478088 0.000000
vt  0.384399 0.439392 0.000000
vt  0.437012 0.380249 0.000000
vt  0.437012 0.246765 0.000000
vt  0.491760 0.223206 0.000000
vt  0.762695 0.439392 0.000000
vt  0.708069 0.380249 0.000000
vt  0.708069 0.246765 0.000000
vt  0.653320 0.223206 0.000000
vt  0.489380 0.391296 0.000000
vt  0.655701 0.391296 0.000000
vt  0.639282 0.471863 0.000000
vt  0.505737 0.471863 0.000000
vt  0.699707 0.788696 0.000000
vt  0.763916 0.749329 0.000000
vt  0.783691 0.737305 0.000000
vt  0.750488 0.811829 0.000000
vt  0.774536 0.822571 0.000000
vt  0.815308 0.773987 0.000000
vt  0.838318 0.783936 0.000000
vt  0.835022 0.762329 0.000000
vt  0.750488 0.811829 0.000000
vt  0.815308 0.773987 0.000000
vt  0.699707 0.788696 0.000000
vt  0.763916 0.749329 0.000000
vt  0.990845 0.915649 0.000000
vt  0.896667 0.915649 0.000000
vt  0.990784 0.881775 0.000000
vt  0.896606 0.881775 0.000000
vt  0.990784 0.881775 0.000000
vt  0.896606 0.881775 0.000000
vt  0.990845 0.915649 0.000000
vt  0.990845 0.927673 0.000000
vt  0.896667 0.915649 0.000000
vt  0.896667 0.927673 0.000000
vt  0.699707 0.788696 0.000000
vt  0.763916 0.749329 0.000000
vt  0.750488 0.811829 0.000000
vt  0.815308 0.773987 0.000000
vt  0.750488 0.811829 0.000000
vt  0.774536 0.822571 0.000000
vt  0.815308 0.773987 0.000000
vt  0.838318 0.783936 0.000000
vt  0.835022 0.762329 0.000000
vt  0.699707 0.788696 0.000000
vt  0.763916 0.749329 0.000000
vt  0.783691 0.737305 0.000000
vt  0.990845 0.915649 0.000000
vt  0.896667 0.915649 0.000000
vt  0.990784 0.881775 0.000000
vt  0.896606 0.881775 0.000000
vt  0.990784 0.881775 0.000000
vt  0.896606 0.881775 0.000000
vt  0.990845 0.915649 0.000000
vt  0.990845 0.927673 0.000000
vt  0.896667 0.915649 0.000000
vt  0.896667 0.927673 0.000000
vt  0.830872 0.674072 0.000000
vt  0.165833 0.296997 0.000000
vt  0.096191 0.012573 0.000000
vt  0.827087 0.419434 0.000000
vt  0.770569 0.708740 0.000000
vt  0.073303 0.071289 0.000000
vt  0.908752 0.770569 0.000000
vt  0.156738 0.213989 0.000000
vt  0.990967 0.755798 0.000000
vt  0.812012 0.828796 0.000000
vt  0.156738 0.147400 0.000000
vt  0.888977 0.821350 0.000000
vt  0.572510 0.760986 0.000000
vt  0.763184 0.518250 0.000000
vt  0.314209 0.674072 0.000000
vt  0.335938 0.295044 0.000000
vt  0.439026 0.465637 0.000000
vt  0.342285 0.503235 0.000000
vt  0.385315 0.710205 0.000000
vt  0.258972 0.007507 0.000000
vt  0.827087 0.612305 0.000000
vt  0.257446 0.820251 0.000000
vt  0.235413 0.117065 0.000000
vt  0.159363 0.810669 0.000000
vt  0.325989 0.157593 0.000000
vt  0.384216 0.915405 0.000000
vt  0.235413 0.213135 0.000000
vt  0.307312 0.915344 0.000000
vt  0.325989 0.053589 0.000000
vt  0.304749 0.952759 0.000000
vt  0.325989 0.015686 0.000000
vt  0.471802 0.742615 0.000000
vt  0.788147 0.568542 0.000000
vt  0.706055 0.465637 0.000000
vt  0.172180 0.501160 0.000000
vt  0.673218 0.742615 0.000000
vt  0.788147 0.468262 0.000000
vt  0.830872 0.674072 0.000000
vt  0.103943 0.296997 0.000000
vt  0.011353 0.012573 0.000000
vt  0.927429 0.419434 0.000000
vt  0.770569 0.708740 0.000000
vt  0.033447 0.071289 0.000000
vt  0.908752 0.770569 0.000000
vt  0.112061 0.213989 0.000000
vt  0.990967 0.755798 0.000000
vt  0.812012 0.828796 0.000000
vt  0.112000 0.147400 0.000000
vt  0.888977 0.821350 0.000000
vt  0.572510 0.760986 0.000000
vt  0.991333 0.518250 0.000000
vt  0.314209 0.674072 0.000000
vt  0.273682 0.295044 0.000000
vt  0.439026 0.465637 0.000000
vt  0.267334 0.503235 0.000000
vt  0.385315 0.710205 0.000000
vt  0.174011 0.007507 0.000000
vt  0.927429 0.612305 0.000000
vt  0.257446 0.820251 0.000000
vt  0.200378 0.117065 0.000000
vt  0.159363 0.810669 0.000000
vt  0.281433 0.157593 0.000000
vt  0.384216 0.915405 0.000000
vt  0.200378 0.213135 0.000000
vt  0.307312 0.915344 0.000000
vt  0.281433 0.053589 0.000000
vt  0.304749 0.952759 0.000000
vt  0.281433 0.015686 0.000000
vt  0.471802 0.742615 0.000000
vt  0.966370 0.568542 0.000000
vt  0.706055 0.465637 0.000000
vt  0.097656 0.501160 0.000000
vt  0.673218 0.742615 0.000000
vt  0.966370 0.468262 0.000000
vt  0.401367 0.234802 0.000000
vt  0.361572 0.427063 0.000000
vt  0.401367 0.383606 0.000000
vt  0.743713 0.234802 0.000000
vt  0.786682 0.428528 0.000000
vt  0.743713 0.383606 0.000000
vt  0.572510 0.002319 0.000000
vt  0.491760 0.183411 0.000000
vt  0.491760 0.073975 0.000000
vt  0.459351 0.212769 0.000000
vt  0.648743 0.183411 0.000000
vt  0.648743 0.073975 0.000000
vt  0.685730 0.212769 0.000000

vn  0.000000 -0.998541 -0.053994
vn  -0.000000 -0.997280 -0.073711
vn  -0.000000 -0.998439 -0.055854
vn  0.000000 -0.996819 -0.079701
vn  -0.594008 -0.764810 -0.249440
vn  -0.501096 -0.859384 -0.101794
vn  -0.443858 -0.892777 -0.077069
vn  -0.317739 -0.941006 -0.116401
vn  0.597018 -0.761617 -0.252009
vn  0.479045 -0.873047 -0.091126
vn  0.476752 -0.873917 -0.094746
vn  0.321564 -0.941258 -0.103103
vn  -0.251372 -0.965746 -0.064392
vn  0.232233 -0.969966 -0.072346
vn  0.161841 -0.983521 -0.080580
vn  -0.161857 -0.983519 -0.080578
vn  0.000000 0.987124 -0.159954
vn  -0.350865 0.931548 -0.095462
vn  -0.315797 0.945728 -0.076621
vn  -0.510742 0.833117 -0.212267
vn  0.350865 0.931548 -0.095462
vn  0.315797 0.945728 -0.076621
vn  0.510743 0.833117 -0.212268
vn  0.000000 0.998541 -0.053994
vn  -0.000000 0.997280 -0.073711
vn  -0.000000 0.998439 -0.055854
vn  0.000000 0.996819 -0.079701
vn  -0.594008 0.764810 -0.249440
vn  -0.501096 0.859384 -0.101794
vn  -0.443858 0.892777 -0.077069
vn  -0.317739 0.941006 -0.116401
vn  0.597018 0.761617 -0.252009
vn  0.479045 0.873047 -0.091126
vn  0.476752 0.873917 -0.094746
vn  0.321564 0.941258 -0.103103
vn  -0.251372 0.965746 -0.064392
vn  0.232233 0.969966 -0.072346
vn  0.161841 0.983521 -0.080580
vn  -0.161857 0.983519 -0.080578
vn  0.000000 1.000000 0.000000
vn  0.871699 0.447214 -0.200354
vn  0.871699 0.447214 -0.200354
vn  0.152893 0.447214 0.881263
vn  0.152893 0.447214 0.881263
vn  0.471935 0.823961 0.313632
vn  0.471935 0.823961 0.313632
vn  0.471935 0.823961 0.313632
vn  0.076446 -0.894427 0.440631
vn  0.782741 -0.341651 0.520183
vn  0.000000 -1.000000 0.000000
vn  0.435849 -0.894427 -0.100177
vn  0.173578 -0.894427 -0.412154
vn  0.347156 -0.447214 -0.824307
vn  0.000000 -1.000000 0.000000
vn  0.000000 -1.000000 0.000000
vn  0.000000 1.000000 0.000000
vn  0.000000 1.000000 0.000000
vn  0.347156 0.447214 -0.824307
vn  0.347156 0.447214 -0.824307
vn  0.173578 0.894427 -0.412154
vn  0.173578 0.894427 -0.412154
vn  0.000000 -1.000000 0.000000
vn  -0.800899 -0.447214 -0.398196
vn  -0.322666 -0.447214 0.834198
vn  -0.520901 -0.829339 0.202137
vn  -0.161333 0.894427 0.417099
vn  -0.161333 0.894427 0.417099
vn  -0.874033 0.347892 0.339171
vn  -0.874033 0.347892 0.339171
vn  -0.874033 0.347892 0.339171
vn  0.000000 1.000000 0.000000
vn  -0.400450 0.894427 -0.199098
vn  -0.400450 0.894427 -0.199098
vn  -0.050992 -0.894427 -0.444297
vn  -0.101985 -0.447214 -0.888594
vn  0.000000 -1.000000 0.000000
vn  0.000000 -1.000000 0.000000
vn  0.000000 1.000000 0.000000
vn  0.000000 1.000000 0.000000
vn  -0.101985 0.447214 -0.888594
vn  -0.101985 0.447214 -0.888594
vn  -0.050992 0.894427 -0.444297
vn  -0.050992 0.894427 -0.444297
vn  0.779858 -0.517024 -0.352857
vn  0.779858 -0.517024 -0.352857
vn  -0.008013 -0.861572 0.507573
vn  -0.008013 -0.861572 0.507573
vn  -0.008013 -0.861572 0.507573
vn  -0.195685 -0.939424 0.281407
vn  -0.195685 -0.939424 0.281407
vn  0.626036 -0.760157 -0.173899
vn  0.626036 -0.760157 -0.173899
vn  0.000000 -1.000000 0.000000
vn  0.564054 -0.707107 0.426431
vn  0.564054 -0.707107 0.426431
vn  0.075319 -0.841003 0.535762
vn  0.075319 -0.841003 0.535762
vn  -0.786812 -0.514662 -0.340661
vn  -0.786812 -0.514662 -0.340661
vn  -0.513065 -0.844556 -0.153264
vn  -0.513065 -0.844556 -0.153264
vn  -0.236869 -0.857248 0.457186
vn  -0.236869 -0.857248 0.457186
vn  -0.236869 -0.857248 0.457186
vn  0.643827 -0.752634 0.137944
vn  0.643827 -0.752634 0.137944
vn  -0.660004 -0.730033 0.177331
vn  -0.660004 -0.730033 0.177331
vn  0.593567 -0.707107 -0.384290
vn  0.593567 -0.707107 -0.384290
vn  -0.680367 -0.722936 0.120270
vn  -0.680367 -0.722936 0.120270
vn  -0.706712 -0.707107 -0.023624
vn  -0.706712 -0.707107 -0.023624
vn  -0.493593 -0.657439 0.569333
vn  -0.493593 -0.657439 0.569333
vn  0.395744 -0.910176 -0.122340
vn  0.395744 -0.910176 -0.122340
vn  0.526192 -0.656473 0.540524
vn  0.526192 -0.656473 0.540524
vn  0.719811 0.518367 -0.461701
vn  0.719811 0.518367 -0.461701
vn  0.259350 0.824950 0.502190
vn  0.259350 0.824950 0.502190
vn  0.259350 0.824950 0.502190
vn  -0.356585 0.819939 0.447825
vn  -0.356585 0.819939 0.447825
vn  0.639038 0.753356 0.155193
vn  0.639038 0.753356 0.155193
vn  0.000000 1.000000 0.000000
vn  0.356739 0.894427 0.269699
vn  0.356739 0.894427 0.269699
vn  -0.075319 0.841003 0.535762
vn  -0.075319 0.841003 0.535762
vn  -0.808044 0.514208 -0.287497
vn  -0.808044 0.514208 -0.287497
vn  -0.400076 0.908498 -0.120709
vn  -0.400076 0.908498 -0.120709
vn  0.094987 0.905870 0.412767
vn  0.094987 0.905870 0.412767
vn  0.094987 0.905870 0.412767
vn  0.640444 0.758094 -0.122984
vn  0.640444 0.758094 -0.122984
vn  -0.675443 0.733098 -0.079646
vn  -0.675443 0.733098 -0.079646
vn  0.375405 0.894427 -0.243046
vn  0.375405 0.894427 -0.243046
vn  -0.638202 0.722936 0.264693
vn  -0.638202 0.722936 0.264693
vn  -0.893928 0.447214 -0.029883
vn  -0.893928 0.447214 -0.029883
vn  -0.545896 0.649196 0.529661
vn  -0.545896 0.649196 0.529661
vn  0.509222 0.846591 -0.154841
vn  0.509222 0.846591 -0.154841
vn  0.478734 0.663618 0.574826
vn  0.478734 0.663618 0.574826
vn  -0.999860 0.000000 -0.016735
vn  -0.923272 0.000000 -0.384146
vn  -0.962556 -0.000000 -0.271083
vn  0.999860 0.000000 -0.016735
vn  0.923834 0.000000 -0.382793
vn  0.962134 0.000000 -0.272575
vn  0.000000 -0.987124 -0.159954
vn  -0.350865 -0.931548 -0.095462
vn  -0.315797 -0.945728 -0.076621
vn  -0.510742 -0.833117 -0.212267
vn  0.350865 -0.931548 -0.095462
vn  0.315797 -0.945728 -0.076621
vn  0.510743 -0.833117 -0.212268

g rdmobj00
usemtl 
f  16/16/16 96/96/96 115/115/115
f  96/96/96 16/16/16 4/4/4
f  3/3/3 4/4/4 16/16/16
f  4/4/4 3/3/3 15/15/15
f  14/14/14 15/15/15 3/3/3
f  15/15/15 14/14/14 117/117/117
f  10/10/10 117/117/117 14/14/14
f  117/117/117 10/10/10 9/9/9
f  163/163/163 9/9/9 10/10/10
f  9/9/9 163/163/163 162/162/162
f  32/32/32 162/162/162 163/163/163
f  154/154/154 125/125/125 121/121/121
f  125/125/125 154/154/154 156/156/156
f  38/38/38 156/156/156 154/154/154
f  156/156/156 38/38/38 133/133/133
f  27/27/27 133/133/133 38/38/38
f  133/133/133 27/27/27 39/39/39
f  26/26/26 39/39/39 27/27/27
f  39/39/39 26/26/26 36/36/36
f  31/31/31 36/36/36 26/26/26
f  36/36/36 31/31/31 30/30/30
f  20/20/20 30/30/30 31/31/31
f  100/100/100 115/115/115 102/102/102
f  115/115/115 100/100/100 16/16/16
f  13/13/13 16/16/16 100/100/100
f  16/16/16 13/13/13 3/3/3
f  8/8/8 3/3/3 13/13/13
f  3/3/3 8/8/8 2/2/2
f  165/165/165 2/2/2 8/8/8
f  2/2/2 165/165/165 1/1/1
f  166/166/166 1/1/1 165/165/165
f  1/1/1 166/166/166 164/164/164
f  31/31/31 18/18/18 20/20/20
f  18/18/18 31/31/31 25/25/25
f  26/26/26 25/25/25 31/31/31
f  25/25/25 26/26/26 35/35/35
f  37/37/37 35/35/35 26/26/26
f  35/35/35 37/37/37 33/33/33
f  111/111/111 109/109/109 113/113/113
f  109/109/109 111/111/111 105/105/105
f  107/107/107 105/105/105 111/111/111
f  105/105/105 107/107/107 102/102/102
f  98/98/98 102/102/102 107/107/107
f  102/102/102 98/98/98 100/100/100
f  15/15/15 96/96/96 4/4/4
f  96/96/96 15/15/15 119/119/119
f  117/117/117 119/119/119 15/15/15
f  119/119/119 117/117/117 88/88/88
f  84/84/84 88/88/88 117/117/117
f  88/88/88 84/84/84 92/92/92
f  38/38/38 26/26/26 27/27/27
f  26/26/26 38/38/38 37/37/37
f  154/154/154 37/37/37 38/38/38
f  37/37/37 154/154/154 33/33/33
f  32/32/32 33/33/33 154/154/154
f  33/33/33 32/32/32 163/163/163
f  8/8/8 167/167/167 165/165/165
f  167/167/167 8/8/8 7/7/7
f  13/13/13 7/7/7 8/8/8
f  7/7/7 13/13/13 6/6/6
f  100/100/100 6/6/6 13/13/13
f  6/6/6 100/100/100 5/5/5
f  39/39/39 152/152/152 133/133/133
f  152/152/152 39/39/39 137/137/137
f  36/36/36 137/137/137 39/39/39
f  137/137/137 36/36/36 29/29/29
f  30/30/30 29/29/29 36/36/36
f  29/29/29 30/30/30 158/158/158
f  161/161/161 163/163/163 10/10/10
f  163/163/163 161/161/161 33/33/33
f  34/34/34 33/33/33 161/161/161
f  33/33/33 34/34/34 35/35/35
f  23/23/23 35/35/35 34/34/34
f  35/35/35 23/23/23 21/21/21
f  51/51/51 48/48/48 50/50/50
f  48/48/48 51/51/51 49/49/49
f  42/42/42 49/49/49 51/51/51
f  49/49/49 42/42/42 47/47/47
f  65/65/65 62/62/62 64/64/64
f  62/62/62 65/65/65 63/63/63
f  70/70/70 63/63/63 65/65/65
f  63/63/63 70/70/70 73/73/73
f  168/168/168 2/2/2 1/1/1
f  2/2/2 168/168/168 12/12/12
f  170/170/170 12/12/12 168/168/168
f  12/12/12 170/170/170 11/11/11
f  21/21/21 25/25/25 35/35/35
f  25/25/25 21/21/21 24/24/24
f  22/22/22 24/24/24 21/21/21
f  24/24/24 22/22/22 17/17/17
f  6/6/6 158/158/158 7/7/7
f  158/158/158 6/6/6 160/160/160
f  5/5/5 160/160/160 6/6/6
f  160/160/160 5/5/5 159/159/159
f  74/74/74 77/77/77 76/76/76
f  77/77/77 74/74/74 75/75/75
f  81/81/81 75/75/75 74/74/74
f  75/75/75 81/81/81 83/83/83
f  160/160/160 29/29/29 158/158/158
f  29/29/29 160/160/160 28/28/28
f  159/159/159 28/28/28 160/160/160
f  12/12/12 3/3/3 2/2/2
f  3/3/3 12/12/12 14/14/14
f  10/10/10 14/14/14 12/12/12
f  144/144/144 139/139/139 135/135/135
f  139/139/139 144/144/144 142/142/142
f  148/148/148 142/142/142 144/144/144
f  55/55/55 52/52/52 54/54/54
f  52/52/52 55/55/55 53/53/53
f  60/60/60 56/56/56 58/58/58
f  56/56/56 60/60/60 57/57/57
f  45/45/45 40/40/40 43/43/43
f  40/40/40 45/45/45 41/41/41
f  134/134/134 116/116/116 97/97/97
f  116/116/116 134/134/134 153/153/153
f  157/157/157 97/97/97 120/120/120
f  97/97/97 157/157/157 134/134/134
f  128/128/128 94/94/94 91/91/91
f  94/94/94 128/128/128 131/131/131
f  126/126/126 86/86/86 89/89/89
f  86/86/86 126/126/126 123/123/123
f  72/72/72 66/66/66 71/71/71
f  66/66/66 72/72/72 68/68/68
f  82/82/82 78/78/78 79/79/79
f  78/78/78 82/82/82 80/80/80
f  49/49/49 44/44/44 48/48/48
f  44/44/44 49/49/49 46/46/46
f  53/53/53 59/59/59 52/52/52
f  59/59/59 53/53/53 61/61/61
f  69/69/69 64/64/64 67/67/67
f  64/64/64 69/69/69 65/65/65
f  145/145/145 99/99/99 108/108/108
f  99/99/99 145/145/145 136/136/136
f  136/136/136 101/101/101 99/99/99
f  101/101/101 136/136/136 138/138/138
f  140/140/140 106/106/106 103/103/103
f  106/106/106 140/140/140 143/143/143
f  146/146/146 148/148/148 150/150/150
f  148/148/148 146/146/146 142/142/142
f  169/169/169 1/1/1 164/164/164
f  1/1/1 169/169/169 168/168/168
f  92/92/92 90/90/90 88/88/88
f  90/90/90 92/92/92 95/95/95
f  132/132/132 127/127/127 130/130/130
f  127/127/127 132/132/132 129/129/129
f  129/129/129 125/125/125 127/127/127
f  125/125/125 129/129/129 121/121/121
f  137/137/137 139/139/139 152/152/152
f  139/139/139 137/137/137 135/135/135
f  11/11/11 10/10/10 12/12/12
f  10/10/10 11/11/11 161/161/161
f  19/19/19 24/24/24 17/17/17
f  24/24/24 19/19/19 18/18/18
f  124/124/124 120/120/120 87/87/87
f  120/120/120 124/124/124 157/157/157
f  104/104/104 153/153/153 141/141/141
f  153/153/153 104/104/104 116/116/116
f  110/110/110 143/143/143 147/147/147
f  143/143/143 110/110/110 106/106/106
f  151/151/151 112/112/112 114/114/114
f  112/112/112 151/151/151 149/149/149
f  149/149/149 108/108/108 112/112/112
f  108/108/108 149/149/149 145/145/145
f  155/155/155 85/85/85 118/118/118
f  85/85/85 155/155/155 122/122/122
f  122/122/122 91/91/91 85/85/85
f  91/91/91 122/122/122 128/128/128
f  18/18/18 25/25/25 24/24/24
f  90/90/90 95/95/95 93/93/93
f  29/29/29 28/28/28 137/137/137

g
v  2.591447 1.376180 150.271820
v  2.591447 1.376180 150.271820
v  2.591447 1.376180 150.271820
v  0.141630 -4.443181 63.222481
v  -2.591314 1.376180 150.271820
v  -2.591314 1.376180 150.271820
v  -2.591314 1.376180 150.271820
v  -1.927157 -6.450838 63.166145
v  3.097526 1.376180 163.782730
v  3.097526 1.376180 163.782730
v  0.000000 -5.320465 75.353439
v  -3.097393 1.376180 163.782730
v  -3.097393 1.376180 163.782730
v  5.500464 -5.215595 83.171349
v  3.097526 -1.376180 163.782730
v  3.097526 -1.376180 163.782730
v  5.482064 -6.473292 78.768738
v  -3.097393 -1.376180 163.782730
v  -3.097393 -1.376180 163.782730
v  5.101512 -4.635127 74.879837
v  2.591447 -1.376180 150.271820
v  2.591447 -1.376180 150.271820
v  -5.653681 -5.159613 82.165169
v  -2.591314 -1.376180 150.271820
v  -2.591314 -1.376180 150.271820
v  -12.290231 -3.490838 94.696320
v  5.526273 1.376180 155.060425
v  5.526273 1.376180 155.060425
v  3.666091 -6.856423 101.398735
v  5.526273 1.376180 159.849030
v  5.526273 1.376180 159.849030
v  -2.826684 -7.026032 101.992989
v  -5.526140 1.376180 155.060425
v  -5.526140 1.376180 155.060425
v  8.445325 -4.853448 87.845222
v  -5.526140 1.376180 159.849030
v  -5.526140 1.376180 159.849030
v  1.328640 -9.482290 100.411446
v  5.526273 -1.376180 159.849030
v  5.526273 -1.376180 159.849030
v  10.434875 -0.396475 42.552223
v  5.526273 -1.376180 155.060425
v  5.526273 -1.376180 155.060425
v  8.877361 -0.206713 37.522278
v  -5.526140 -1.376180 159.849030
v  -5.526140 -1.376180 159.849030
v  -9.006279 0.042191 37.581963
v  -5.526140 -1.376180 155.060425
v  -5.526140 -1.376180 155.060425
v  -10.168653 0.146151 42.573490
v  0.000066 1.376180 164.786316
v  0.000066 1.376180 164.786316
v  -8.998166 -0.543512 47.744801
v  0.000066 -1.376180 164.786316
v  0.000066 -1.376180 164.786316
v  7.999778 -0.669530 49.573376
v  18.415199 -2.744441 98.038597
v  18.415199 -2.744441 98.038597
v  -1.913384 3.710229 57.277618
v  -1.913384 3.710229 57.277618
v  14.118693 -3.749987 103.122231
v  14.118693 -3.749987 103.122231
v  14.118693 -3.749987 103.122231
v  1.831701 3.932521 58.668304
v  1.831701 3.932521 58.668304
v  1.831701 3.932521 58.668304
v  23.968685 -1.794000 112.188652
v  23.968685 -1.794000 112.188652
v  7.111356 4.012582 48.881931
v  29.827585 -1.794000 110.026581
v  29.827585 -1.794000 110.026581
v  9.759169 3.095745 50.687679
v  9.759169 3.095745 50.687679
v  17.071651 -1.794000 120.734970
v  17.071651 -1.794000 120.734970
v  9.251459 3.859168 42.559551
v  22.555714 -1.794000 119.645287
v  22.555714 -1.794000 119.645287
v  12.518190 2.654389 42.559273
v  12.518190 2.654389 42.559273
v  22.879068 -1.794000 124.940369
v  22.879068 -1.794000 124.940369
v  7.815347 3.750406 38.144455
v  25.609610 -1.794000 122.148514
v  25.609610 -1.794000 122.148514
v  25.609610 -1.794000 122.148514
v  10.691036 2.457841 36.479725
v  10.691036 2.457841 36.479725
v  -13.921485 -0.000000 61.796513
v  -13.921485 -0.000000 61.796513
v  0.000000 3.644345 33.838963
v  13.921485 -0.000000 61.796513
v  13.921485 -0.000000 61.796513
v  0.000000 3.268227 30.470245
v  0.000000 -8.529447 110.795380
v  0.000000 -8.529447 110.795380
v  -8.031271 3.749353 38.101719
v  -18.415199 -2.744441 98.038597
v  -18.415199 -2.744441 98.038597
v  -10.720727 2.449706 36.575588
v  -10.720727 2.449706 36.575588
v  -12.920663 -1.674934 63.084934
v  -12.920663 -1.674934 63.084934
v  4.619904 4.101209 52.061314
v  -9.518384 -3.304736 67.458656
v  -9.518384 -3.304736 67.458656
v  4.457319 3.671178 34.928253
v  -13.345847 -3.749987 103.343048
v  -13.345847 -3.749987 103.343048
v  -13.345847 -3.749987 103.343048
v  5.603022 2.450284 32.074619
v  5.603022 2.450284 32.074619
v  -22.458679 -1.794000 119.487007
v  -22.458679 -1.794000 119.487007
v  -4.316224 3.672466 34.980522
v  -29.450083 -1.794000 118.079926
v  -29.450083 -1.794000 118.079926
v  -5.666307 2.436826 32.132156
v  -5.666307 2.436826 32.132156
v  -13.422474 -1.794000 133.444183
v  -13.422474 -1.794000 133.444183
v  -9.110890 3.859169 42.559608
v  -18.906534 -1.794000 133.440720
v  -18.906534 -1.794000 133.440720
v  -12.426573 2.648509 42.559353
v  -12.426573 2.648509 42.559353
v  -16.435808 -1.794000 145.258408
v  -16.435808 -1.794000 145.258408
v  -8.023282 3.971478 47.118702
v  -19.089861 -1.794000 138.924911
v  -19.089861 -1.794000 138.924911
v  -10.558522 2.912795 48.702915
v  -10.558522 2.912795 48.702915
v  -7.178853 -6.662735 108.097511
v  -7.178853 -6.662735 108.097511
v  -4.304938 4.073793 51.272118
v  12.920663 -1.674934 63.084934
v  12.920663 -1.674934 63.084934
v  -5.504008 3.071358 53.526855
v  -5.504008 3.071358 53.526855
v  9.518384 -3.304736 67.458656
v  9.518384 -3.304736 67.458656
v  0.077450 6.094620 57.748997
v  0.077450 6.094620 57.748997
v  7.178853 -6.662735 108.097511
v  7.178853 -6.662735 108.097511
v  8.442285 5.463567 49.879925
v  -23.728209 -1.794000 144.315933
v  -23.728209 -1.794000 144.315933
v  10.884825 5.144807 42.559280
v  -22.710960 -1.794000 138.976730
v  -22.710960 -1.794000 138.976730
v  -22.710960 -1.794000 138.976730
v  9.253339 4.949132 37.309387
v  18.415199 2.744441 98.038597
v  18.415199 2.744441 98.038597
v  0.000000 4.978575 32.150608
v  14.118693 3.749987 103.122231
v  14.118693 3.749987 103.122231
v  14.118693 3.749987 103.122231
v  -9.377021 4.768370 37.336105
v  23.968685 1.794000 112.188652
v  23.968685 1.794000 112.188652
v  3.903464 4.873205 53.088284
v  29.827585 1.794000 110.026581
v  29.827585 1.794000 110.026581
v  5.059081 4.902209 33.497803
v  17.071651 1.794000 120.734970
v  17.071651 1.794000 120.734970
v  -5.020176 4.922761 33.552731
v  22.555714 1.794000 119.645287
v  22.555714 1.794000 119.645287
v  -10.768732 4.931426 42.559345
v  22.879068 1.794000 124.940369
v  22.879068 1.794000 124.940369
v  -9.290025 4.989546 47.910988
v  25.609610 1.794000 122.148514
v  25.609610 1.794000 122.148514
v  25.609610 1.794000 122.148514
v  -4.904473 4.997911 52.400723
v  0.000000 8.529447 110.795380
v  0.000000 8.529447 110.795380
v  0.000000 3.969087 54.522614
v  -18.415199 2.744441 98.038597
v  -18.415199 2.744441 98.038597
v  0.000000 4.967082 53.434864
v  -12.920663 1.674934 63.084934
v  -12.920663 1.674934 63.084934
v  0.000000 4.096781 52.205296
v  -9.518384 3.304736 67.458656
v  -9.518384 3.304736 67.458656
v  0.000000 7.405581 98.434891
v  -13.345847 3.749987 103.343048
v  -13.345847 3.749987 103.343048
v  -13.345847 3.749987 103.343048
v  8.342820 5.031227 90.107452
v  -22.458679 1.794000 119.487007
v  -22.458679 1.794000 119.487007
v  0.000000 7.696931 102.735268
v  -29.450083 1.794000 118.079926
v  -29.450083 1.794000 118.079926
v  12.713784 3.271913 87.236877
v  -13.422474 1.794000 133.444183
v  -13.422474 1.794000 133.444183
v  -8.870708 4.919368 91.989166
v  -18.906534 1.794000 133.440720
v  -18.906534 1.794000 133.440720
v  -13.653038 3.272013 92.164726
v  -16.435808 1.794000 145.258408
v  -16.435808 1.794000 145.258408
v  -5.071044 5.591817 87.027412
v  -19.089861 1.794000 138.924911
v  -19.089861 1.794000 138.924911
v  -8.321664 4.601890 83.211212
v  -7.178853 6.662735 108.097511
v  -7.178853 6.662735 108.097511
v  2.340547 6.229877 87.128075
v  12.920663 1.674934 63.084934
v  12.920663 1.674934 63.084934
v  2.686850 5.754851 82.664101
v  9.518384 3.304736 67.458656
v  9.518384 3.304736 67.458656
v  -2.760644 4.661180 70.084724
v  7.178853 6.662735 108.097511
v  7.178853 6.662735 108.097511
v  1.411799 4.753338 69.005478
v  -23.728209 1.794000 144.315933
v  -23.728209 1.794000 144.315933
v  -6.363147 5.814245 94.462204
v  -22.710960 1.794000 138.976730
v  -22.710960 1.794000 138.976730
v  -22.710960 1.794000 138.976730
v  -6.672913 6.070704 99.417236
v  11.248001 1.800780 78.327705
v  11.248001 1.800780 78.327705
v  6.199213 5.737064 92.805099
v  17.361219 1.800780 77.341942
v  17.361219 1.800780 77.341942
v  17.361219 1.800780 77.341942
v  6.629282 6.032892 98.570557
v  12.855115 1.800780 83.754883
v  12.855115 1.800780 83.754883
v  5.364635 5.388944 85.034630
v  18.611776 1.800780 82.745537
v  18.611776 1.800780 82.745537
v  18.611776 1.800780 82.745537
v  -8.672455 4.880411 90.342056
v  12.855115 -1.800780 83.754883
v  -12.999275 3.023939 88.405678
v  18.611776 -1.800780 82.745537
v  12.196034 3.687976 91.905281
v  11.248001 -1.800780 78.327705
v  -1.812816 9.489251 100.406921
v  17.361219 -1.800780 77.341942
v  10.637124 6.323704 87.697861
v  8.931646 -1.800780 69.763519
v  -11.051235 6.849169 92.411575
v  15.861647 -1.800780 69.066139
v  -6.154026 7.204446 84.992744
v  10.394572 -1.800780 74.556267
v  -0.746659 6.558497 69.292274
v  16.621956 -1.800780 73.719948
v  -6.543397 8.282403 96.902473
v  10.394572 1.800780 74.556267
v  10.394572 1.800780 74.556267
v  6.369258 8.205361 95.713860
v  16.621956 1.800780 73.719948
v  16.621956 1.800780 73.719948
v  16.621956 1.800780 73.719948
v  -10.332721 6.598500 89.018181
v  8.931646 1.800780 69.763519
v  8.931646 1.800780 69.763519
v  10.292493 6.790991 90.661850
v  15.861647 1.800780 69.066139
v  15.861647 1.800780 69.066139
v  15.861647 1.800780 69.066139
v  2.578990 7.832038 84.926353
v  -11.430315 1.800780 77.507294
v  -11.430315 1.800780 77.507294
v  0.000000 6.001530 82.323814
v  -18.363947 1.800780 75.883430
v  -18.363947 1.800780 75.883430
v  -18.363947 1.800780 75.883430
v  0.000000 8.104041 84.820885
v  -13.219744 1.800780 83.846046
v  -13.219744 1.800780 83.846046
v  0.000000 6.351138 87.018990
v  -20.070286 1.800780 81.013557
v  -20.070286 1.800780 81.013557
v  -20.070286 1.800780 81.013557
v  -3.995944 3.972958 63.109810
v  -13.219744 -1.800780 83.846046
v  0.141630 4.443181 63.222481
v  -20.070286 -1.800780 81.013557
v  -1.927157 6.450838 63.166145
v  -11.430315 -1.800780 77.507294
v  0.000000 5.320465 75.353439
v  -18.363947 -1.800780 75.883430
v  5.500464 5.215595 83.171349
v  -9.205116 -1.800780 69.490051
v  5.482064 6.473292 78.768738
v  -15.861647 -1.800780 66.696060
v  5.101512 4.635127 74.879837
v  -10.668042 -1.800780 74.465111
v  -5.653681 5.159613 82.165169
v  -17.168898 -1.800780 71.349861
v  -12.290231 3.490838 94.696320
v  -10.668042 1.800780 74.465111
v  -10.668042 1.800780 74.465111
v  3.666091 6.856423 101.398735
v  -17.168898 1.800780 71.349861
v  -17.168898 1.800780 71.349861
v  -17.168898 1.800780 71.349861
v  -2.826684 7.026032 101.992989
v  -9.205116 1.800780 69.490051
v  -9.205116 1.800780 69.490051
v  8.445325 4.853448 87.845222
v  -15.861647 1.800780 66.696060
v  -15.861647 1.800780 66.696060
v  -15.861647 1.800780 66.696060
v  1.328640 9.482290 100.411446
v  -14.529518 -1.800780 86.989990
v  10.434875 0.396475 42.552223
v  -21.693859 -1.800780 84.954102
v  8.877361 0.206713 37.522278
v  -16.227791 -1.800780 93.779884
v  -9.006279 -0.042191 37.581963
v  -24.494305 -1.800780 90.564079
v  -10.168653 -0.146151 42.573490
v  -16.227791 1.800780 93.779884
v  -16.227791 1.800780 93.779884
v  -8.998166 0.543512 47.744801
v  -24.494305 1.800780 90.564079
v  -24.494305 1.800780 90.564079
v  -24.494305 1.800780 90.564079
v  7.999778 0.669530 49.573376
v  -14.529518 1.800780 86.989990
v  -14.529518 1.800780 86.989990
v  -10.525444 -0.000000 32.833954
v  -10.525444 -0.000000 32.833954
v  -21.693859 1.800780 84.954102
v  -21.693859 1.800780 84.954102
v  -21.693859 1.800780 84.954102
v  10.525444 -0.000000 32.833954
v  10.525444 -0.000000 32.833954
v  13.891420 -1.800780 86.625366
v  -11.365900 -0.000000 33.588749
v  20.326506 -1.800780 85.865669
v  -11.365900 -0.000000 55.422768
v  15.498537 -1.800780 92.139069
v  11.365900 -0.000000 33.588749
v  21.173326 -1.800780 91.413460
v  11.365900 -0.000000 55.422768
v  15.498537 1.800780 92.139069
v  15.498537 1.800780 92.139069
v  0.000000 -1.481714 -0.323858
v  0.000000 -1.481714 -0.323858
v  21.173326 1.800780 91.413460
v  21.173326 1.800780 91.413460
v  21.173326 1.800780 91.413460
v  -5.317281 -1.481714 26.045389
v  -5.317281 -1.481714 26.045389
v  13.891420 1.800780 86.625366
v  13.891420 1.800780 86.625366
v  -5.317270 -1.481714 9.991453
v  -5.317270 -1.481714 9.991453
v  20.326506 1.800780 85.865669
v  20.326506 1.800780 85.865669
v  20.326506 1.800780 85.865669
v  -8.068544 -0.725399 30.353191
v  -8.068544 -0.725399 30.353191
v  0.000066 5.343611 107.374870
v  5.317281 -1.481714 26.045389
v  5.317281 -1.481714 26.045389
v  -6.466749 -0.000000 107.374870
v  5.317270 -1.481714 9.991453
v  5.317270 -1.481714 9.991453
v  0.000067 3.682675 118.881287
v  8.068544 -0.725399 30.353191
v  8.068544 -0.725399 30.353191
v  -4.245073 -0.000000 118.881287
v  0.000000 -3.361290 11.275570
v  4.245207 -0.000000 118.881287
v  0.000000 -3.364629 30.188824
v  0.000067 -3.682675 118.881287
v  0.000000 -4.080941 57.600006
v  6.466883 -0.000000 107.374870
v  0.000000 -4.945506 69.284508
v  0.000067 -5.343611 107.374870
v  -9.660044 -1.693227 54.927368
v  -0.000232 2.560216 151.146439
v  -9.660251 -1.184071 35.340080
v  -2.477485 -0.000000 151.146439
v  -5.757320 -2.532102 31.883118
v  -0.000231 -2.560216 151.146439
v  9.660044 -1.693227 54.927368
v  2.477022 -0.000000 151.146439
v  9.660251 -1.184071 35.340080
v  0.000066 4.426222 155.060425
v  5.757320 -2.532102 31.883118
v  0.000066 4.426222 159.849030
v  -5.926849 -3.095146 56.551132
v  0.000066 -4.426222 159.849030
v  5.926849 -3.095146 56.551132
v  0.000066 -4.426222 155.060425
v  4.759192 -4.447686 68.371582
v  0.000066 2.861894 150.271820
v  0.000066 2.861894 150.271820
v  -4.759192 -4.447686 68.371582
v  0.000066 -2.861894 150.271820
v  0.000000 -0.000000 -80.101555
v  5.208352 -0.774503 159.900497
v  -9.055688 -0.000000 -11.703110
v  8.735617 -0.774503 161.685150
v  -8.471669 -0.000000 -60.452126
v  2.615286 -0.774503 163.516052
v  -10.756054 -0.000000 -4.492865
v  7.280419 -0.774503 164.648209
v  -14.757609 -0.000000 0.033493
v  2.615286 0.774503 163.516052
v  2.615286 0.774503 163.516052
v  -10.506272 -0.000000 15.610702
v  7.280419 0.774503 164.648209
v  7.280419 0.774503 164.648209
v  7.280419 0.774503 164.648209
v  9.055688 -0.000000 -11.703110
v  5.208352 0.774503 159.900497
v  5.208352 0.774503 159.900497
v  8.471669 -0.000000 -60.452126
v  8.735617 0.774503 161.685150
v  8.735617 0.774503 161.685150
v  8.735617 0.774503 161.685150
v  10.756054 -0.000000 -4.492865
v  -4.941410 -0.774503 156.619080
v  14.757609 -0.000000 0.033493
v  -8.192469 -0.774503 154.221313
v  10.506272 -0.000000 15.610702
v  -3.224673 -0.774503 154.019363
v  0.000000 -1.481714 -50.831139
v  -6.714948 -0.774503 152.003906
v  0.000000 -1.481714 -10.824594
v  -3.224673 0.774503 154.019363
v  -3.224673 0.774503 154.019363
v  -7.385350 -1.481714 0.189352
v  -6.714948 0.774503 152.003906
v  -6.714948 0.774503 152.003906
v  -6.714948 0.774503 152.003906
v  7.385350 -1.481714 0.189352
v  -4.941410 0.774503 156.619080
v  -4.941410 0.774503 156.619080
v  0.000000 1.481714 -0.323858
v  0.000000 1.481714 -0.323858
v  -8.192469 0.774503 154.221313
v  -8.192469 0.774503 154.221313
v  -8.192469 0.774503 154.221313
v  -5.317281 1.481714 26.045389
v  -5.317281 1.481714 26.045389
v  3.915990 -0.774503 154.684479
v  -5.317270 1.481714 9.991453
v  -5.317270 1.481714 9.991453
v  6.716303 -0.774503 153.076691
v  -8.068544 0.725399 30.353191
v  -8.068544 0.725399 30.353191
v  5.361559 -0.774503 157.492294
v  5.317281 1.481714 26.045389
v  5.317281 1.481714 26.045389
v  8.007374 -0.774503 155.918579
v  5.317270 1.481714 9.991453
v  5.317270 1.481714 9.991453
v  5.361559 0.774503 157.492294
v  5.361559 0.774503 157.492294
v  8.068544 0.725399 30.353191
v  8.068544 0.725399 30.353191
v  8.007374 0.774503 155.918579
v  8.007374 0.774503 155.918579
v  8.007374 0.774503 155.918579
v  0.000000 3.361290 11.275570
v  3.915990 0.774503 154.684479
v  3.915990 0.774503 154.684479
v  0.000000 3.364629 30.188824
v  6.716303 0.774503 153.076691
v  6.716303 0.774503 153.076691
v  6.716303 0.774503 153.076691
v  0.000000 4.080941 57.600006
v  -5.011309 -0.774503 160.292404
v  0.000000 4.945506 69.284508
v  -9.336611 -0.774503 161.008942
v  -9.660044 1.693227 54.927368
v  -4.988991 -0.774503 157.867950
v  -9.660251 1.184071 35.340080
v  -9.039106 -0.774503 157.895035
v  -5.757320 2.532102 31.883118
v  -4.988991 0.774503 157.867950
v  -4.988991 0.774503 157.867950
v  9.660044 1.693227 54.927368
v  -9.039106 0.774503 157.895035
v  -9.039106 0.774503 157.895035
v  -9.039106 0.774503 157.895035
v  9.660251 1.184071 35.340080
v  -5.011309 0.774503 160.292404
v  -5.011309 0.774503 160.292404
v  5.757320 2.532102 31.883118
v  -9.336611 0.774503 161.008942
v  -9.336611 0.774503 161.008942
v  -9.336611 0.774503 161.008942
v  -5.926849 3.095146 56.551132
v  -2.746070 -0.774503 163.437393
v  -2.746070 -0.774503 163.437393
v  5.926849 3.095146 56.551132
v  -6.142485 -0.774503 166.213684
v  -6.142485 -0.774503 166.213684
v  -6.142485 -0.774503 166.213684
v  4.759192 4.447686 68.371582
v  -4.581526 -0.774503 160.851425
v  -4.581526 -0.774503 160.851425
v  -4.759192 4.447686 68.371582
v  -8.793187 -0.774503 163.786316
v  -8.793187 -0.774503 163.786316
v  -8.793187 -0.774503 163.786316
v  0.000000 1.481714 -50.831139
v  -4.581526 0.774503 160.851425
v  0.000000 1.481714 -10.824594
v  -8.793187 0.774503 163.786316
v  -7.385350 1.481714 0.189352
v  -2.746070 0.774503 163.437393
v  7.385350 1.481714 0.189352
v  -6.142485 0.774503 166.213684
v  1.420634 -0.774503 163.754272
v  1.420634 -0.774503 163.754272
v  1.703806 -0.774503 168.272736
v  1.703806 -0.774503 168.272736
v  1.703806 -0.774503 168.272736
v  -2.000912 -0.774503 163.749771
v  -2.000912 -0.774503 163.749771
v  -2.563098 -0.774503 167.994461
v  -2.563098 -0.774503 167.994461
v  -2.563098 -0.774503 167.994461
v  -2.000912 0.774503 163.749771
v  -2.563098 0.774503 167.994461
v  1.420634 0.774503 163.754272
v  1.703806 0.774503 168.272736
v  -1.913384 -3.710229 57.277618
v  -1.913384 -3.710229 57.277618
v  1.831701 -3.932521 58.668304
v  1.831701 -3.932521 58.668304
v  1.831701 -3.932521 58.668304
v  7.111356 -4.012582 48.881931
v  9.759169 -3.095745 50.687679
v  9.759169 -3.095745 50.687679
v  9.251459 -3.859168 42.559551
v  12.518190 -2.654389 42.559273
v  12.518190 -2.654389 42.559273
v  7.815347 -3.750406 38.144455
v  10.691036 -2.457841 36.479725
v  10.691036 -2.457841 36.479725
v  0.000000 -3.644345 33.838963
v  0.000000 -3.268227 30.470245
v  -8.031271 -3.749353 38.101719
v  -10.720727 -2.449706 36.575588
v  -10.720727 -2.449706 36.575588
v  4.619904 -4.101209 52.061314
v  4.457319 -3.671178 34.928253
v  5.603022 -2.450284 32.074619
v  5.603022 -2.450284 32.074619
v  -4.316224 -3.672466 34.980522
v  -5.666307 -2.436826 32.132156
v  -5.666307 -2.436826 32.132156
v  -9.110890 -3.859169 42.559608
v  -12.426573 -2.648509 42.559353
v  -12.426573 -2.648509 42.559353
v  -8.023282 -3.971478 47.118702
v  -10.558522 -2.912795 48.702915
v  -10.558522 -2.912795 48.702915
v  -4.304938 -4.073793 51.272118
v  -5.504008 -3.071358 53.526855
v  -5.504008 -3.071358 53.526855
v  0.077450 -6.094620 57.748997
v  0.077450 -6.094620 57.748997
v  8.442285 -5.463567 49.879925
v  10.884825 -5.144807 42.559280
v  9.253339 -4.949132 37.309387
v  0.000000 -4.978575 32.150608
v  -9.377021 -4.768370 37.336105
v  3.903464 -4.873205 53.088284
v  5.059081 -4.902209 33.497803
v  -5.020176 -4.922761 33.552731
v  -10.768732 -4.931426 42.559345
v  -9.290025 -4.989546 47.910988
v  -4.904473 -4.997911 52.400723
v  0.000000 -3.969087 54.522614
v  0.000000 -4.967082 53.434864
v  0.000000 -4.096781 52.205296
v  0.000000 -7.405581 98.434891
v  8.342820 -5.031227 90.107452
v  0.000000 -7.696931 102.735268
v  12.713784 -3.271913 87.236877
v  -8.870708 -4.919368 91.989166
v  -13.653038 -3.272013 92.164726
v  -5.071044 -5.591817 87.027412
v  -8.321664 -4.601890 83.211212
v  2.340547 -6.229877 87.128075
v  2.686850 -5.754851 82.664101
v  -2.760644 -4.661180 70.084724
v  1.411799 -4.753338 69.005478
v  -6.363147 -5.814245 94.462204
v  -6.672913 -6.070704 99.417236
v  6.199213 -5.737064 92.805099
v  6.629282 -6.032892 98.570557
v  5.364635 -5.388944 85.034630
v  -8.672455 -4.880411 90.342056
v  -12.999275 -3.023939 88.405678
v  12.196034 -3.687976 91.905281
v  -1.812816 -9.489251 100.406921
v  10.637124 -6.323704 87.697861
v  -11.051235 -6.849169 92.411575
v  -6.154026 -7.204446 84.992744
v  -0.746659 -6.558497 69.292274
v  -6.543397 -8.282403 96.902473
v  6.369258 -8.205361 95.713860
v  -10.332721 -6.598500 89.018181
v  10.292493 -6.790991 90.661850
v  2.578990 -7.832038 84.926353
v  0.000000 -6.001530 82.323814
v  0.000000 -8.104041 84.820885
v  0.000000 -6.351138 87.018990
v  -3.995944 -3.972958 63.109810

vt  0.022522 0.300293 0.000000
vt  0.009216 0.972107 0.000000
vt  0.001831 0.972107 0.000000
vt  0.575684 0.436523 0.000000
vt  0.022522 0.551147 0.000000
vt  0.009216 0.939819 0.000000
vt  0.001831 0.939819 0.000000
vt  0.546448 0.436157 0.000000
vt  0.022522 0.409668 0.000000
vt  0.189087 0.975220 0.000000
vt  0.573669 0.519226 0.000000
vt  0.022522 0.455750 0.000000
vt  0.189087 0.936646 0.000000
vt  0.651306 0.572571 0.000000
vt  0.070251 0.409668 0.000000
vt  0.189087 0.975220 0.000000
vt  0.651062 0.542542 0.000000
vt  0.070251 0.455750 0.000000
vt  0.189087 0.936646 0.000000
vt  0.645691 0.515991 0.000000
vt  0.070251 0.300293 0.000000
vt  0.009216 0.972107 0.000000
vt  0.493835 0.565674 0.000000
vt  0.070251 0.551147 0.000000
vt  0.009216 0.939819 0.000000
vt  0.400146 0.651123 0.000000
vt  0.022522 0.339050 0.000000
vt  0.072937 0.990356 0.000000
vt  0.625427 0.696838 0.000000
vt  0.022522 0.374084 0.000000
vt  0.136719 0.990356 0.000000
vt  0.533752 0.700928 0.000000
vt  0.022522 0.516479 0.000000
vt  0.072937 0.921509 0.000000
vt  0.692871 0.604431 0.000000
vt  0.022522 0.488831 0.000000
vt  0.136719 0.921509 0.000000
vt  0.592407 0.690125 0.000000
vt  0.070251 0.374084 0.000000
vt  0.136719 0.990356 0.000000
vt  0.503784 0.807495 0.000000
vt  0.070251 0.339050 0.000000
vt  0.072937 0.990356 0.000000
vt  0.473938 0.776794 0.000000
vt  0.070251 0.488831 0.000000
vt  0.136719 0.921509 0.000000
vt  0.357971 0.782837 0.000000
vt  0.070251 0.516479 0.000000
vt  0.072937 0.921509 0.000000
vt  0.340576 0.817200 0.000000
vt  0.022522 0.434082 0.000000
vt  0.202393 0.955933 0.000000
vt  0.356079 0.852844 0.000000
vt  0.070251 0.434082 0.000000
vt  0.202393 0.955933 0.000000
vt  0.487610 0.858032 0.000000
vt  0.830872 0.674072 0.000000
vt  0.848083 0.228088 0.000000
vt  0.529907 0.969788 0.000000
vt  0.546631 0.395996 0.000000
vt  0.797852 0.004089 0.000000
vt  0.827087 0.417297 0.000000
vt  0.770569 0.708740 0.000000
vt  0.553650 0.995056 0.000000
vt  0.599548 0.405457 0.000000
vt  0.415344 0.921387 0.000000
vt  0.777588 0.082031 0.000000
vt  0.908752 0.770569 0.000000
vt  0.700073 0.974243 0.000000
vt  0.840027 0.154297 0.000000
vt  0.990967 0.755798 0.000000
vt  0.708984 0.996033 0.000000
vt  0.515564 0.863708 0.000000
vt  0.777588 0.156250 0.000000
vt  0.812012 0.828796 0.000000
vt  0.782104 0.954468 0.000000
vt  0.840027 0.091919 0.000000
vt  0.888977 0.821350 0.000000
vt  0.814514 0.970642 0.000000
vt  0.534241 0.805176 0.000000
vt  0.777588 0.177795 0.000000
vt  0.893494 0.857483 0.000000
vt  0.810303 0.926086 0.000000
vt  0.777588 0.191406 0.000000
vt  0.840027 0.075989 0.000000
vt  0.931763 0.838440 0.000000
vt  0.854797 0.932373 0.000000
vt  0.498413 0.767578 0.000000
vt  0.361572 0.427063 0.000000
vt  0.958252 0.405518 0.000000
vt  0.774109 0.866577 0.000000
vt  0.786682 0.428528 0.000000
vt  0.820740 0.405579 0.000000
vt  0.806519 0.850403 0.000000
vt  0.572510 0.760986 0.000000
vt  0.763184 0.518982 0.000000
vt  0.653503 0.847229 0.000000
vt  0.314209 0.674072 0.000000
vt  0.985779 0.228210 0.000000
vt  0.641479 0.826538 0.000000
vt  0.333801 0.775940 0.000000
vt  0.384399 0.439392 0.000000
vt  0.975037 0.399353 0.000000
vt  0.644836 0.977173 0.000000
vt  0.439026 0.465637 0.000000
vt  0.991394 0.372559 0.000000
vt  0.807861 0.893982 0.000000
vt  0.385315 0.710205 0.000000
vt  0.922852 0.003784 0.000000
vt  0.827087 0.615051 0.000000
vt  0.846680 0.885925 0.000000
vt  0.419312 0.744080 0.000000
vt  0.257446 0.820251 0.000000
vt  0.902039 0.089355 0.000000
vt  0.720337 0.850647 0.000000
vt  0.159363 0.810669 0.000000
vt  0.976990 0.128845 0.000000
vt  0.405640 0.745422 0.000000
vt  0.734314 0.830261 0.000000
vt  0.384216 0.915405 0.000000
vt  0.902039 0.170044 0.000000
vt  0.599915 0.863342 0.000000
vt  0.307312 0.915344 0.000000
vt  0.976990 0.046204 0.000000
vt  0.567078 0.846863 0.000000
vt  0.308777 0.817200 0.000000
vt  0.341980 0.995911 0.000000
vt  0.902039 0.234558 0.000000
vt  0.566895 0.890625 0.000000
vt  0.976990 0.020020 0.000000
vt  0.304749 0.952759 0.000000
vt  0.526550 0.885681 0.000000
vt  0.334106 0.859558 0.000000
vt  0.471802 0.742615 0.000000
vt  0.788147 0.570679 0.000000
vt  0.563904 0.929077 0.000000
vt  0.762695 0.439392 0.000000
vt  0.837463 0.398804 0.000000
vt  0.530334 0.933960 0.000000
vt  0.401917 0.891785 0.000000
vt  0.853699 0.374023 0.000000
vt  0.706055 0.465637 0.000000
vt  0.545105 0.981934 0.000000
vt  0.574768 0.399231 0.000000
vt  0.673218 0.742615 0.000000
vt  0.788147 0.467285 0.000000
vt  0.703735 0.985596 0.000000
vt  0.239685 0.989502 0.000000
vt  0.902039 0.273071 0.000000
vt  0.798279 0.962524 0.000000
vt  0.976990 0.003601 0.000000
vt  0.253906 0.953064 0.000000
vt  0.902039 0.299377 0.000000
vt  0.832581 0.929199 0.000000
vt  0.830872 0.674072 0.000000
vt  0.793396 0.228088 0.000000
vt  0.790344 0.858459 0.000000
vt  0.722839 0.004089 0.000000
vt  0.927429 0.417297 0.000000
vt  0.770569 0.708740 0.000000
vt  0.647522 0.836853 0.000000
vt  0.742371 0.082031 0.000000
vt  0.908752 0.770569 0.000000
vt  0.627869 0.978516 0.000000
vt  0.800537 0.154297 0.000000
vt  0.990967 0.755798 0.000000
vt  0.827576 0.890076 0.000000
vt  0.742371 0.156250 0.000000
vt  0.812012 0.828796 0.000000
vt  0.727112 0.840332 0.000000
vt  0.800537 0.091919 0.000000
vt  0.888977 0.821350 0.000000
vt  0.583496 0.855103 0.000000
vt  0.742371 0.177795 0.000000
vt  0.893494 0.857483 0.000000
vt  0.546753 0.888184 0.000000
vt  0.742371 0.191406 0.000000
vt  0.800537 0.075989 0.000000
vt  0.931763 0.838440 0.000000
vt  0.547058 0.931519 0.000000
vt  0.572510 0.760986 0.000000
vt  0.991333 0.518982 0.000000
vt  0.575317 0.966064 0.000000
vt  0.314209 0.674072 0.000000
vt  0.930725 0.228210 0.000000
vt  0.585815 0.960815 0.000000
vt  0.384399 0.439392 0.000000
vt  0.941467 0.399353 0.000000
vt  0.597595 0.954895 0.000000
vt  0.439026 0.465637 0.000000
vt  0.925110 0.372559 0.000000
vt  0.573669 0.676636 0.000000
vt  0.385315 0.710205 0.000000
vt  0.847717 0.003784 0.000000
vt  0.927429 0.615051 0.000000
vt  0.691467 0.619873 0.000000
vt  0.257446 0.820251 0.000000
vt  0.871033 0.089355 0.000000
vt  0.573669 0.705933 0.000000
vt  0.159363 0.810669 0.000000
vt  0.937561 0.128845 0.000000
vt  0.753174 0.600281 0.000000
vt  0.384216 0.915405 0.000000
vt  0.871033 0.170044 0.000000
vt  0.448425 0.632690 0.000000
vt  0.307312 0.915344 0.000000
vt  0.937561 0.046204 0.000000
vt  0.380920 0.633850 0.000000
vt  0.341980 0.995911 0.000000
vt  0.871033 0.234558 0.000000
vt  0.502075 0.598877 0.000000
vt  0.937561 0.020020 0.000000
vt  0.304749 0.952759 0.000000
vt  0.456177 0.572815 0.000000
vt  0.471802 0.742615 0.000000
vt  0.966370 0.570679 0.000000
vt  0.606689 0.599548 0.000000
vt  0.762695 0.439392 0.000000
vt  0.804077 0.398804 0.000000
vt  0.611572 0.569092 0.000000
vt  0.787781 0.374023 0.000000
vt  0.706055 0.465637 0.000000
vt  0.534668 0.483337 0.000000
vt  0.673218 0.742615 0.000000
vt  0.966370 0.467285 0.000000
vt  0.593628 0.475952 0.000000
vt  0.239685 0.989502 0.000000
vt  0.871033 0.273071 0.000000
vt  0.483826 0.649536 0.000000
vt  0.937561 0.003601 0.000000
vt  0.253906 0.953064 0.000000
vt  0.871033 0.299377 0.000000
vt  0.479431 0.683350 0.000000
vt  0.699707 0.788696 0.000000
vt  0.677979 0.778809 0.000000
vt  0.661194 0.638245 0.000000
vt  0.763916 0.749329 0.000000
vt  0.744873 0.740601 0.000000
vt  0.783691 0.737305 0.000000
vt  0.667236 0.677551 0.000000
vt  0.750488 0.811829 0.000000
vt  0.774536 0.822571 0.000000
vt  0.649414 0.585266 0.000000
vt  0.815308 0.773987 0.000000
vt  0.838318 0.783936 0.000000
vt  0.835022 0.762329 0.000000
vt  0.451233 0.621460 0.000000
vt  0.750488 0.811829 0.000000
vt  0.390137 0.608276 0.000000
vt  0.815308 0.773987 0.000000
vt  0.745850 0.632080 0.000000
vt  0.699707 0.788696 0.000000
vt  0.548096 0.690063 0.000000
vt  0.763916 0.749329 0.000000
vt  0.723816 0.603394 0.000000
vt  0.986389 0.983337 0.000000
vt  0.417664 0.635559 0.000000
vt  0.896667 0.983337 0.000000
vt  0.486816 0.584961 0.000000
vt  0.986389 0.950195 0.000000
vt  0.563110 0.477905 0.000000
vt  0.896667 0.950195 0.000000
vt  0.481262 0.666199 0.000000
vt  0.986389 0.950195 0.000000
vt  0.986389 0.936462 0.000000
vt  0.663574 0.658081 0.000000
vt  0.896667 0.950195 0.000000
vt  0.896667 0.936462 0.000000
vt  0.869629 0.950195 0.000000
vt  0.427795 0.612427 0.000000
vt  0.986389 0.983337 0.000000
vt  0.986389 0.996826 0.000000
vt  0.718994 0.623657 0.000000
vt  0.896667 0.983337 0.000000
vt  0.896667 0.996826 0.000000
vt  0.869629 0.983337 0.000000
vt  0.610107 0.584534 0.000000
vt  0.986389 0.983337 0.000000
vt  0.986389 0.996826 0.000000
vt  0.573669 0.566772 0.000000
vt  0.896667 0.983337 0.000000
vt  0.896667 0.996826 0.000000
vt  0.869629 0.983337 0.000000
vt  0.573669 0.583801 0.000000
vt  0.986389 0.950195 0.000000
vt  0.986389 0.936462 0.000000
vt  0.573669 0.598816 0.000000
vt  0.896667 0.950195 0.000000
vt  0.896667 0.936462 0.000000
vt  0.869629 0.950195 0.000000
vt  0.517273 0.435730 0.000000
vt  0.986389 0.950195 0.000000
vt  0.575684 0.436523 0.000000
vt  0.896667 0.950195 0.000000
vt  0.546448 0.436157 0.000000
vt  0.986389 0.983337 0.000000
vt  0.573669 0.519226 0.000000
vt  0.896667 0.983337 0.000000
vt  0.651306 0.572571 0.000000
vt  0.990845 0.916748 0.000000
vt  0.651062 0.542542 0.000000
vt  0.896667 0.916748 0.000000
vt  0.645691 0.515991 0.000000
vt  0.990784 0.881775 0.000000
vt  0.493835 0.565674 0.000000
vt  0.896606 0.881775 0.000000
vt  0.400146 0.651123 0.000000
vt  0.990784 0.881775 0.000000
vt  0.990784 0.868164 0.000000
vt  0.625427 0.696838 0.000000
vt  0.896606 0.881775 0.000000
vt  0.896606 0.868164 0.000000
vt  0.873291 0.881775 0.000000
vt  0.533752 0.700928 0.000000
vt  0.990845 0.916748 0.000000
vt  0.990845 0.930786 0.000000
vt  0.692871 0.604431 0.000000
vt  0.896667 0.916748 0.000000
vt  0.896667 0.930786 0.000000
vt  0.873352 0.916748 0.000000
vt  0.592407 0.690125 0.000000
vt  0.699707 0.788696 0.000000
vt  0.503784 0.807495 0.000000
vt  0.763916 0.749329 0.000000
vt  0.473938 0.776794 0.000000
vt  0.750488 0.811829 0.000000
vt  0.357971 0.782837 0.000000
vt  0.815308 0.773987 0.000000
vt  0.340576 0.817200 0.000000
vt  0.750488 0.811829 0.000000
vt  0.774536 0.822571 0.000000
vt  0.356079 0.852844 0.000000
vt  0.815308 0.773987 0.000000
vt  0.838318 0.783936 0.000000
vt  0.835022 0.762329 0.000000
vt  0.487610 0.858032 0.000000
vt  0.699707 0.788696 0.000000
vt  0.677979 0.778809 0.000000
vt  0.424866 0.229675 0.000000
vt  0.368835 0.003662 0.000000
vt  0.763916 0.749329 0.000000
vt  0.744873 0.740601 0.000000
vt  0.783691 0.737305 0.000000
vt  0.720154 0.229675 0.000000
vt  0.080383 0.003662 0.000000
vt  0.990845 0.916748 0.000000
vt  0.401367 0.234802 0.000000
vt  0.896667 0.916748 0.000000
vt  0.401367 0.383606 0.000000
vt  0.990784 0.881775 0.000000
vt  0.743713 0.234802 0.000000
vt  0.896606 0.881775 0.000000
vt  0.743713 0.383606 0.000000
vt  0.990784 0.881775 0.000000
vt  0.990784 0.868164 0.000000
vt  0.222656 0.212219 0.000000
vt  0.572510 0.002319 0.000000
vt  0.896606 0.881775 0.000000
vt  0.896606 0.868164 0.000000
vt  0.873291 0.881775 0.000000
vt  0.491760 0.183411 0.000000
vt  0.297485 0.046387 0.000000
vt  0.990845 0.916748 0.000000
vt  0.990845 0.930786 0.000000
vt  0.297485 0.147339 0.000000
vt  0.491760 0.073975 0.000000
vt  0.896667 0.916748 0.000000
vt  0.896667 0.930786 0.000000
vt  0.873352 0.916748 0.000000
vt  0.459351 0.212769 0.000000
vt  0.335205 0.019287 0.000000
vt  0.094910 0.911926 0.000000
vt  0.648743 0.183411 0.000000
vt  0.151733 0.046387 0.000000
vt  0.179688 0.911926 0.000000
vt  0.648743 0.073975 0.000000
vt  0.151733 0.147339 0.000000
vt  0.094910 0.839172 0.000000
vt  0.685730 0.212769 0.000000
vt  0.114075 0.019287 0.000000
vt  0.150574 0.839172 0.000000
vt  0.572510 0.082764 0.000000
vt  0.039246 0.839172 0.000000
vt  0.572510 0.211670 0.000000
vt  0.094910 0.839172 0.000000
vt  0.572510 0.398438 0.000000
vt  0.010132 0.911926 0.000000
vt  0.572510 0.478088 0.000000
vt  0.094910 0.911926 0.000000
vt  0.437012 0.380249 0.000000
vt  0.094910 0.635132 0.000000
vt  0.437012 0.246765 0.000000
vt  0.127380 0.635132 0.000000
vt  0.491760 0.223206 0.000000
vt  0.094910 0.635132 0.000000
vt  0.708069 0.380249 0.000000
vt  0.062439 0.635132 0.000000
vt  0.708069 0.246765 0.000000
vt  0.072937 0.955933 0.000000
vt  0.653320 0.223206 0.000000
vt  0.136719 0.955933 0.000000
vt  0.489380 0.391296 0.000000
vt  0.136719 0.955933 0.000000
vt  0.655701 0.391296 0.000000
vt  0.072937 0.955933 0.000000
vt  0.639282 0.471863 0.000000
vt  0.009216 0.955933 0.000000
vt  0.001831 0.955933 0.000000
vt  0.505737 0.471863 0.000000
vt  0.009216 0.955933 0.000000
vt  0.222656 0.713867 0.000000
vt  0.007690 0.583984 0.000000
vt  0.344543 0.283752 0.000000
vt  0.058228 0.583984 0.000000
vt  0.336548 0.590332 0.000000
vt  0.007690 0.607483 0.000000
vt  0.367859 0.238403 0.000000
vt  0.058228 0.607483 0.000000
vt  0.424744 0.209961 0.000000
vt  0.007690 0.607483 0.000000
vt  0.007690 0.623169 0.000000
vt  0.368591 0.112000 0.000000
vt  0.058228 0.607483 0.000000
vt  0.058228 0.623169 0.000000
vt  0.081665 0.607483 0.000000
vt  0.100525 0.283752 0.000000
vt  0.007690 0.583984 0.000000
vt  0.007690 0.568298 0.000000
vt  0.108521 0.590332 0.000000
vt  0.058228 0.583984 0.000000
vt  0.058228 0.568298 0.000000
vt  0.081665 0.583984 0.000000
vt  0.077209 0.238403 0.000000
vt  0.007690 0.607483 0.000000
vt  0.022400 0.209961 0.000000
vt  0.058228 0.607483 0.000000
vt  0.080627 0.112000 0.000000
vt  0.007690 0.583984 0.000000
vt  0.222656 0.529846 0.000000
vt  0.058228 0.583984 0.000000
vt  0.222656 0.278259 0.000000
vt  0.007690 0.583984 0.000000
vt  0.007690 0.568298 0.000000
vt  0.325806 0.208984 0.000000
vt  0.058228 0.583984 0.000000
vt  0.058228 0.568298 0.000000
vt  0.081665 0.583984 0.000000
vt  0.123413 0.208984 0.000000
vt  0.007690 0.607483 0.000000
vt  0.007690 0.623169 0.000000
vt  0.222656 0.212219 0.000000
vt  0.572510 0.002319 0.000000
vt  0.058228 0.607483 0.000000
vt  0.058228 0.623169 0.000000
vt  0.081665 0.607483 0.000000
vt  0.491760 0.183411 0.000000
vt  0.297485 0.046387 0.000000
vt  0.007690 0.583984 0.000000
vt  0.297485 0.147339 0.000000
vt  0.491760 0.073975 0.000000
vt  0.058228 0.583984 0.000000
vt  0.459351 0.212769 0.000000
vt  0.335205 0.019287 0.000000
vt  0.007690 0.607483 0.000000
vt  0.648743 0.183411 0.000000
vt  0.151733 0.046387 0.000000
vt  0.058228 0.607483 0.000000
vt  0.648743 0.073975 0.000000
vt  0.151733 0.147339 0.000000
vt  0.007690 0.607483 0.000000
vt  0.007690 0.623169 0.000000
vt  0.685730 0.212769 0.000000
vt  0.114075 0.019287 0.000000
vt  0.058228 0.607483 0.000000
vt  0.058228 0.623169 0.000000
vt  0.081665 0.607483 0.000000
vt  0.572510 0.082764 0.000000
vt  0.007690 0.583984 0.000000
vt  0.007690 0.568298 0.000000
vt  0.572510 0.211670 0.000000
vt  0.058228 0.583984 0.000000
vt  0.058228 0.568298 0.000000
vt  0.081665 0.583984 0.000000
vt  0.572510 0.398438 0.000000
vt  0.007690 0.607483 0.000000
vt  0.572510 0.478088 0.000000
vt  0.058228 0.607483 0.000000
vt  0.437012 0.380249 0.000000
vt  0.007690 0.583984 0.000000
vt  0.437012 0.246765 0.000000
vt  0.058228 0.583984 0.000000
vt  0.491760 0.223206 0.000000
vt  0.007690 0.583984 0.000000
vt  0.007690 0.568298 0.000000
vt  0.708069 0.380249 0.000000
vt  0.058228 0.583984 0.000000
vt  0.058228 0.568298 0.000000
vt  0.081665 0.583984 0.000000
vt  0.708069 0.246765 0.000000
vt  0.007690 0.607483 0.000000
vt  0.007690 0.623169 0.000000
vt  0.653320 0.223206 0.000000
vt  0.058228 0.607483 0.000000
vt  0.058228 0.623169 0.000000
vt  0.081665 0.607483 0.000000
vt  0.489380 0.391296 0.000000
vt  0.007690 0.607483 0.000000
vt  0.007690 0.623169 0.000000
vt  0.655701 0.391296 0.000000
vt  0.058228 0.607483 0.000000
vt  0.058228 0.623169 0.000000
vt  0.081665 0.607483 0.000000
vt  0.639282 0.471863 0.000000
vt  0.007690 0.583984 0.000000
vt  0.007690 0.568298 0.000000
vt  0.505737 0.471863 0.000000
vt  0.058228 0.583984 0.000000
vt  0.058228 0.568298 0.000000
vt  0.081665 0.583984 0.000000
vt  0.222656 0.529846 0.000000
vt  0.007690 0.583984 0.000000
vt  0.222656 0.278259 0.000000
vt  0.058228 0.583984 0.000000
vt  0.325806 0.208984 0.000000
vt  0.007690 0.607483 0.000000
vt  0.123413 0.208984 0.000000
vt  0.058228 0.607483 0.000000
vt  0.007690 0.583984 0.000000
vt  0.007690 0.568298 0.000000
vt  0.058228 0.583984 0.000000
vt  0.058228 0.568298 0.000000
vt  0.081665 0.583984 0.000000
vt  0.007690 0.607483 0.000000
vt  0.007690 0.623169 0.000000
vt  0.058228 0.607483 0.000000
vt  0.058228 0.623169 0.000000
vt  0.081665 0.607483 0.000000
vt  0.007690 0.607483 0.000000
vt  0.058228 0.607483 0.000000
vt  0.007690 0.583984 0.000000
vt  0.058228 0.583984 0.000000
vt  0.529907 0.969788 0.000000
vt  0.546631 0.395996 0.000000
vt  0.553650 0.995056 0.000000
vt  0.599548 0.405457 0.000000
vt  0.415344 0.921387 0.000000
vt  0.700073 0.974243 0.000000
vt  0.708984 0.996033 0.000000
vt  0.515564 0.863708 0.000000
vt  0.782104 0.954468 0.000000
vt  0.814514 0.970642 0.000000
vt  0.534241 0.805176 0.000000
vt  0.810303 0.926086 0.000000
vt  0.854797 0.932373 0.000000
vt  0.498413 0.767578 0.000000
vt  0.774109 0.866577 0.000000
vt  0.806519 0.850403 0.000000
vt  0.653503 0.847229 0.000000
vt  0.641479 0.826538 0.000000
vt  0.333801 0.775940 0.000000
vt  0.644836 0.977173 0.000000
vt  0.807861 0.893982 0.000000
vt  0.846680 0.885925 0.000000
vt  0.419312 0.744080 0.000000
vt  0.720337 0.850647 0.000000
vt  0.405640 0.745422 0.000000
vt  0.734314 0.830261 0.000000
vt  0.599915 0.863342 0.000000
vt  0.567078 0.846863 0.000000
vt  0.308777 0.817200 0.000000
vt  0.566895 0.890625 0.000000
vt  0.526550 0.885681 0.000000
vt  0.334106 0.859558 0.000000
vt  0.563904 0.929077 0.000000
vt  0.530334 0.933960 0.000000
vt  0.401917 0.891785 0.000000
vt  0.545105 0.981934 0.000000
vt  0.574768 0.399231 0.000000
vt  0.703735 0.985596 0.000000
vt  0.798279 0.962524 0.000000
vt  0.832581 0.929199 0.000000
vt  0.790344 0.858459 0.000000
vt  0.647522 0.836853 0.000000
vt  0.627869 0.978516 0.000000
vt  0.827576 0.890076 0.000000
vt  0.727112 0.840332 0.000000
vt  0.583496 0.855103 0.000000
vt  0.546753 0.888184 0.000000
vt  0.547058 0.931519 0.000000
vt  0.575317 0.966064 0.000000
vt  0.585815 0.960815 0.000000
vt  0.597595 0.954895 0.000000
vt  0.573669 0.676636 0.000000
vt  0.691467 0.619873 0.000000
vt  0.573669 0.705933 0.000000
vt  0.753174 0.600281 0.000000
vt  0.448425 0.632690 0.000000
vt  0.380920 0.633850 0.000000
vt  0.502075 0.598877 0.000000
vt  0.456177 0.572815 0.000000
vt  0.606689 0.599548 0.000000
vt  0.611572 0.569092 0.000000
vt  0.534668 0.483337 0.000000
vt  0.593628 0.475952 0.000000
vt  0.483826 0.649536 0.000000
vt  0.479431 0.683350 0.000000
vt  0.661194 0.638245 0.000000
vt  0.667236 0.677551 0.000000
vt  0.649414 0.585266 0.000000
vt  0.451233 0.621460 0.000000
vt  0.390137 0.608276 0.000000
vt  0.745850 0.632080 0.000000
vt  0.548096 0.690063 0.000000
vt  0.723816 0.603394 0.000000
vt  0.417664 0.635559 0.000000
vt  0.486816 0.584961 0.000000
vt  0.563110 0.477905 0.000000
vt  0.481262 0.666199 0.000000
vt  0.663574 0.658081 0.000000
vt  0.427795 0.612427 0.000000
vt  0.718994 0.623657 0.000000
vt  0.610107 0.584534 0.000000
vt  0.573669 0.566772 0.000000
vt  0.573669 0.583801 0.000000
vt  0.573669 0.598816 0.000000
vt  0.517273 0.435730 0.000000

vn  0.557897 0.520484 -0.646411
vn  0.557897 0.520484 -0.646411
vn  0.557897 0.520484 -0.646411
vn  0.673107 -0.737847 -0.050098
vn  -0.660439 0.251287 -0.707584
vn  -0.660439 0.251287 -0.707584
vn  -0.660439 0.251287 -0.707584
vn  -0.160971 -0.986413 -0.032834
vn  0.582539 0.331384 0.742181
vn  0.582539 0.331384 0.742181
vn  -0.439210 -0.865316 0.241500
vn  -0.499261 0.399182 0.769021
vn  -0.499261 0.399182 0.769021
vn  -0.422150 -0.856636 0.296588
vn  0.534392 -0.500844 0.680867
vn  0.534392 -0.500844 0.680867
vn  0.158213 -0.984242 -0.078975
vn  -0.628385 -0.399184 0.667671
vn  -0.628385 -0.399184 0.667671
vn  0.676588 -0.629512 -0.382025
vn  0.535646 -0.203805 -0.819480
vn  0.535646 -0.203805 -0.819480
vn  -0.204155 -0.763334 -0.612897
vn  -0.412457 -0.257660 -0.873779
vn  -0.412457 -0.257660 -0.873779
vn  -0.717272 -0.553015 0.423904
vn  0.817646 0.512239 -0.262806
vn  0.817646 0.512239 -0.262806
vn  0.533611 -0.657867 0.531479
vn  0.894602 0.403927 0.191129
vn  0.894602 0.403927 0.191129
vn  -0.441360 -0.607126 0.660756
vn  -0.839280 0.499915 -0.213759
vn  -0.839280 0.499915 -0.213759
vn  -0.544249 -0.826030 0.146516
vn  -0.817121 0.512273 0.264367
vn  -0.817121 0.512273 0.264367
vn  0.068185 -0.997048 -0.035309
vn  0.817121 -0.512273 0.264367
vn  0.817121 -0.512273 0.264367
vn  0.732320 0.670362 0.119672
vn  0.839281 -0.499915 -0.213759
vn  0.839281 -0.499915 -0.213759
vn  0.657730 0.678597 -0.326952
vn  -0.894602 -0.403927 0.191129
vn  -0.894602 -0.403927 0.191129
vn  -0.667766 0.623589 -0.406478
vn  -0.773167 -0.573772 -0.270183
vn  -0.773167 -0.573772 -0.270183
vn  -0.779506 0.624642 -0.046823
vn  -0.000000 0.495701 0.868493
vn  -0.000000 0.495701 0.868493
vn  -0.697011 0.612831 0.372309
vn  -0.000000 -0.327368 0.944897
vn  -0.000000 -0.327368 0.944897
vn  0.624294 0.651018 0.431779
vn  0.780832 -0.515031 -0.353615
vn  0.780832 -0.515031 -0.353615
vn  -0.699820 0.632892 -0.331211
vn  -0.699820 0.632892 -0.331211
vn  0.153925 -0.918637 0.363887
vn  0.153925 -0.918637 0.363887
vn  0.153925 -0.918637 0.363887
vn  0.735782 0.465183 0.492169
vn  0.735782 0.465183 0.492169
vn  0.735782 0.465183 0.492169
vn  -0.688235 -0.720059 0.088587
vn  -0.688235 -0.720059 0.088587
vn  -0.281079 0.935166 -0.215545
vn  0.626673 -0.759075 -0.176314
vn  0.626673 -0.759075 -0.176314
vn  0.884340 -0.069277 0.461674
vn  0.884340 -0.069277 0.461674
vn  -0.525422 -0.807835 0.267087
vn  -0.525422 -0.807835 0.267087
vn  -0.488534 0.868630 -0.082561
vn  0.592494 -0.797322 0.115012
vn  0.592494 -0.797322 0.115012
vn  0.970594 -0.238348 -0.033722
vn  0.970594 -0.238348 -0.033722
vn  0.328557 -0.389602 0.860384
vn  0.328557 -0.389602 0.860384
vn  -0.312498 0.933436 0.176185
vn  0.674174 -0.680029 -0.288184
vn  0.674174 -0.680029 -0.288184
vn  0.674174 -0.680029 -0.288184
vn  0.826136 0.165163 -0.538721
vn  0.826136 0.165163 -0.538721
vn  -0.999804 0.000000 0.019800
vn  -0.999804 0.000000 0.019800
vn  0.002290 0.969504 0.245067
vn  0.999804 0.000000 0.019800
vn  0.999804 0.000000 0.019800
vn  -0.002928 0.632354 -0.774674
vn  0.075332 -0.841143 0.535540
vn  0.075332 -0.841143 0.535540
vn  0.235815 0.956689 0.170696
vn  -0.787893 -0.512733 -0.341071
vn  -0.787893 -0.512733 -0.341071
vn  -0.845806 -0.049672 -0.531173
vn  -0.845806 -0.049672 -0.531173
vn  -0.821846 -0.553691 0.134149
vn  -0.821846 -0.553691 0.134149
vn  -0.003325 0.989239 -0.146270
vn  -0.663774 -0.747514 0.025032
vn  -0.663774 -0.747514 0.025032
vn  -0.163222 0.922843 0.348884
vn  -0.239374 -0.857631 0.455158
vn  -0.239374 -0.857631 0.455158
vn  -0.239374 -0.857631 0.455158
vn  0.553567 0.151471 -0.818914
vn  0.553567 0.151471 -0.818914
vn  0.643593 -0.752869 0.137754
vn  0.643593 -0.752869 0.137754
vn  0.132057 0.948548 0.287780
vn  -0.661110 -0.729377 0.175903
vn  -0.661110 -0.729377 0.175903
vn  -0.559060 0.176405 -0.810144
vn  -0.559060 0.176405 -0.810144
vn  0.647622 -0.733755 -0.205399
vn  0.647622 -0.733755 -0.205399
vn  0.454060 0.890716 -0.021306
vn  -0.680367 -0.722936 0.120270
vn  -0.680367 -0.722936 0.120270
vn  -0.995673 0.079225 0.048568
vn  -0.995673 0.079225 0.048568
vn  0.475540 -0.788283 0.390475
vn  0.475540 -0.788283 0.390475
vn  0.296304 0.930780 -0.214132
vn  -0.304340 -0.900636 -0.310211
vn  -0.304340 -0.900636 -0.310211
vn  -0.819631 0.120424 0.560092
vn  -0.819631 0.120424 0.560092
vn  -0.494754 -0.657379 0.568394
vn  -0.494754 -0.657379 0.568394
vn  0.119074 0.966606 -0.226923
vn  0.821846 -0.553691 0.134149
vn  0.821846 -0.553691 0.134149
vn  -0.554692 0.195629 0.808731
vn  -0.554692 0.195629 0.808731
vn  0.580884 -0.811382 0.065060
vn  0.580884 -0.811382 0.065060
vn  -0.151479 0.979482 -0.132927
vn  -0.151479 0.979482 -0.132927
vn  0.527709 -0.655932 0.539700
vn  0.527709 -0.655932 0.539700
vn  -0.018167 0.999329 -0.031808
vn  -0.516063 -0.416624 0.748400
vn  -0.516063 -0.416624 0.748400
vn  0.304144 0.952536 0.013063
vn  -0.540313 -0.542136 -0.643545
vn  -0.540313 -0.542136 -0.643545
vn  -0.540313 -0.542136 -0.643545
vn  0.135377 0.984496 -0.111538
vn  0.720956 0.516367 -0.462156
vn  0.720956 0.516367 -0.462156
vn  0.003540 0.974198 0.225668
vn  0.111464 0.778173 0.618080
vn  0.111464 0.778173 0.618080
vn  0.111464 0.778173 0.618080
vn  -0.165499 0.981115 -0.100112
vn  -0.422950 0.902747 0.078497
vn  -0.422950 0.902747 0.078497
vn  0.010884 0.976804 -0.213857
vn  0.640193 0.752931 0.152473
vn  0.640193 0.752931 0.152473
vn  0.127334 0.956281 -0.263271
vn  -0.577038 0.807835 -0.120125
vn  -0.577038 0.807835 -0.120125
vn  -0.145355 0.956273 -0.253798
vn  0.548972 0.797322 -0.250814
vn  0.548972 0.797322 -0.250814
vn  -0.176185 0.984168 -0.019296
vn  -0.178481 0.389602 0.903524
vn  -0.178481 0.389602 0.903524
vn  -0.157039 0.985243 0.068088
vn  0.701708 0.680029 0.212522
vn  0.701708 0.680029 0.212522
vn  0.701708 0.680029 0.212522
vn  -0.079062 0.989822 0.118331
vn  -0.075332 0.841143 0.535540
vn  -0.075332 0.841143 0.535540
vn  -0.389622 0.907012 0.159763
vn  -0.809062 0.512282 -0.288072
vn  -0.809062 0.512282 -0.288072
vn  0.011361 0.997988 0.062382
vn  -0.852756 0.463796 0.240209
vn  -0.852756 0.463796 0.240209
vn  0.029387 0.931335 -0.362977
vn  -0.503691 0.863619 -0.021421
vn  -0.503691 0.863619 -0.021421
vn  -0.041054 0.752621 -0.657173
vn  0.092673 0.906841 0.411158
vn  0.092673 0.906841 0.411158
vn  0.092673 0.906841 0.411158
vn  -0.544981 0.758630 -0.357038
vn  0.640214 0.758221 -0.123394
vn  0.640214 0.758221 -0.123394
vn  0.020596 0.703390 0.710506
vn  -0.676299 0.732173 -0.080882
vn  -0.676299 0.732173 -0.080882
vn  0.818188 0.563420 -0.114571
vn  0.679307 0.733755 -0.012027
vn  0.679307 0.733755 -0.012027
vn  0.591914 0.739161 -0.321370
vn  -0.638202 0.722936 0.264693
vn  -0.638202 0.722936 0.264693
vn  -0.808000 0.580893 0.098484
vn  0.187251 0.788283 0.586128
vn  0.187251 0.788283 0.586128
vn  0.092940 0.803796 0.587600
vn  -0.486313 0.719574 -0.495694
vn  -0.486313 0.719574 -0.495694
vn  -0.535490 0.686696 -0.491630
vn  -0.547164 0.649057 0.528523
vn  -0.547164 0.649057 0.528523
vn  0.213450 0.769737 0.601618
vn  0.852756 0.463796 0.240209
vn  0.852756 0.463796 0.240209
vn  0.367682 0.693664 -0.619388
vn  0.596670 0.800233 -0.060097
vn  0.596670 0.800233 -0.060097
vn  -0.684336 0.715709 0.139449
vn  0.480331 0.663140 0.574045
vn  0.480331 0.663140 0.574045
vn  0.608123 0.730825 -0.309971
vn  -0.871925 0.416624 0.257239
vn  -0.871925 0.416624 0.257239
vn  0.341914 0.682486 -0.645994
vn  -0.393883 0.790422 -0.469137
vn  -0.393883 0.790422 -0.469137
vn  -0.393883 0.790422 -0.469137
vn  -0.607955 0.599643 0.520403
vn  -0.071194 0.894427 -0.441510
vn  -0.071194 0.894427 -0.441510
vn  -0.387217 0.721138 -0.574476
vn  0.527768 0.323762 -0.785264
vn  0.527768 0.323762 -0.785264
vn  0.527768 0.323762 -0.785264
vn  0.676771 0.614173 0.405922
vn  0.154468 0.447214 0.880988
vn  0.154468 0.447214 0.880988
vn  0.659514 0.751655 -0.007464
vn  0.472499 0.823922 0.312886
vn  0.472499 0.823922 0.312886
vn  0.472499 0.823922 0.312886
vn  0.526760 0.794575 0.301950
vn  0.077234 -0.894427 0.440494
vn  -0.752711 0.597769 -0.275861
vn  0.783611 -0.341606 0.518902
vn  0.790026 0.572513 0.219289
vn  -0.142388 -0.447214 -0.883021
vn  -0.187738 0.977962 0.091354
vn  0.329063 -0.807463 -0.489613
vn  0.025334 0.996352 -0.081487
vn  -0.044778 -0.894427 -0.444966
vn  -0.250141 0.967632 -0.033433
vn  0.575641 -0.324565 -0.750530
vn  -0.104460 0.986925 0.122751
vn  0.119050 -0.447214 0.886469
vn  0.057591 0.998017 -0.025399
vn  0.459428 -0.820395 0.340409
vn  -0.183536 0.976997 -0.108587
vn  0.059525 0.894427 0.443234
vn  0.059525 0.894427 0.443234
vn  0.145358 0.983821 -0.104723
vn  0.756300 0.337628 0.560373
vn  0.756300 0.337628 0.560373
vn  0.756300 0.337628 0.560373
vn  -0.254765 0.957844 -0.132773
vn  -0.089556 0.447214 -0.889932
vn  -0.089556 0.447214 -0.889932
vn  0.472558 0.881110 0.018287
vn  0.358369 0.808240 -0.467248
vn  0.358369 0.808240 -0.467248
vn  0.358369 0.808240 -0.467248
vn  0.366101 0.911851 -0.185735
vn  0.101978 0.894427 -0.435431
vn  0.101978 0.894427 -0.435431
vn  0.054443 0.755741 -0.652604
vn  -0.462256 0.320629 -0.826751
vn  -0.462256 0.320629 -0.826751
vn  -0.462256 0.320629 -0.826751
vn  -0.031147 0.999474 -0.008990
vn  -0.341757 0.447214 0.826560
vn  -0.341757 0.447214 0.826560
vn  -0.065472 0.771047 0.633403
vn  -0.537063 0.807016 0.245539
vn  -0.537063 0.807016 0.245539
vn  -0.537063 0.807016 0.245539
vn  -0.761740 0.638479 -0.109986
vn  -0.170879 -0.894427 0.413280
vn  0.673107 0.737847 -0.050098
vn  -0.860617 -0.323301 0.393465
vn  -0.160971 0.986413 -0.032834
vn  0.203957 -0.447214 -0.870863
vn  -0.439210 0.865316 0.241500
vn  -0.289928 -0.804398 -0.518541
vn  -0.422150 0.856636 0.296588
vn  0.173083 -0.894427 -0.412362
vn  0.158213 0.984242 -0.078975
vn  -0.406734 -0.353244 -0.842488
vn  0.676588 0.629512 -0.382025
vn  -0.386526 -0.447214 0.806596
vn  -0.204155 0.763334 -0.612897
vn  -0.553791 -0.794030 0.250663
vn  -0.717272 0.553015 0.423904
vn  -0.193263 0.894427 0.403298
vn  -0.193263 0.894427 0.403298
vn  0.533611 0.657867 0.531479
vn  -0.866016 0.310425 0.391986
vn  -0.866016 0.310425 0.391986
vn  -0.866016 0.310425 0.391986
vn  -0.441360 0.607126 0.660756
vn  0.346167 0.447214 -0.824723
vn  0.346167 0.447214 -0.824723
vn  -0.544249 0.826030 0.146516
vn  -0.240016 0.833804 -0.497156
vn  -0.240016 0.833804 -0.497156
vn  -0.240016 0.833804 -0.497156
vn  0.068185 0.997048 -0.035309
vn  0.122245 -0.894427 -0.430182
vn  0.732320 -0.670362 0.119672
vn  -0.383875 -0.308894 -0.870186
vn  0.657730 -0.678597 -0.326952
vn  -0.324274 -0.447214 0.833575
vn  -0.667766 -0.623589 -0.406478
vn  -0.521321 -0.829293 0.201241
vn  -0.779506 -0.624642 -0.046823
vn  -0.162137 0.894427 0.416787
vn  -0.162137 0.894427 0.416787
vn  -0.697011 -0.612831 0.372309
vn  -0.874650 0.347838 0.337633
vn  -0.874650 0.347838 0.337633
vn  -0.874650 0.347838 0.337633
vn  0.624294 -0.651018 0.431779
vn  0.244489 0.447214 -0.860363
vn  0.244489 0.447214 -0.860363
vn  -0.884998 0.000000 -0.465595
vn  -0.884998 0.000000 -0.465595
vn  -0.246193 0.792422 -0.558083
vn  -0.246193 0.792422 -0.558083
vn  -0.246193 0.792422 -0.558083
vn  0.884998 0.000000 -0.465595
vn  0.884998 0.000000 -0.465595
vn  -0.052432 -0.894427 -0.444129
vn  -0.975990 0.000000 -0.217816
vn  0.572300 -0.328414 -0.751410
vn  -0.966085 0.000000 -0.258223
vn  0.113443 -0.447214 0.887204
vn  0.975990 0.000000 -0.217816
vn  0.457208 -0.819823 0.344748
vn  0.966085 0.000000 -0.258223
vn  0.056721 0.894427 0.443602
vn  0.056721 0.894427 0.443602
vn  0.000000 -0.998655 -0.051843
vn  0.000000 -0.998655 -0.051843
vn  0.751750 0.336992 0.566841
vn  0.751750 0.336992 0.566841
vn  0.751750 0.336992 0.566841
vn  -0.334001 -0.939481 -0.076281
vn  -0.334001 -0.939481 -0.076281
vn  -0.104864 0.447214 -0.888259
vn  -0.104864 0.447214 -0.888259
vn  -0.227898 -0.973654 -0.007776
vn  -0.227898 -0.973654 -0.007776
vn  0.353714 0.811915 -0.464414
vn  0.353714 0.811915 -0.464414
vn  0.353714 0.811915 -0.464414
vn  -0.393970 -0.912355 -0.111337
vn  -0.393970 -0.912355 -0.111337
vn  -0.271357 0.951908 0.142256
vn  0.334001 -0.939481 -0.076281
vn  0.334001 -0.939481 -0.076281
vn  -0.917288 -0.359385 0.171536
vn  0.227898 -0.973654 -0.007776
vn  0.227898 -0.973654 -0.007776
vn  -0.019250 0.995206 0.095887
vn  0.393970 -0.912355 -0.111337
vn  0.393970 -0.912355 -0.111337
vn  -0.993239 0.017946 0.114689
vn  0.000000 -0.998541 -0.053994
vn  0.993238 -0.017946 0.114699
vn  -0.000000 -0.997280 -0.073711
vn  0.019250 -0.995206 0.095890
vn  -0.000000 -0.998439 -0.055854
vn  0.917289 0.359385 0.171536
vn  0.000000 -0.996802 -0.079906
vn  0.271357 -0.951908 0.142256
vn  -0.501447 -0.859699 -0.097311
vn  0.291687 0.955677 0.040010
vn  -0.424798 -0.893503 -0.145597
vn  -0.939617 0.339303 0.044655
vn  -0.317740 -0.941006 -0.116401
vn  -0.291687 -0.955677 0.040004
vn  0.479729 -0.873120 -0.086732
vn  0.939616 -0.339302 0.044672
vn  0.440416 -0.881579 -0.169861
vn  -0.001140 0.987174 -0.159641
vn  0.321564 -0.941258 -0.103103
vn  0.077774 0.962792 0.258811
vn  -0.253353 -0.965302 -0.063283
vn  -0.077774 -0.962792 0.258811
vn  0.234649 -0.969483 -0.071008
vn  0.110530 -0.985879 -0.125799
vn  0.164901 -0.983008 -0.080643
vn  -0.084438 0.458243 -0.884807
vn  -0.084438 0.458243 -0.884807
vn  -0.164901 -0.983008 -0.080643
vn  -0.000000 -0.729656 -0.683815
vn  0.000000 0.000000 -1.000000
vn  0.201900 -0.894427 -0.399044
vn  -0.976094 0.000000 -0.217348
vn  0.894656 -0.331586 -0.299401
vn  -0.983774 0.000000 -0.179410
vn  -0.210941 -0.447214 0.869197
vn  -0.901140 -0.000000 -0.433528
vn  0.260902 -0.788515 0.556933
vn  -0.993652 0.000000 -0.112498
vn  -0.105470 0.894427 0.434599
vn  -0.105470 0.894427 0.434599
vn  -0.997331 0.000000 0.073019
vn  0.403976 0.305230 0.862345
vn  0.403976 0.305230 0.862345
vn  0.403976 0.305230 0.862345
vn  0.976094 -0.000000 -0.217348
vn  0.403800 0.447214 -0.798089
vn  0.403800 0.447214 -0.798089
vn  0.983774 -0.000000 -0.179410
vn  0.549662 0.814883 -0.183947
vn  0.549662 0.814883 -0.183947
vn  0.549662 0.814883 -0.183947
vn  0.901140 -0.000000 -0.433528
vn  -0.265448 -0.894427 0.359913
vn  0.993652 0.000000 -0.112498
vn  -0.930966 -0.326485 0.163429
vn  0.997331 0.000000 0.073019
vn  0.447271 -0.447214 -0.774563
vn  -0.000000 -0.999845 -0.017624
vn  -0.134161 -0.807917 -0.573821
vn  -0.000000 -0.999419 -0.034085
vn  0.223636 0.894427 -0.387282
vn  0.223636 0.894427 -0.387282
vn  -0.143474 -0.988348 -0.050823
vn  -0.215365 0.324231 -0.921136
vn  -0.215365 0.324231 -0.921136
vn  -0.215365 0.324231 -0.921136
vn  0.143474 -0.988348 -0.050823
vn  -0.530896 0.447214 0.719826
vn  -0.530896 0.447214 0.719826
vn  0.000000 0.998655 -0.051843
vn  0.000000 0.998655 -0.051843
vn  -0.577484 0.810083 0.101376
vn  -0.577484 0.810083 0.101376
vn  -0.577484 0.810083 0.101376
vn  -0.334001 0.939481 -0.076281
vn  -0.334001 0.939481 -0.076281
vn  -0.222674 -0.894427 -0.387835
vn  -0.227898 0.973654 -0.007776
vn  -0.227898 0.973654 -0.007776
vn  0.287375 -0.348303 -0.892245
vn  -0.393970 0.912355 -0.111337
vn  -0.393970 0.912355 -0.111337
vn  0.457233 -0.447214 0.768725
vn  0.334001 0.939481 -0.076281
vn  0.334001 0.939481 -0.076281
vn  0.570037 -0.801935 0.178768
vn  0.227898 0.973654 -0.007776
vn  0.227898 0.973654 -0.007776
vn  0.228617 0.894427 0.384362
vn  0.228617 0.894427 0.384362
vn  0.393970 0.912355 -0.111337
vn  0.393970 0.912355 -0.111337
vn  0.904599 0.318151 0.283690
vn  0.904599 0.318151 0.283690
vn  0.904599 0.318151 0.283690
vn  0.000000 0.998541 -0.053994
vn  -0.445348 0.447214 -0.775671
vn  -0.445348 0.447214 -0.775671
vn  0.000000 0.997280 -0.073711
vn  0.171138 0.829686 -0.531350
vn  0.171138 0.829686 -0.531350
vn  0.171138 0.829686 -0.531350
vn  0.000000 0.998439 -0.055854
vn  0.073090 -0.894427 0.441200
vn  -0.000000 0.996802 -0.079906
vn  -0.631315 -0.379381 0.676396
vn  -0.501447 0.859699 -0.097311
vn  -0.005981 -0.447214 -0.894407
vn  -0.424798 0.893503 -0.145597
vn  -0.402360 -0.802991 -0.439672
vn  -0.317740 0.941006 -0.116401
vn  -0.002991 0.894427 -0.447204
vn  -0.002991 0.894427 -0.447204
vn  0.479729 0.873120 -0.086732
vn  -0.639793 0.319209 -0.699121
vn  -0.639793 0.319209 -0.699121
vn  -0.639793 0.319209 -0.699121
vn  0.440416 0.881579 -0.169861
vn  0.146180 0.447214 0.882401
vn  0.146180 0.447214 0.882401
vn  0.321564 0.941258 -0.103103
vn  -0.355201 0.853816 0.380566
vn  -0.355201 0.853816 0.380566
vn  -0.355201 0.853816 0.380566
vn  -0.253353 0.965302 -0.063283
vn  0.283034 -0.894427 0.346254
vn  0.283034 -0.894427 0.346254
vn  0.234649 0.969483 -0.071008
vn  -0.026664 -0.313903 0.949080
vn  -0.026664 -0.313903 0.949080
vn  -0.026664 -0.313903 0.949080
vn  0.164901 0.983008 -0.080643
vn  -0.511367 -0.447214 -0.733828
vn  -0.511367 -0.447214 -0.733828
vn  -0.164901 0.983008 -0.080643
vn  -0.528781 -0.848029 -0.035173
vn  -0.528781 -0.848029 -0.035173
vn  -0.528781 -0.848029 -0.035173
vn  -0.000000 0.999845 -0.017624
vn  -0.255684 0.894427 -0.366914
vn  0.000000 0.999419 -0.034085
vn  -0.926413 0.371432 -0.061622
vn  -0.143474 0.988348 -0.050823
vn  0.566068 0.447214 0.692508
vn  0.143474 0.988348 -0.050823
vn  -0.016938 0.797632 0.602906
vn  0.446338 -0.894427 -0.027972
vn  0.446338 -0.894427 -0.027972
vn  0.660486 -0.353972 0.662164
vn  0.660486 -0.353972 0.662164
vn  0.660486 -0.353972 0.662164
vn  -0.886684 -0.447214 -0.117436
vn  -0.886684 -0.447214 -0.117436
vn  -0.436144 -0.825700 0.357768
vn  -0.436144 -0.825700 0.357768
vn  -0.436144 -0.825700 0.357768
vn  -0.443342 0.894427 -0.058718
vn  -0.726069 0.343645 0.595594
vn  0.892676 0.447214 -0.055944
vn  0.389233 0.834401 0.390221
vn  -0.699820 -0.632892 -0.331211
vn  -0.699820 -0.632892 -0.331211
vn  0.735782 -0.465183 0.492169
vn  0.735782 -0.465183 0.492169
vn  0.735782 -0.465183 0.492169
vn  -0.281079 -0.935166 -0.215545
vn  0.884340 0.069277 0.461674
vn  0.884340 0.069277 0.461674
vn  -0.488534 -0.868630 -0.082561
vn  0.970594 0.238348 -0.033722
vn  0.970594 0.238348 -0.033722
vn  -0.312498 -0.933437 0.176185
vn  0.826136 -0.165163 -0.538721
vn  0.826136 -0.165163 -0.538721
vn  0.002290 -0.969504 0.245067
vn  -0.002928 -0.632354 -0.774674
vn  0.235815 -0.956689 0.170696
vn  -0.845806 0.049672 -0.531174
vn  -0.845806 0.049672 -0.531174
vn  -0.003325 -0.989239 -0.146270
vn  -0.163222 -0.922843 0.348884
vn  0.553567 -0.151471 -0.818914
vn  0.553567 -0.151471 -0.818914
vn  0.132057 -0.948548 0.287780
vn  -0.559060 -0.176405 -0.810144
vn  -0.559060 -0.176405 -0.810144
vn  0.454060 -0.890716 -0.021306
vn  -0.995673 -0.079225 0.048568
vn  -0.995673 -0.079225 0.048568
vn  0.296304 -0.930780 -0.214132
vn  -0.819631 -0.120424 0.560092
vn  -0.819631 -0.120424 0.560092
vn  0.119074 -0.966606 -0.226923
vn  -0.554692 -0.195629 0.808731
vn  -0.554692 -0.195629 0.808731
vn  -0.151479 -0.979482 -0.132927
vn  -0.151479 -0.979482 -0.132927
vn  -0.018167 -0.999329 -0.031808
vn  0.304144 -0.952536 0.013063
vn  0.135377 -0.984496 -0.111538
vn  0.003540 -0.974198 0.225668
vn  -0.165499 -0.981115 -0.100112
vn  0.010884 -0.976804 -0.213857
vn  0.127334 -0.956281 -0.263271
vn  -0.145355 -0.956273 -0.253798
vn  -0.176185 -0.984168 -0.019296
vn  -0.157039 -0.985243 0.068088
vn  -0.079062 -0.989822 0.118331
vn  -0.389622 -0.907012 0.159763
vn  0.011361 -0.997988 0.062382
vn  0.029387 -0.931335 -0.362977
vn  -0.041054 -0.752621 -0.657173
vn  -0.544981 -0.758630 -0.357038
vn  0.020596 -0.703390 0.710506
vn  0.818188 -0.563420 -0.114571
vn  0.591914 -0.739161 -0.321370
vn  -0.808000 -0.580893 0.098484
vn  0.092940 -0.803796 0.587600
vn  -0.535490 -0.686696 -0.491630
vn  0.213450 -0.769737 0.601618
vn  0.367682 -0.693664 -0.619388
vn  -0.684336 -0.715709 0.139449
vn  0.608123 -0.730825 -0.309971
vn  0.341914 -0.682486 -0.645994
vn  -0.607955 -0.599643 0.520403
vn  -0.387217 -0.721139 -0.574476
vn  0.676771 -0.614173 0.405922
vn  0.659514 -0.751655 -0.007464
vn  0.526760 -0.794575 0.301950
vn  -0.752711 -0.597769 -0.275861
vn  0.790026 -0.572513 0.219289
vn  -0.187738 -0.977962 0.091354
vn  0.025334 -0.996352 -0.081487
vn  -0.250141 -0.967632 -0.033433
vn  -0.104460 -0.986925 0.122751
vn  0.057591 -0.998017 -0.025399
vn  -0.183536 -0.976997 -0.108587
vn  0.145358 -0.983821 -0.104723
vn  -0.254766 -0.957844 -0.132773
vn  0.472558 -0.881110 0.018287
vn  0.366101 -0.911851 -0.185735
vn  0.054443 -0.755741 -0.652604
vn  -0.031147 -0.999474 -0.008990
vn  -0.065472 -0.771047 0.633403
vn  -0.761740 -0.638479 -0.109986

g rdmobj01
usemtl 
f  556/556/556 576/576/576 558/558/558
f  576/576/576 556/556/556 574/574/574
f  570/570/570 574/574/574 556/556/556
f  574/574/574 570/570/570 566/566/566
f  568/568/568 566/566/566 570/570/570
f  566/566/566 568/568/568 521/521/521
f  514/514/514 521/521/521 568/568/568
f  521/521/521 514/514/514 669/669/669
f  642/642/642 669/669/669 514/514/514
f  669/669/669 642/642/642 672/672/672
f  635/635/635 672/672/672 642/642/642
f  672/672/672 635/635/635 650/650/650
f  647/647/647 650/650/650 635/635/635
f  650/650/650 647/647/647 626/626/626
f  630/630/630 626/626/626 647/647/647
f  660/660/660 632/632/632 509/509/509
f  632/632/632 660/660/660 662/662/662
f  676/676/676 662/662/662 660/660/660
f  662/662/662 676/676/676 654/654/654
f  686/686/686 654/654/654 676/676/676
f  654/654/654 686/686/686 656/656/656
f  351/351/351 656/656/656 686/686/686
f  656/656/656 351/351/351 683/683/683
f  394/394/394 683/683/683 351/351/351
f  683/683/683 394/394/394 392/392/392
f  330/330/330 392/392/392 394/394/394
f  392/392/392 330/330/330 325/325/325
f  336/336/336 325/325/325 330/330/330
f  427/427/427 378/378/378 477/477/477
f  378/378/378 427/427/427 419/419/419
f  440/440/440 419/419/419 427/427/427
f  419/419/419 440/440/440 384/384/384
f  429/429/429 384/384/384 440/440/440
f  384/384/384 429/429/429 475/475/475
f  454/454/454 475/475/475 429/429/429
f  475/475/475 454/454/454 450/450/450
f  447/447/447 450/450/450 454/454/454
f  450/450/450 447/447/447 390/390/390
f  413/413/413 390/390/390 447/447/447
f  389/389/389 308/308/308 263/263/263
f  308/308/308 389/389/389 311/311/311
f  391/391/391 311/311/311 389/389/389
f  311/311/311 391/391/391 228/228/228
f  326/326/326 228/228/228 391/391/391
f  228/228/228 326/326/326 240/240/240
f  335/335/335 240/240/240 326/326/326
f  240/240/240 335/335/335 247/247/247
f  341/341/341 247/247/247 335/335/335
f  247/247/247 341/341/341 255/255/255
f  348/348/348 255/255/255 341/341/341
f  366/366/366 443/443/443 425/425/425
f  443/443/443 366/366/366 436/436/436
f  406/406/406 436/436/436 366/366/366
f  436/436/436 406/406/406 491/491/491
f  362/362/362 491/491/491 406/406/406
f  491/491/491 362/362/362 423/423/423
f  399/399/399 423/423/423 362/362/362
f  423/423/423 399/399/399 433/433/433
f  427/427/427 433/433/433 399/399/399
f  433/433/433 427/427/427 403/403/403
f  477/477/477 403/403/403 427/427/427
f  315/315/315 312/312/312 233/233/233
f  312/312/312 315/315/315 576/576/576
f  265/265/265 576/576/576 315/315/315
f  576/576/576 265/265/265 558/558/558
f  579/579/579 558/558/558 265/265/265
f  558/558/558 579/579/579 556/556/556
f  572/572/572 556/556/556 579/579/579
f  556/556/556 572/572/572 564/564/564
f  562/562/562 564/564/564 572/572/572
f  564/564/564 562/562/562 540/540/540
f  509/509/509 540/540/540 562/562/562
f  276/276/276 361/361/361 358/358/358
f  361/361/361 276/276/276 355/355/355
f  269/269/269 355/355/355 276/276/276
f  355/355/355 269/269/269 371/371/371
f  287/287/287 371/371/371 269/269/269
f  371/371/371 287/287/287 377/377/377
f  294/294/294 377/377/377 287/287/287
f  377/377/377 294/294/294 382/382/382
f  300/300/300 382/382/382 294/294/294
f  382/382/382 300/300/300 321/321/321
f  346/346/346 295/295/295 302/302/302
f  295/295/295 346/346/346 343/343/343
f  292/292/292 343/343/343 346/346/346
f  343/343/343 292/292/292 331/331/331
f  267/267/267 331/331/331 292/292/292
f  331/331/331 267/267/267 340/340/340
f  285/285/285 340/340/340 267/267/267
f  340/340/340 285/285/285 327/327/327
f  261/261/261 327/327/327 285/285/285
f  327/327/327 261/261/261 277/277/277
f  218/218/218 175/175/175 194/194/194
f  175/175/175 218/218/218 203/203/203
f  215/215/215 203/203/203 218/218/218
f  203/203/203 215/215/215 206/206/206
f  188/188/188 206/206/206 215/215/215
f  206/206/206 188/188/188 182/182/182
f  224/224/224 182/182/182 188/188/188
f  182/182/182 224/224/224 221/221/221
f  179/179/179 221/221/221 224/224/224
f  728/728/728 741/741/741 738/738/738
f  741/741/741 728/728/728 744/744/744
f  735/735/735 744/744/744 728/728/728
f  744/744/744 735/735/735 762/762/762
f  726/726/726 762/762/762 735/735/735
f  762/762/762 726/726/726 731/731/731
f  732/732/732 731/731/731 726/726/726
f  731/731/731 732/732/732 723/723/723
f  393/393/393 465/465/465 461/461/461
f  465/465/465 393/393/393 431/431/431
f  467/467/467 431/431/431 393/393/393
f  431/431/431 467/467/467 471/471/471
f  469/469/469 471/471/471 467/467/467
f  471/471/471 469/469/469 425/425/425
f  487/487/487 425/425/425 469/469/469
f  425/425/425 487/487/487 366/366/366
f  317/317/317 239/239/239 353/353/353
f  239/239/239 317/317/317 246/246/246
f  320/320/320 246/246/246 317/317/317
f  246/246/246 320/320/320 253/253/253
f  324/324/324 253/253/253 320/320/320
f  253/253/253 324/324/324 337/337/337
f  257/257/257 337/337/337 324/324/324
f  337/337/337 257/257/257 281/281/281
f  517/517/517 509/509/509 562/562/562
f  509/509/509 517/517/517 660/660/660
f  658/658/658 660/660/660 517/517/517
f  660/660/660 658/658/658 676/676/676
f  360/360/360 676/676/676 658/658/658
f  676/676/676 360/360/360 686/686/686
f  385/385/385 686/686/686 360/360/360
f  686/686/686 385/385/385 351/351/351
f  542/542/542 548/548/548 557/557/557
f  548/548/548 542/542/542 551/551/551
f  545/545/545 551/551/551 542/542/542
f  551/551/551 545/545/545 555/555/555
f  559/559/559 555/555/555 545/545/545
f  555/555/555 559/559/559 553/553/553
f  557/557/557 553/553/553 559/559/559
f  553/553/553 557/557/557 548/548/548
f  563/563/563 551/551/551 565/565/565
f  551/551/551 563/563/563 548/548/548
f  561/561/561 548/548/548 563/563/563
f  548/548/548 561/561/561 553/553/553
f  567/567/567 553/553/553 561/561/561
f  553/553/553 567/567/567 555/555/555
f  565/565/565 555/555/555 567/567/567
f  555/555/555 565/565/565 551/551/551
f  370/370/370 363/363/363 354/354/354
f  363/363/363 370/370/370 367/367/367
f  376/376/376 367/367/367 370/370/370
f  367/367/367 376/376/376 373/373/373
f  383/383/383 373/373/373 376/376/376
f  373/373/373 383/383/383 379/379/379
f  401/401/401 379/379/379 383/383/383
f  379/379/379 401/401/401 397/397/397
f  756/756/756 737/737/737 727/727/727
f  737/737/737 756/756/756 729/729/729
f  753/753/753 729/729/729 756/756/756
f  729/729/729 753/753/753 739/739/739
f  757/757/757 739/739/739 753/753/753
f  739/739/739 757/757/757 758/758/758
f  738/738/738 758/758/758 757/757/757
f  758/758/758 738/738/738 741/741/741
f  683/683/683 654/654/654 656/656/656
f  654/654/654 683/683/683 679/679/679
f  392/392/392 679/679/679 683/683/683
f  679/679/679 392/392/392 665/665/665
f  388/388/388 665/665/665 392/392/392
f  665/665/665 388/388/388 523/523/523
f  262/262/262 523/523/523 388/388/388
f  523/523/523 262/262/262 307/307/307
f  777/777/777 208/208/208 763/763/763
f  208/208/208 777/777/777 789/789/789
f  764/764/764 789/789/789 777/777/777
f  789/789/789 764/764/764 791/791/791
f  784/784/784 791/791/791 764/764/764
f  791/791/791 784/784/784 766/766/766
f  190/190/190 766/766/766 784/784/784
f  786/786/786 769/769/769 780/780/780
f  769/769/769 786/786/786 795/795/795
f  794/794/794 795/795/795 786/786/786
f  795/795/795 794/794/794 771/771/771
f  792/792/792 771/771/771 794/794/794
f  771/771/771 792/792/792 779/779/779
f  772/772/772 779/779/779 792/792/792
f  283/283/283 286/286/286 278/278/278
f  286/286/286 283/283/283 293/293/293
f  290/290/290 293/293/293 283/283/283
f  293/293/293 290/290/290 301/301/301
f  297/297/297 301/301/301 290/290/290
f  301/301/301 297/297/297 322/322/322
f  318/318/318 322/322/322 297/297/297
f  245/245/245 256/256/256 252/252/252
f  256/256/256 245/245/245 248/248/248
f  238/238/238 248/248/248 245/245/245
f  248/248/248 238/238/238 241/241/241
f  233/233/233 241/241/241 238/238/238
f  241/241/241 233/233/233 227/227/227
f  312/312/312 227/227/227 233/233/233
f  696/696/696 621/621/621 639/639/639
f  621/621/621 696/696/696 692/692/692
f  596/596/596 692/692/692 696/696/696
f  692/692/692 596/596/596 690/690/690
f  599/599/599 690/690/690 596/596/596
f  690/690/690 599/599/599 581/581/581
f  436/436/436 410/410/410 443/443/443
f  410/410/410 436/436/436 480/480/480
f  491/491/491 480/480/480 436/436/436
f  480/480/480 491/491/491 369/369/369
f  423/423/423 369/369/369 491/491/491
f  369/369/369 423/423/423 484/484/484
f  785/785/785 767/767/767 775/775/775
f  767/767/767 785/785/785 780/780/780
f  790/790/790 780/780/780 785/785/785
f  780/780/780 790/790/790 786/786/786
f  770/770/770 786/786/786 790/790/790
f  786/786/786 770/770/770 193/193/193
f  618/618/618 603/603/603 605/605/605
f  603/603/603 618/618/618 596/596/596
f  611/611/611 596/596/596 618/618/618
f  596/596/596 611/611/611 609/609/609
f  583/583/583 609/609/609 611/611/611
f  609/609/609 583/583/583 585/585/585
f  547/547/547 605/605/605 607/607/607
f  605/605/605 547/547/547 618/618/618
f  526/526/526 618/618/618 547/547/547
f  618/618/618 526/526/526 611/611/611
f  614/614/614 611/611/611 526/526/526
f  611/611/611 614/614/614 583/583/583
f  695/695/695 681/681/681 678/678/678
f  681/681/681 695/695/695 697/697/697
f  691/691/691 697/697/697 695/695/695
f  697/697/697 691/691/691 693/693/693
f  685/685/685 693/693/693 691/691/691
f  693/693/693 685/685/685 688/688/688
f  566/566/566 307/307/307 312/312/312
f  307/307/307 566/566/566 523/523/523
f  521/521/521 523/523/523 566/566/566
f  523/523/523 521/521/521 665/665/665
f  669/669/669 665/665/665 521/521/521
f  665/665/665 669/669/669 672/672/672
f  662/662/662 626/626/626 632/632/632
f  626/626/626 662/662/662 650/650/650
f  654/654/654 650/650/650 662/662/662
f  650/650/650 654/654/654 672/672/672
f  679/679/679 672/672/672 654/654/654
f  672/672/672 679/679/679 665/665/665
f  710/710/710 701/701/701 699/699/699
f  701/701/701 710/710/710 711/711/711
f  708/708/708 711/711/711 710/710/710
f  711/711/711 708/708/708 709/709/709
f  704/704/704 709/709/709 708/708/708
f  709/709/709 704/704/704 706/706/706
f  275/275/275 572/572/572 579/579/579
f  572/572/572 275/275/275 560/560/560
f  272/272/272 560/560/560 275/275/275
f  560/560/560 272/272/272 519/519/519
f  259/259/259 519/519/519 272/272/272
f  519/519/519 259/259/259 357/357/357
f  396/396/396 471/471/471 473/473/473
f  471/471/471 396/396/396 431/431/431
f  463/463/463 431/431/431 396/396/396
f  431/431/431 463/463/463 465/465/465
f  235/235/235 465/465/465 463/463/463
f  465/465/465 235/235/235 314/314/314
f  560/560/560 562/562/562 572/572/572
f  562/562/562 560/560/560 517/517/517
f  519/519/519 517/517/517 560/560/560
f  517/517/517 519/519/519 658/658/658
f  357/357/357 658/658/658 519/519/519
f  658/658/658 357/357/357 360/360/360
f  199/199/199 789/789/789 778/778/778
f  789/789/789 199/199/199 208/208/208
f  765/765/765 208/208/208 199/199/199
f  208/208/208 765/765/765 783/783/783
f  202/202/202 783/783/783 765/765/765
f  783/783/783 202/202/202 776/776/776
f  204/204/204 577/577/577 176/176/176
f  577/577/577 204/204/204 569/569/569
f  207/207/207 569/569/569 204/204/204
f  569/569/569 207/207/207 571/571/571
f  183/183/183 571/571/571 207/207/207
f  571/571/571 183/183/183 222/222/222
f  783/783/783 763/763/763 208/208/208
f  763/763/763 783/783/783 775/775/775
f  788/788/788 775/775/775 783/783/783
f  775/775/775 788/788/788 785/785/785
f  776/776/776 785/785/785 788/788/788
f  785/785/785 776/776/776 196/196/196
f  584/584/584 598/598/598 601/601/601
f  598/598/598 584/584/584 582/582/582
f  588/588/588 582/582/582 584/584/584
f  582/582/582 588/588/588 586/586/586
f  594/594/594 586/586/586 588/588/588
f  586/586/586 594/594/594 591/591/591
f  755/755/755 733/733/733 724/724/724
f  733/733/733 755/755/755 727/727/727
f  752/752/752 727/727/727 755/755/755
f  727/727/727 752/752/752 756/756/756
f  735/735/735 756/756/756 752/752/752
f  756/756/756 735/735/735 728/728/728
f  337/337/337 277/277/277 253/253/253
f  277/277/277 337/337/337 327/327/327
f  264/264/264 327/327/327 337/337/337
f  327/327/327 264/264/264 340/340/340
f  289/289/289 340/340/340 264/264/264
f  340/340/340 289/289/289 270/270/270
f  606/606/606 620/620/620 624/624/624
f  620/620/620 606/606/606 604/604/604
f  610/610/610 604/604/604 606/606/606
f  604/604/604 610/610/610 608/608/608
f  616/616/616 608/608/608 610/610/610
f  608/608/608 616/616/616 613/613/613
f  607/607/607 643/643/643 515/515/515
f  643/643/643 607/607/607 639/639/639
f  605/605/605 639/639/639 607/607/607
f  639/639/639 605/605/605 696/696/696
f  603/603/603 696/696/696 605/605/605
f  696/696/696 603/603/603 596/596/596
f  631/631/631 649/649/649 652/652/652
f  649/649/649 631/631/631 628/628/628
f  637/637/637 628/628/628 631/631/631
f  628/628/628 637/637/637 634/634/634
f  645/645/645 634/634/634 637/637/637
f  634/634/634 645/645/645 641/641/641
f  730/730/730 217/217/217 736/736/736
f  217/217/217 730/730/730 220/220/220
f  740/740/740 220/220/220 730/730/730
f  220/220/220 740/740/740 223/223/223
f  743/743/743 223/223/223 740/740/740
f  223/223/223 743/743/743 746/746/746
f  214/214/214 725/725/725 734/734/734
f  725/725/725 214/214/214 722/722/722
f  211/211/211 722/722/722 214/214/214
f  722/722/722 211/211/211 719/719/719
f  226/226/226 719/719/719 211/211/211
f  719/719/719 226/226/226 716/716/716
f  754/754/754 762/762/762 731/731/731
f  762/762/762 754/754/754 761/761/761
f  760/760/760 761/761/761 754/754/754
f  761/761/761 760/760/760 759/759/759
f  745/745/745 759/759/759 760/760/760
f  759/759/759 745/745/745 742/742/742
f  657/657/657 671/671/671 674/674/674
f  671/671/671 657/657/657 655/655/655
f  661/661/661 655/655/655 657/657/657
f  655/655/655 661/661/661 659/659/659
f  667/667/667 659/659/659 661/661/661
f  659/659/659 667/667/667 664/664/664
f  304/304/304 579/579/579 265/265/265
f  579/579/579 304/304/304 275/275/275
f  278/278/278 275/275/275 304/304/304
f  275/275/275 278/278/278 268/268/268
f  286/286/286 268/268/268 278/278/278
f  531/531/531 564/564/564 540/540/540
f  564/564/564 531/531/531 554/554/554
f  552/552/552 554/554/554 531/531/531
f  554/554/554 552/552/552 543/543/543
f  546/546/546 543/543/543 552/552/552
f  359/359/359 334/334/334 274/274/274
f  334/334/334 359/359/359 356/356/356
f  350/350/350 356/356/356 359/359/359
f  356/356/356 350/350/350 353/353/353
f  309/309/309 353/353/353 350/350/350
f  425/425/425 473/473/473 471/471/471
f  473/473/473 425/425/425 372/372/372
f  443/443/443 372/372/372 425/425/425
f  372/372/372 443/443/443 421/421/421
f  410/410/410 421/421/421 443/443/443
f  333/333/333 336/336/336 330/330/330
f  336/336/336 333/333/333 342/342/342
f  339/339/339 342/342/342 333/333/333
f  342/342/342 339/339/339 349/349/349
f  345/345/345 349/349/349 339/339/339
f  749/749/749 714/714/714 747/747/747
f  714/714/714 749/749/749 718/718/718
f  750/750/750 718/718/718 749/749/749
f  718/718/718 750/750/750 721/721/721
f  724/724/724 721/721/721 750/750/750
f  787/787/787 181/181/181 773/773/773
f  181/181/181 787/787/787 187/187/187
f  774/774/774 187/187/187 787/787/787
f  187/187/187 774/774/774 190/190/190
f  787/787/787 174/174/174 774/774/774
f  174/174/174 787/787/787 178/178/178
f  773/773/773 178/178/178 787/787/787
f  178/178/178 773/773/773 796/796/796
f  198/198/198 571/571/571 201/201/201
f  571/571/571 198/198/198 569/569/569
f  172/172/172 569/569/569 198/198/198
f  569/569/569 172/172/172 577/577/577
f  589/589/589 535/535/535 592/592/592
f  535/535/535 589/589/589 614/614/614
f  587/587/587 614/614/614 589/589/589
f  614/614/614 587/587/587 583/583/583
f  580/580/580 219/219/219 195/195/195
f  219/219/219 580/580/580 575/575/575
f  213/213/213 575/575/575 580/580/580
f  575/575/575 213/213/213 210/210/210
f  583/583/583 692/692/692 690/690/690
f  692/692/692 583/583/583 694/694/694
f  587/587/587 694/694/694 583/583/583
f  694/694/694 587/587/587 589/589/589
f  253/253/253 239/239/239 246/246/246
f  239/239/239 253/253/253 274/274/274
f  277/277/277 274/274/274 253/253/253
f  274/274/274 277/277/277 261/261/261
f  751/751/751 724/724/724 750/750/750
f  724/724/724 751/751/751 755/755/755
f  723/723/723 755/755/755 751/751/751
f  755/755/755 723/723/723 732/732/732
f  313/313/313 353/353/353 229/229/229
f  353/353/353 313/313/313 317/317/317
f  234/234/234 317/317/317 313/313/313
f  317/317/317 234/234/234 242/242/242
f  570/570/570 543/543/543 549/549/549
f  543/543/543 570/570/570 554/554/554
f  556/556/556 554/554/554 570/570/570
f  554/554/554 556/556/556 564/564/564
f  578/578/578 195/195/195 177/177/177
f  195/195/195 578/578/578 580/580/580
f  192/192/192 580/580/580 578/578/578
f  580/580/580 192/192/192 213/213/213
f  429/429/429 381/381/381 457/457/457
f  381/381/381 429/429/429 417/417/417
f  440/440/440 417/417/417 429/429/429
f  417/417/417 440/440/440 427/427/427
f  350/350/350 302/302/302 309/309/309
f  302/302/302 350/350/350 346/346/346
f  299/299/299 346/346/346 350/350/350
f  346/346/346 299/299/299 292/292/292
f  760/760/760 747/747/747 712/712/712
f  747/747/747 760/760/760 749/749/749
f  717/717/717 749/749/749 760/760/760
f  749/749/749 717/717/717 720/720/720
f  694/694/694 621/621/621 692/692/692
f  621/621/621 694/694/694 629/629/629
f  589/589/589 629/629/629 694/694/694
f  791/791/791 778/778/778 789/789/789
f  778/778/778 791/791/791 782/782/782
f  766/766/766 782/782/782 791/791/791
f  197/197/197 191/191/191 171/171/171
f  191/191/191 197/197/197 212/212/212
f  200/200/200 212/212/212 197/197/197
f  178/178/178 715/715/715 174/174/174
f  715/715/715 178/178/178 748/748/748
f  713/713/713 748/748/748 178/178/178
f  187/187/187 184/184/184 181/181/181
f  184/184/184 187/187/187 784/784/784
f  190/190/190 784/784/784 187/187/187
f  752/752/752 726/726/726 735/735/735
f  726/726/726 752/752/752 732/732/732
f  755/755/755 732/732/732 752/752/752
f  541/541/541 535/535/535 532/532/532
f  535/535/535 541/541/541 592/592/592
f  510/510/510 592/592/592 541/541/541
f  552/552/552 527/527/527 546/546/546
f  527/527/527 552/552/552 536/536/536
f  531/531/531 536/536/536 552/552/552
f  647/647/647 622/622/622 630/630/630
f  622/622/622 647/647/647 638/638/638
f  635/635/635 638/638/638 647/647/647
f  753/753/753 738/738/738 757/757/757
f  738/738/738 753/753/753 728/728/728
f  756/756/756 728/728/728 753/753/753
f  573/573/573 225/225/225 189/189/189
f  225/225/225 573/573/573 186/186/186
f  210/210/210 186/186/186 573/573/573
f  759/759/759 762/762/762 761/761/761
f  762/762/762 759/759/759 744/744/744
f  741/741/741 744/744/744 759/759/759
f  629/629/629 633/633/633 627/627/627
f  633/633/633 629/629/629 592/592/592
f  589/589/589 592/592/592 629/629/629
f  758/758/758 742/742/742 739/739/739
f  742/742/742 758/758/758 759/759/759
f  741/741/741 759/759/759 758/758/758
f  320/320/320 257/257/257 324/324/324
f  257/257/257 320/320/320 249/249/249
f  242/242/242 249/249/249 320/320/320
f  476/476/476 470/470/470 474/474/474
f  470/470/470 476/476/476 472/472/472
f  468/468/468 462/462/462 464/464/464
f  462/462/462 468/468/468 466/466/466
f  368/368/368 291/291/291 284/284/284
f  291/291/291 368/368/368 374/374/374
f  395/395/395 266/266/266 316/316/316
f  266/266/266 395/395/395 352/352/352
f  323/323/323 398/398/398 402/402/402
f  398/398/398 323/323/323 319/319/319
f  374/374/374 298/298/298 291/291/291
f  298/298/298 374/374/374 380/380/380
f  347/347/347 251/251/251 254/254/254
f  251/251/251 347/347/347 344/344/344
f  344/344/344 244/244/244 251/251/251
f  244/244/244 344/344/344 338/338/338
f  488/488/488 478/478/478 485/485/485
f  478/478/478 488/488/488 481/481/481
f  498/498/498 492/492/492 496/496/496
f  492/492/492 498/498/498 494/494/494
f  216/216/216 573/573/573 189/189/189
f  573/573/573 216/216/216 219/219/219
f  575/575/575 573/573/573 219/219/219
f  573/573/573 575/575/575 210/210/210
f  511/511/511 500/500/500 507/507/507
f  500/500/500 511/511/511 503/503/503
f  522/522/522 516/516/516 518/518/518
f  516/516/516 522/522/522 520/520/520
f  537/537/537 524/524/524 528/528/528
f  524/524/524 537/537/537 533/533/533
f  420/420/420 412/412/412 418/418/418
f  412/412/412 420/420/420 415/415/415
f  793/793/793 792/792/792 794/794/794
f  792/792/792 793/793/793 772/772/772
f  230/230/230 465/465/465 314/314/314
f  465/465/465 230/230/230 461/461/461
f  193/193/193 794/794/794 786/786/786
f  794/794/794 193/193/193 793/793/793
f  790/790/790 781/781/781 770/770/770
f  781/781/781 790/790/790 785/785/785
f  403/403/403 423/423/423 433/433/433
f  423/423/423 403/403/403 484/484/484
f  447/447/447 387/387/387 413/413/413
f  387/387/387 447/447/447 454/454/454
f  454/454/454 457/457/457 387/387/387
f  457/457/457 454/454/454 429/429/429
f  205/205/205 784/784/784 764/764/764
f  784/784/784 205/205/205 184/184/184
f  427/427/427 375/375/375 417/417/417
f  375/375/375 427/427/427 399/399/399
f  768/768/768 785/785/785 196/196/196
f  785/785/785 768/768/768 781/781/781
f  428/428/428 442/442/442 445/445/445
f  442/442/442 428/428/428 426/426/426
f  439/439/439 428/428/428 446/446/446
f  428/428/428 439/439/439 432/432/432
f  464/464/464 456/456/456 459/459/459
f  456/456/456 464/464/464 462/462/462
f  452/452/452 466/466/466 468/468/468
f  466/466/466 452/452/452 449/449/449
f  464/464/464 453/453/453 468/468/468
f  453/453/453 464/464/464 460/460/460
f  482/482/482 474/474/474 479/479/479
f  474/474/474 482/482/482 476/476/476
f  472/472/472 486/486/486 470/470/470
f  486/486/486 472/472/472 489/489/489
f  328/328/328 237/237/237 332/332/332
f  237/237/237 328/328/328 231/231/231
f  338/338/338 237/237/237 244/244/244
f  237/237/237 338/338/338 332/332/332
f  380/380/380 319/319/319 298/298/298
f  319/319/319 380/380/380 398/398/398
f  687/687/687 677/677/677 680/680/680
f  677/677/677 687/687/687 684/684/684
f  705/705/705 698/698/698 700/700/700
f  698/698/698 705/705/705 703/703/703
f  595/595/595 584/584/584 602/602/602
f  584/584/584 595/595/595 588/588/588
f  617/617/617 606/606/606 625/625/625
f  606/606/606 617/617/617 610/610/610
f  646/646/646 631/631/631 653/653/653
f  631/631/631 646/646/646 637/637/637
f  668/668/668 657/657/657 675/675/675
f  657/657/657 668/668/668 661/661/661
f  693/693/693 682/682/682 697/697/697
f  682/682/682 693/693/693 689/689/689
f  702/702/702 709/709/709 707/707/707
f  709/709/709 702/702/702 711/711/711
f  585/585/585 690/690/690 581/581/581
f  690/690/690 585/585/585 583/583/583
f  296/296/296 499/499/499 502/502/502
f  499/499/499 296/296/296 271/271/271
f  581/581/581 609/609/609 585/585/585
f  609/609/609 581/581/581 599/599/599
f  250/250/250 493/493/493 495/495/495
f  493/493/493 250/250/250 243/243/243
f  360/360/360 363/363/363 385/385/385
f  363/363/363 360/360/360 354/354/354
f  568/568/568 549/549/549 514/514/514
f  549/549/549 568/568/568 570/570/570
f  574/574/574 312/312/312 576/576/576
f  312/312/312 574/574/574 566/566/566
f  359/359/359 261/261/261 285/285/285
f  261/261/261 359/359/359 274/274/274
f  306/306/306 285/285/285 267/267/267
f  285/285/285 306/306/306 359/359/359
f  273/273/273 358/358/358 260/260/260
f  358/358/358 273/273/273 276/276/276
f  717/717/717 723/723/723 720/720/720
f  723/723/723 717/717/717 731/731/731
f  720/720/720 750/750/750 749/749/749
f  750/750/750 720/720/720 723/723/723
f  270/270/270 331/331/331 340/340/340
f  331/331/331 270/270/270 295/295/295
f  506/506/506 243/243/243 236/236/236
f  243/243/243 506/506/506 493/493/493
f  303/303/303 502/502/502 310/310/310
f  502/502/502 303/303/303 296/296/296
f  258/258/258 495/495/495 282/282/282
f  495/495/495 258/258/258 250/250/250
f  497/497/497 271/271/271 288/288/288
f  271/271/271 497/497/497 499/499/499
f  306/306/306 350/350/350 359/359/359
f  350/350/350 306/306/306 299/299/299
f  299/299/299 267/267/267 292/292/292
f  267/267/267 299/299/299 306/306/306
f  550/550/550 607/607/607 515/515/515
f  607/607/607 550/550/550 547/547/547
f  408/408/408 422/422/422 405/405/405
f  422/422/422 408/408/408 424/424/424
f  420/420/420 409/409/409 416/416/416
f  409/409/409 420/420/420 424/424/424
f  438/438/438 430/430/430 432/432/432
f  430/430/430 438/438/438 435/435/435
f  209/209/209 200/200/200 179/179/179
f  200/200/200 209/209/209 212/212/212
f  185/185/185 179/179/179 224/224/224
f  179/179/179 185/185/185 209/209/209
f  180/180/180 571/571/571 222/222/222
f  571/571/571 180/180/180 201/201/201
f  600/600/600 590/590/590 593/593/593
f  590/590/590 600/600/600 597/597/597
f  623/623/623 612/612/612 615/615/615
f  612/612/612 623/623/623 619/619/619
f  505/505/505 494/494/494 498/498/498
f  494/494/494 505/505/505 513/513/513
f  494/494/494 508/508/508 492/492/492
f  508/508/508 494/494/494 512/512/512
f  504/504/504 496/496/496 501/501/501
f  496/496/496 504/504/504 498/498/498
f  483/483/483 472/472/472 476/476/476
f  472/472/472 483/483/483 490/490/490
f  305/305/305 352/352/352 386/386/386
f  352/352/352 305/305/305 266/266/266
f  364/364/364 284/284/284 279/279/279
f  284/284/284 364/364/364 368/368/368
f  280/280/280 386/386/386 365/365/365
f  386/386/386 280/280/280 305/305/305
f  530/530/530 518/518/518 539/539/539
f  518/518/518 530/530/530 522/522/522
f  518/518/518 534/534/534 538/538/538
f  534/534/534 518/518/518 516/516/516
f  529/529/529 520/520/520 522/522/522
f  520/520/520 529/529/529 525/525/525
f  458/458/458 448/448/448 451/451/451
f  448/448/448 458/458/458 455/455/455
f  444/444/444 434/434/434 437/437/437
f  434/434/434 444/444/444 441/441/441
f  651/651/651 640/640/640 644/644/644
f  640/640/640 651/651/651 648/648/648
f  432/432/432 426/426/426 428/428/428
f  426/426/426 432/432/432 430/430/430
f  424/424/424 418/418/418 422/422/422
f  418/418/418 424/424/424 420/420/420
f  414/414/414 404/404/404 411/411/411
f  404/404/404 414/414/414 407/407/407
f  329/329/329 316/316/316 232/232/232
f  316/316/316 329/329/329 395/395/395
f  673/673/673 663/663/663 666/666/666
f  663/663/663 673/673/673 670/670/670
f  353/353/353 334/334/334 356/356/356
f  633/633/633 592/592/592 510/510/510
f  639/639/639 636/636/636 643/643/643
f  751/751/751 750/750/750 723/723/723
f  783/783/783 776/776/776 788/788/788
f  547/547/547 550/550/550 544/544/544
f  242/242/242 320/320/320 317/317/317
f  281/281/281 264/264/264 337/337/337
f  295/295/295 343/343/343 331/331/331
f  321/321/321 400/400/400 382/382/382
f  526/526/526 535/535/535 614/614/614
f  192/192/192 578/578/578 173/173/173
f  599/599/599 596/596/596 609/609/609
f  713/713/713 178/178/178 796/796/796

g
